stem,image_path,has_disease,severity_high
83268_20210624_3_0_0_1_2_13_0_181,/content/drive/MyDrive/CD2_DSA/raw/val/images/83268_20210624_3_0_0_1_2_13_0_181.jpg,0,0
308184_20210914_3_0_0_3_2_11_0_84,/content/drive/MyDrive/CD2_DSA/raw/val/images/308184_20210914_3_0_0_3_2_11_0_84.jpg,0,0
12110_20210624_3_0_0_1_2_13_0_155,/content/drive/MyDrive/CD2_DSA/raw/val/images/12110_20210624_3_0_0_1_2_13_0_155.jpg,0,0
16515_20210706_3_1_a9_3_2_13_3_30,/content/drive/MyDrive/CD2_DSA/raw/val/images/16515_20210706_3_1_a9_3_2_13_3_30.jpg,1,1
6789_20210624_3_0_0_1_2_13_0_14,/content/drive/MyDrive/CD2_DSA/raw/val/images/6789_20210624_3_0_0_1_2_13_0_14.jpg,0,0
49026_20210624_3_0_0_1_2_13_0_100,/content/drive/MyDrive/CD2_DSA/raw/val/images/49026_20210624_3_0_0_1_2_13_0_100.jpg,0,0
304282_20210913_3_0_0_3_2_11_0_519,/content/drive/MyDrive/CD2_DSA/raw/val/images/304282_20210913_3_0_0_3_2_11_0_519.jpg,0,0
25364_20210624_3_0_0_5_2_13_0_89,/content/drive/MyDrive/CD2_DSA/raw/val/images/25364_20210624_3_0_0_5_2_13_0_89.jpg,0,0
307569_20210914_3_0_0_3_2_11_0_169,/content/drive/MyDrive/CD2_DSA/raw/val/images/307569_20210914_3_0_0_3_2_11_0_169.jpg,0,0
67589_20210624_3_0_0_1_2_13_0_160,/content/drive/MyDrive/CD2_DSA/raw/val/images/67589_20210624_3_0_0_1_2_13_0_160.jpg,0,0
307872_20210914_3_0_0_5_2_11_0_69,/content/drive/MyDrive/CD2_DSA/raw/val/images/307872_20210914_3_0_0_5_2_11_0_69.jpg,0,0
16731_20210706_3_1_a9_3_2_13_2_582,/content/drive/MyDrive/CD2_DSA/raw/val/images/16731_20210706_3_1_a9_3_2_13_2_582.jpg,1,1
6885_20210624_3_0_0_1_2_13_0_110,/content/drive/MyDrive/CD2_DSA/raw/val/images/6885_20210624_3_0_0_1_2_13_0_110.jpg,0,0
2556_20210624_3_0_0_3_2_13_0_142,/content/drive/MyDrive/CD2_DSA/raw/val/images/2556_20210624_3_0_0_3_2_13_0_142.jpg,0,0
3205_20210629_3_1_a9_3_2_13_1_60,/content/drive/MyDrive/CD2_DSA/raw/val/images/3205_20210629_3_1_a9_3_2_13_1_60.jpg,1,1
65881_20210624_3_0_0_4_2_13_0_12,/content/drive/MyDrive/CD2_DSA/raw/val/images/65881_20210624_3_0_0_4_2_13_0_12.jpg,0,0
10468_20210624_3_0_0_1_2_13_0_17,/content/drive/MyDrive/CD2_DSA/raw/val/images/10468_20210624_3_0_0_1_2_13_0_17.jpg,0,0
6767_20210622_3_1_a9_3_2_13_1_163,/content/drive/MyDrive/CD2_DSA/raw/val/images/6767_20210622_3_1_a9_3_2_13_1_163.jpg,1,1
304139_20210913_3_0_0_3_2_11_0_376,/content/drive/MyDrive/CD2_DSA/raw/val/images/304139_20210913_3_0_0_3_2_11_0_376.jpg,0,0
762_20210622_3_1_a9_3_2_13_1_127,/content/drive/MyDrive/CD2_DSA/raw/val/images/762_20210622_3_1_a9_3_2_13_1_127.jpg,1,1
65890_20210624_3_0_0_4_2_13_0_21,/content/drive/MyDrive/CD2_DSA/raw/val/images/65890_20210624_3_0_0_4_2_13_0_21.jpg,0,0
304249_20210913_3_0_0_3_2_11_0_486,/content/drive/MyDrive/CD2_DSA/raw/val/images/304249_20210913_3_0_0_3_2_11_0_486.jpg,0,0
965_20210624_3_0_0_1_2_13_0_20,/content/drive/MyDrive/CD2_DSA/raw/val/images/965_20210624_3_0_0_1_2_13_0_20.jpg,0,0
16536_20210706_3_1_a9_3_2_13_3_51,/content/drive/MyDrive/CD2_DSA/raw/val/images/16536_20210706_3_1_a9_3_2_13_3_51.jpg,1,0
1642_20210622_3_1_a9_3_2_13_2_214,/content/drive/MyDrive/CD2_DSA/raw/val/images/1642_20210622_3_1_a9_3_2_13_2_214.jpg,1,1
125650_20210624_3_0_0_2_2_13_0_54,/content/drive/MyDrive/CD2_DSA/raw/val/images/125650_20210624_3_0_0_2_2_13_0_54.jpg,0,0
108036_20210624_3_0_0_2_2_13_0_24,/content/drive/MyDrive/CD2_DSA/raw/val/images/108036_20210624_3_0_0_2_2_13_0_24.jpg,0,0
308665_20210914_3_0_0_5_2_11_0_142,/content/drive/MyDrive/CD2_DSA/raw/val/images/308665_20210914_3_0_0_5_2_11_0_142.jpg,0,0
16677_20210706_3_1_a9_3_2_13_2_528,/content/drive/MyDrive/CD2_DSA/raw/val/images/16677_20210706_3_1_a9_3_2_13_2_528.jpg,1,0
15831_20210622_3_1_a9_3_2_13_2_72,/content/drive/MyDrive/CD2_DSA/raw/val/images/15831_20210622_3_1_a9_3_2_13_2_72.jpg,1,0
126073_20210624_3_0_0_5_2_13_0_8,/content/drive/MyDrive/CD2_DSA/raw/val/images/126073_20210624_3_0_0_5_2_13_0_8.jpg,0,0
125075_20210624_3_0_0_1_2_13_0_106,/content/drive/MyDrive/CD2_DSA/raw/val/images/125075_20210624_3_0_0_1_2_13_0_106.jpg,0,0
32297_20210624_3_0_0_4_2_13_0_0,/content/drive/MyDrive/CD2_DSA/raw/val/images/32297_20210624_3_0_0_4_2_13_0_0.jpg,0,0
6296_20210622_3_1_a9_3_2_13_1_95,/content/drive/MyDrive/CD2_DSA/raw/val/images/6296_20210622_3_1_a9_3_2_13_1_95.jpg,1,0
312196_20210914_3_0_0_3_2_11_0_319,/content/drive/MyDrive/CD2_DSA/raw/val/images/312196_20210914_3_0_0_3_2_11_0_319.jpg,0,0
308796_20210914_3_0_0_5_2_11_0_272,/content/drive/MyDrive/CD2_DSA/raw/val/images/308796_20210914_3_0_0_5_2_11_0_272.jpg,0,0
312034_20210914_3_0_0_3_2_11_0_157,/content/drive/MyDrive/CD2_DSA/raw/val/images/312034_20210914_3_0_0_3_2_11_0_157.jpg,0,0
307562_20210914_3_0_0_3_2_11_0_162,/content/drive/MyDrive/CD2_DSA/raw/val/images/307562_20210914_3_0_0_3_2_11_0_162.jpg,0,0
308432_20210914_3_0_0_3_2_11_0_332,/content/drive/MyDrive/CD2_DSA/raw/val/images/308432_20210914_3_0_0_3_2_11_0_332.jpg,0,0
16661_20210706_3_1_a9_3_2_13_2_512,/content/drive/MyDrive/CD2_DSA/raw/val/images/16661_20210706_3_1_a9_3_2_13_2_512.jpg,1,1
1579_20210622_3_1_a9_3_2_13_2_151,/content/drive/MyDrive/CD2_DSA/raw/val/images/1579_20210622_3_1_a9_3_2_13_2_151.jpg,1,0
24971_20210624_3_0_0_5_2_13_0_23,/content/drive/MyDrive/CD2_DSA/raw/val/images/24971_20210624_3_0_0_5_2_13_0_23.jpg,0,0
34059_20210624_3_0_0_3_2_13_0_7,/content/drive/MyDrive/CD2_DSA/raw/val/images/34059_20210624_3_0_0_3_2_13_0_7.jpg,0,0
1602_20210622_3_1_a9_3_2_13_2_174,/content/drive/MyDrive/CD2_DSA/raw/val/images/1602_20210622_3_1_a9_3_2_13_2_174.jpg,1,1
668_20210622_3_1_a9_3_2_13_1_33,/content/drive/MyDrive/CD2_DSA/raw/val/images/668_20210622_3_1_a9_3_2_13_1_33.jpg,1,1
1131_20210624_3_0_0_1_2_13_0_186,/content/drive/MyDrive/CD2_DSA/raw/val/images/1131_20210624_3_0_0_1_2_13_0_186.jpg,0,0
307479_20210914_3_0_0_3_2_11_0_79,/content/drive/MyDrive/CD2_DSA/raw/val/images/307479_20210914_3_0_0_3_2_11_0_79.jpg,0,0
66272_20210624_3_0_0_4_2_13_0_173,/content/drive/MyDrive/CD2_DSA/raw/val/images/66272_20210624_3_0_0_4_2_13_0_173.jpg,0,0
4313_20210622_3_1_a9_3_2_13_2_44,/content/drive/MyDrive/CD2_DSA/raw/val/images/4313_20210622_3_1_a9_3_2_13_2_44.jpg,1,1
16434_20210706_3_1_a9_3_2_13_2_350,/content/drive/MyDrive/CD2_DSA/raw/val/images/16434_20210706_3_1_a9_3_2_13_2_350.jpg,1,1
16981_20210622_3_1_a9_3_2_13_1_102,/content/drive/MyDrive/CD2_DSA/raw/val/images/16981_20210622_3_1_a9_3_2_13_1_102.jpg,1,1
16636_20210706_3_1_a9_3_2_13_2_487,/content/drive/MyDrive/CD2_DSA/raw/val/images/16636_20210706_3_1_a9_3_2_13_2_487.jpg,1,1
6613_20210622_3_1_a9_3_2_13_1_141,/content/drive/MyDrive/CD2_DSA/raw/val/images/6613_20210622_3_1_a9_3_2_13_1_141.jpg,1,1
16501_20210706_3_1_a9_3_2_13_3_16,/content/drive/MyDrive/CD2_DSA/raw/val/images/16501_20210706_3_1_a9_3_2_13_3_16.jpg,1,1
17023_20210622_3_1_a9_3_2_13_1_144,/content/drive/MyDrive/CD2_DSA/raw/val/images/17023_20210622_3_1_a9_3_2_13_1_144.jpg,1,1
16332_20210706_3_1_a9_3_2_13_2_262,/content/drive/MyDrive/CD2_DSA/raw/val/images/16332_20210706_3_1_a9_3_2_13_2_262.jpg,1,1
10519_20210624_3_0_0_3_2_13_0_25,/content/drive/MyDrive/CD2_DSA/raw/val/images/10519_20210624_3_0_0_3_2_13_0_25.jpg,0,0
15136_20210622_3_1_a9_3_2_13_3_47,/content/drive/MyDrive/CD2_DSA/raw/val/images/15136_20210622_3_1_a9_3_2_13_3_47.jpg,1,0
16240_20210706_3_1_a9_3_2_13_2_170,/content/drive/MyDrive/CD2_DSA/raw/val/images/16240_20210706_3_1_a9_3_2_13_2_170.jpg,1,1
108269_20210624_3_0_0_2_2_13_0_142,/content/drive/MyDrive/CD2_DSA/raw/val/images/108269_20210624_3_0_0_2_2_13_0_142.jpg,0,0
25688_20210624_3_0_0_5_2_13_0_112,/content/drive/MyDrive/CD2_DSA/raw/val/images/25688_20210624_3_0_0_5_2_13_0_112.jpg,0,0
308810_20210914_3_0_0_5_2_11_0_286,/content/drive/MyDrive/CD2_DSA/raw/val/images/308810_20210914_3_0_0_5_2_11_0_286.jpg,0,0
307429_20210914_3_0_0_3_2_11_0_29,/content/drive/MyDrive/CD2_DSA/raw/val/images/307429_20210914_3_0_0_3_2_11_0_29.jpg,0,0
3761_20210622_3_1_a9_3_2_13_3_39,/content/drive/MyDrive/CD2_DSA/raw/val/images/3761_20210622_3_1_a9_3_2_13_3_39.jpg,1,1
125670_20210624_3_0_0_2_2_13_0_74,/content/drive/MyDrive/CD2_DSA/raw/val/images/125670_20210624_3_0_0_2_2_13_0_74.jpg,0,0
95884_20210624_3_0_0_3_2_13_0_28,/content/drive/MyDrive/CD2_DSA/raw/val/images/95884_20210624_3_0_0_3_2_13_0_28.jpg,0,0
307433_20210914_3_0_0_3_2_11_0_33,/content/drive/MyDrive/CD2_DSA/raw/val/images/307433_20210914_3_0_0_3_2_11_0_33.jpg,0,0
312136_20210914_3_0_0_3_2_11_0_259,/content/drive/MyDrive/CD2_DSA/raw/val/images/312136_20210914_3_0_0_3_2_11_0_259.jpg,0,0
124670_20210624_3_0_0_1_2_13_0_21,/content/drive/MyDrive/CD2_DSA/raw/val/images/124670_20210624_3_0_0_1_2_13_0_21.jpg,0,0
14615_20210624_3_0_0_3_2_13_0_127,/content/drive/MyDrive/CD2_DSA/raw/val/images/14615_20210624_3_0_0_3_2_13_0_127.jpg,0,0
307731_20210914_3_0_0_3_2_11_0_331,/content/drive/MyDrive/CD2_DSA/raw/val/images/307731_20210914_3_0_0_3_2_11_0_331.jpg,0,0
16008_20210706_3_1_a9_3_2_13_2_18,/content/drive/MyDrive/CD2_DSA/raw/val/images/16008_20210706_3_1_a9_3_2_13_2_18.jpg,1,1
10524_20210624_3_0_0_3_2_13_0_30,/content/drive/MyDrive/CD2_DSA/raw/val/images/10524_20210624_3_0_0_3_2_13_0_30.jpg,0,0
1056_20210624_3_0_0_1_2_13_0_111,/content/drive/MyDrive/CD2_DSA/raw/val/images/1056_20210624_3_0_0_1_2_13_0_111.jpg,0,0
82885_20210624_3_0_0_1_2_13_0_56,/content/drive/MyDrive/CD2_DSA/raw/val/images/82885_20210624_3_0_0_1_2_13_0_56.jpg,0,0
25692_20210624_3_0_0_5_2_13_0_116,/content/drive/MyDrive/CD2_DSA/raw/val/images/25692_20210624_3_0_0_5_2_13_0_116.jpg,0,0
3427_20210629_3_1_a9_3_2_13_1_182,/content/drive/MyDrive/CD2_DSA/raw/val/images/3427_20210629_3_1_a9_3_2_13_1_182.jpg,1,1
67544_20210624_3_0_0_1_2_13_0_145,/content/drive/MyDrive/CD2_DSA/raw/val/images/67544_20210624_3_0_0_1_2_13_0_145.jpg,0,0
67433_20210624_3_0_0_1_2_13_0_34,/content/drive/MyDrive/CD2_DSA/raw/val/images/67433_20210624_3_0_0_1_2_13_0_34.jpg,0,0
125125_20210624_3_0_0_1_2_13_0_156,/content/drive/MyDrive/CD2_DSA/raw/val/images/125125_20210624_3_0_0_1_2_13_0_156.jpg,0,0
170853_20210624_3_0_0_5_2_13_0_47,/content/drive/MyDrive/CD2_DSA/raw/val/images/170853_20210624_3_0_0_5_2_13_0_47.jpg,0,0
3763_20210622_3_1_a9_3_2_13_3_41,/content/drive/MyDrive/CD2_DSA/raw/val/images/3763_20210622_3_1_a9_3_2_13_3_41.jpg,1,0
312165_20210914_3_0_0_3_2_11_0_288,/content/drive/MyDrive/CD2_DSA/raw/val/images/312165_20210914_3_0_0_3_2_11_0_288.jpg,0,0
680_20210622_3_1_a9_3_2_13_1_45,/content/drive/MyDrive/CD2_DSA/raw/val/images/680_20210622_3_1_a9_3_2_13_1_45.jpg,1,0
68504_20210624_3_0_0_2_2_13_0_14,/content/drive/MyDrive/CD2_DSA/raw/val/images/68504_20210624_3_0_0_2_2_13_0_14.jpg,0,0
304195_20210913_3_0_0_3_2_11_0_432,/content/drive/MyDrive/CD2_DSA/raw/val/images/304195_20210913_3_0_0_3_2_11_0_432.jpg,0,0
9199_20210624_3_0_0_2_2_13_0_193,/content/drive/MyDrive/CD2_DSA/raw/val/images/9199_20210624_3_0_0_2_2_13_0_193.jpg,0,0
12731_20210624_3_0_0_1_2_13_0_168,/content/drive/MyDrive/CD2_DSA/raw/val/images/12731_20210624_3_0_0_1_2_13_0_168.jpg,0,0
3728_20210622_3_1_a9_3_2_13_3_6,/content/drive/MyDrive/CD2_DSA/raw/val/images/3728_20210622_3_1_a9_3_2_13_3_6.jpg,1,1
308523_20210914_3_0_0_3_2_11_0_423,/content/drive/MyDrive/CD2_DSA/raw/val/images/308523_20210914_3_0_0_3_2_11_0_423.jpg,0,0
304070_20210913_3_0_0_3_2_11_0_307,/content/drive/MyDrive/CD2_DSA/raw/val/images/304070_20210913_3_0_0_3_2_11_0_307.jpg,0,0
95512_20210624_3_0_0_1_2_13_0_178,/content/drive/MyDrive/CD2_DSA/raw/val/images/95512_20210624_3_0_0_1_2_13_0_178.jpg,0,0
744_20210622_3_1_a9_3_2_13_1_109,/content/drive/MyDrive/CD2_DSA/raw/val/images/744_20210622_3_1_a9_3_2_13_1_109.jpg,1,1
95460_20210624_3_0_0_1_2_13_0_126,/content/drive/MyDrive/CD2_DSA/raw/val/images/95460_20210624_3_0_0_1_2_13_0_126.jpg,0,0
307454_20210914_3_0_0_3_2_11_0_54,/content/drive/MyDrive/CD2_DSA/raw/val/images/307454_20210914_3_0_0_3_2_11_0_54.jpg,0,0
304045_20210913_3_0_0_3_2_11_0_282,/content/drive/MyDrive/CD2_DSA/raw/val/images/304045_20210913_3_0_0_3_2_11_0_282.jpg,0,0
307483_20210914_3_0_0_3_2_11_0_83,/content/drive/MyDrive/CD2_DSA/raw/val/images/307483_20210914_3_0_0_3_2_11_0_83.jpg,0,0
49053_20210624_3_0_0_1_2_13_0_127,/content/drive/MyDrive/CD2_DSA/raw/val/images/49053_20210624_3_0_0_1_2_13_0_127.jpg,0,0
1128_20210624_3_0_0_1_2_13_0_183,/content/drive/MyDrive/CD2_DSA/raw/val/images/1128_20210624_3_0_0_1_2_13_0_183.jpg,0,0
16304_20210706_3_1_a9_3_2_13_2_234,/content/drive/MyDrive/CD2_DSA/raw/val/images/16304_20210706_3_1_a9_3_2_13_2_234.jpg,1,0
15806_20210622_3_1_a9_3_2_13_2_47,/content/drive/MyDrive/CD2_DSA/raw/val/images/15806_20210622_3_1_a9_3_2_13_2_47.jpg,1,1
49866_20210624_3_0_0_3_2_13_0_4,/content/drive/MyDrive/CD2_DSA/raw/val/images/49866_20210624_3_0_0_3_2_13_0_4.jpg,0,0
307756_20210914_3_0_0_3_2_11_0_356,/content/drive/MyDrive/CD2_DSA/raw/val/images/307756_20210914_3_0_0_3_2_11_0_356.jpg,0,0
83205_20210624_3_0_0_1_2_13_0_118,/content/drive/MyDrive/CD2_DSA/raw/val/images/83205_20210624_3_0_0_1_2_13_0_118.jpg,0,0
106225_20210624_3_0_0_1_2_13_0_22,/content/drive/MyDrive/CD2_DSA/raw/val/images/106225_20210624_3_0_0_1_2_13_0_22.jpg,0,0
83323_20210624_3_0_0_1_2_13_0_206,/content/drive/MyDrive/CD2_DSA/raw/val/images/83323_20210624_3_0_0_1_2_13_0_206.jpg,0,0
979_20210624_3_0_0_1_2_13_0_34,/content/drive/MyDrive/CD2_DSA/raw/val/images/979_20210624_3_0_0_1_2_13_0_34.jpg,0,0
126072_20210624_3_0_0_5_2_13_0_7,/content/drive/MyDrive/CD2_DSA/raw/val/images/126072_20210624_3_0_0_5_2_13_0_7.jpg,0,0
15141_20210622_3_1_a9_3_2_13_3_52,/content/drive/MyDrive/CD2_DSA/raw/val/images/15141_20210622_3_1_a9_3_2_13_3_52.jpg,1,0
304051_20210913_3_0_0_3_2_11_0_288,/content/drive/MyDrive/CD2_DSA/raw/val/images/304051_20210913_3_0_0_3_2_11_0_288.jpg,0,0
16804_20210713_3_1_a9_3_2_13_3_66,/content/drive/MyDrive/CD2_DSA/raw/val/images/16804_20210713_3_1_a9_3_2_13_3_66.jpg,1,1
126085_20210624_3_0_0_5_2_13_0_20,/content/drive/MyDrive/CD2_DSA/raw/val/images/126085_20210624_3_0_0_5_2_13_0_20.jpg,0,0
307520_20210914_3_0_0_3_2_11_0_120,/content/drive/MyDrive/CD2_DSA/raw/val/images/307520_20210914_3_0_0_3_2_11_0_120.jpg,0,0
16423_20210706_3_1_a9_3_2_13_2_339,/content/drive/MyDrive/CD2_DSA/raw/val/images/16423_20210706_3_1_a9_3_2_13_2_339.jpg,1,1
307830_20210914_3_0_0_5_2_11_0_27,/content/drive/MyDrive/CD2_DSA/raw/val/images/307830_20210914_3_0_0_5_2_11_0_27.jpg,0,0
1065_20210624_3_0_0_1_2_13_0_120,/content/drive/MyDrive/CD2_DSA/raw/val/images/1065_20210624_3_0_0_1_2_13_0_120.jpg,0,0
86179_20210624_3_0_0_1_2_13_0_38,/content/drive/MyDrive/CD2_DSA/raw/val/images/86179_20210624_3_0_0_1_2_13_0_38.jpg,0,0
16086_20210706_3_1_a9_3_2_13_2_96,/content/drive/MyDrive/CD2_DSA/raw/val/images/16086_20210706_3_1_a9_3_2_13_2_96.jpg,1,1
16301_20210706_3_1_a9_3_2_13_2_231,/content/drive/MyDrive/CD2_DSA/raw/val/images/16301_20210706_3_1_a9_3_2_13_2_231.jpg,1,1
308582_20210914_3_0_0_5_2_11_0_58,/content/drive/MyDrive/CD2_DSA/raw/val/images/308582_20210914_3_0_0_5_2_11_0_58.jpg,0,0
308787_20210914_3_0_0_5_2_11_0_263,/content/drive/MyDrive/CD2_DSA/raw/val/images/308787_20210914_3_0_0_5_2_11_0_263.jpg,0,0
308258_20210914_3_0_0_3_2_11_0_158,/content/drive/MyDrive/CD2_DSA/raw/val/images/308258_20210914_3_0_0_3_2_11_0_158.jpg,0,0
304031_20210913_3_0_0_3_2_11_0_268,/content/drive/MyDrive/CD2_DSA/raw/val/images/304031_20210913_3_0_0_3_2_11_0_268.jpg,0,0
308476_20210914_3_0_0_3_2_11_0_376,/content/drive/MyDrive/CD2_DSA/raw/val/images/308476_20210914_3_0_0_3_2_11_0_376.jpg,0,0
1511_20210622_3_1_a9_3_2_13_2_83,/content/drive/MyDrive/CD2_DSA/raw/val/images/1511_20210622_3_1_a9_3_2_13_2_83.jpg,1,1
86849_20210624_3_0_0_1_2_13_0_174,/content/drive/MyDrive/CD2_DSA/raw/val/images/86849_20210624_3_0_0_1_2_13_0_174.jpg,0,0
16538_20210706_3_1_a9_3_2_13_3_53,/content/drive/MyDrive/CD2_DSA/raw/val/images/16538_20210706_3_1_a9_3_2_13_3_53.jpg,1,1
15618_20210706_3_1_a9_3_2_13_3_49,/content/drive/MyDrive/CD2_DSA/raw/val/images/15618_20210706_3_1_a9_3_2_13_3_49.jpg,1,1
67641_20210624_3_0_0_1_2_13_0_212,/content/drive/MyDrive/CD2_DSA/raw/val/images/67641_20210624_3_0_0_1_2_13_0_212.jpg,0,0
308279_20210914_3_0_0_3_2_11_0_179,/content/drive/MyDrive/CD2_DSA/raw/val/images/308279_20210914_3_0_0_3_2_11_0_179.jpg,0,0
16692_20210706_3_1_a9_3_2_13_2_543,/content/drive/MyDrive/CD2_DSA/raw/val/images/16692_20210706_3_1_a9_3_2_13_2_543.jpg,1,1
67516_20210624_3_0_0_1_2_13_0_117,/content/drive/MyDrive/CD2_DSA/raw/val/images/67516_20210624_3_0_0_1_2_13_0_117.jpg,0,0
3360_20210629_3_1_a9_3_2_13_1_115,/content/drive/MyDrive/CD2_DSA/raw/val/images/3360_20210629_3_1_a9_3_2_13_1_115.jpg,1,0
312204_20210914_3_0_0_3_2_11_0_327,/content/drive/MyDrive/CD2_DSA/raw/val/images/312204_20210914_3_0_0_3_2_11_0_327.jpg,0,0
308110_20210914_3_0_0_3_2_11_0_10,/content/drive/MyDrive/CD2_DSA/raw/val/images/308110_20210914_3_0_0_3_2_11_0_10.jpg,0,0
307787_20210914_3_0_0_3_2_11_0_387,/content/drive/MyDrive/CD2_DSA/raw/val/images/307787_20210914_3_0_0_3_2_11_0_387.jpg,0,0
3227_20210629_3_1_a9_3_2_13_1_82,/content/drive/MyDrive/CD2_DSA/raw/val/images/3227_20210629_3_1_a9_3_2_13_1_82.jpg,1,1
3236_20210629_3_1_a9_3_2_13_1_91,/content/drive/MyDrive/CD2_DSA/raw/val/images/3236_20210629_3_1_a9_3_2_13_1_91.jpg,1,0
308774_20210914_3_0_0_5_2_11_0_250,/content/drive/MyDrive/CD2_DSA/raw/val/images/308774_20210914_3_0_0_5_2_11_0_250.jpg,0,0
820_20210622_3_1_a9_3_2_13_3_18,/content/drive/MyDrive/CD2_DSA/raw/val/images/820_20210622_3_1_a9_3_2_13_3_18.jpg,1,1
6493_20210622_3_1_a9_3_2_13_1_121,/content/drive/MyDrive/CD2_DSA/raw/val/images/6493_20210622_3_1_a9_3_2_13_1_121.jpg,1,1
5249_20210622_3_1_a9_3_2_13_2_125,/content/drive/MyDrive/CD2_DSA/raw/val/images/5249_20210622_3_1_a9_3_2_13_2_125.jpg,1,1
11558_20210624_3_0_0_1_2_13_0_113,/content/drive/MyDrive/CD2_DSA/raw/val/images/11558_20210624_3_0_0_1_2_13_0_113.jpg,0,0
10475_20210624_3_0_0_1_2_13_0_24,/content/drive/MyDrive/CD2_DSA/raw/val/images/10475_20210624_3_0_0_1_2_13_0_24.jpg,0,0
16005_20210706_3_1_a9_3_2_13_2_15,/content/drive/MyDrive/CD2_DSA/raw/val/images/16005_20210706_3_1_a9_3_2_13_2_15.jpg,1,1
4742_20210622_3_1_a9_3_2_13_2_110,/content/drive/MyDrive/CD2_DSA/raw/val/images/4742_20210622_3_1_a9_3_2_13_2_110.jpg,1,1
106306_20210624_3_0_0_1_2_13_0_103,/content/drive/MyDrive/CD2_DSA/raw/val/images/106306_20210624_3_0_0_1_2_13_0_103.jpg,0,0
106598_20210624_3_0_0_1_2_13_0_195,/content/drive/MyDrive/CD2_DSA/raw/val/images/106598_20210624_3_0_0_1_2_13_0_195.jpg,0,0
16771_20210713_3_1_a9_3_2_13_3_33,/content/drive/MyDrive/CD2_DSA/raw/val/images/16771_20210713_3_1_a9_3_2_13_3_33.jpg,1,0
15394_20210622_3_1_a9_3_2_13_3_98,/content/drive/MyDrive/CD2_DSA/raw/val/images/15394_20210622_3_1_a9_3_2_13_3_98.jpg,1,1
3392_20210629_3_1_a9_3_2_13_1_147,/content/drive/MyDrive/CD2_DSA/raw/val/images/3392_20210629_3_1_a9_3_2_13_1_147.jpg,1,0
1677_20210622_3_1_a9_3_2_13_2_249,/content/drive/MyDrive/CD2_DSA/raw/val/images/1677_20210622_3_1_a9_3_2_13_2_249.jpg,1,0
5996_20210622_3_1_a9_3_2_13_1_65,/content/drive/MyDrive/CD2_DSA/raw/val/images/5996_20210622_3_1_a9_3_2_13_1_65.jpg,1,1
1636_20210622_3_1_a9_3_2_13_2_208,/content/drive/MyDrive/CD2_DSA/raw/val/images/1636_20210622_3_1_a9_3_2_13_2_208.jpg,1,1
95471_20210624_3_0_0_1_2_13_0_137,/content/drive/MyDrive/CD2_DSA/raw/val/images/95471_20210624_3_0_0_1_2_13_0_137.jpg,0,0
1132_20210624_3_0_0_1_2_13_0_187,/content/drive/MyDrive/CD2_DSA/raw/val/images/1132_20210624_3_0_0_1_2_13_0_187.jpg,0,0
16718_20210706_3_1_a9_3_2_13_2_569,/content/drive/MyDrive/CD2_DSA/raw/val/images/16718_20210706_3_1_a9_3_2_13_2_569.jpg,1,0
125093_20210624_3_0_0_1_2_13_0_124,/content/drive/MyDrive/CD2_DSA/raw/val/images/125093_20210624_3_0_0_1_2_13_0_124.jpg,0,0
308638_20210914_3_0_0_5_2_11_0_115,/content/drive/MyDrive/CD2_DSA/raw/val/images/308638_20210914_3_0_0_5_2_11_0_115.jpg,0,0
312090_20210914_3_0_0_3_2_11_0_213,/content/drive/MyDrive/CD2_DSA/raw/val/images/312090_20210914_3_0_0_3_2_11_0_213.jpg,0,0
16307_20210706_3_1_a9_3_2_13_2_237,/content/drive/MyDrive/CD2_DSA/raw/val/images/16307_20210706_3_1_a9_3_2_13_2_237.jpg,1,1
307767_20210914_3_0_0_3_2_11_0_367,/content/drive/MyDrive/CD2_DSA/raw/val/images/307767_20210914_3_0_0_3_2_11_0_367.jpg,0,0
304004_20210913_3_0_0_3_2_11_0_241,/content/drive/MyDrive/CD2_DSA/raw/val/images/304004_20210913_3_0_0_3_2_11_0_241.jpg,0,0
876_20210622_3_1_a9_3_2_13_3_74,/content/drive/MyDrive/CD2_DSA/raw/val/images/876_20210622_3_1_a9_3_2_13_3_74.jpg,1,1
67518_20210624_3_0_0_1_2_13_0_119,/content/drive/MyDrive/CD2_DSA/raw/val/images/67518_20210624_3_0_0_1_2_13_0_119.jpg,0,0
49110_20210624_3_0_0_1_2_13_0_184,/content/drive/MyDrive/CD2_DSA/raw/val/images/49110_20210624_3_0_0_1_2_13_0_184.jpg,0,0
308436_20210914_3_0_0_3_2_11_0_336,/content/drive/MyDrive/CD2_DSA/raw/val/images/308436_20210914_3_0_0_3_2_11_0_336.jpg,0,0
312228_20210914_3_0_0_3_2_11_0_351,/content/drive/MyDrive/CD2_DSA/raw/val/images/312228_20210914_3_0_0_3_2_11_0_351.jpg,0,0
108295_20210624_3_0_0_2_2_13_0_168,/content/drive/MyDrive/CD2_DSA/raw/val/images/108295_20210624_3_0_0_2_2_13_0_168.jpg,0,0
304105_20210913_3_0_0_3_2_11_0_342,/content/drive/MyDrive/CD2_DSA/raw/val/images/304105_20210913_3_0_0_3_2_11_0_342.jpg,0,0
308454_20210914_3_0_0_3_2_11_0_354,/content/drive/MyDrive/CD2_DSA/raw/val/images/308454_20210914_3_0_0_3_2_11_0_354.jpg,0,0
307533_20210914_3_0_0_3_2_11_0_133,/content/drive/MyDrive/CD2_DSA/raw/val/images/307533_20210914_3_0_0_3_2_11_0_133.jpg,0,0
5263_20210622_3_1_a9_3_2_13_2_139,/content/drive/MyDrive/CD2_DSA/raw/val/images/5263_20210622_3_1_a9_3_2_13_2_139.jpg,1,1
15103_20210622_3_1_a9_3_2_13_3_14,/content/drive/MyDrive/CD2_DSA/raw/val/images/15103_20210622_3_1_a9_3_2_13_3_14.jpg,1,0
311934_20210914_3_0_0_3_2_11_0_57,/content/drive/MyDrive/CD2_DSA/raw/val/images/311934_20210914_3_0_0_3_2_11_0_57.jpg,0,0
304220_20210913_3_0_0_3_2_11_0_457,/content/drive/MyDrive/CD2_DSA/raw/val/images/304220_20210913_3_0_0_3_2_11_0_457.jpg,0,0
67530_20210624_3_0_0_1_2_13_0_131,/content/drive/MyDrive/CD2_DSA/raw/val/images/67530_20210624_3_0_0_1_2_13_0_131.jpg,0,0
108025_20210624_3_0_0_2_2_13_0_13,/content/drive/MyDrive/CD2_DSA/raw/val/images/108025_20210624_3_0_0_2_2_13_0_13.jpg,0,0
311971_20210914_3_0_0_3_2_11_0_94,/content/drive/MyDrive/CD2_DSA/raw/val/images/311971_20210914_3_0_0_3_2_11_0_94.jpg,0,0
86551_20210624_3_0_0_1_2_13_0_120,/content/drive/MyDrive/CD2_DSA/raw/val/images/86551_20210624_3_0_0_1_2_13_0_120.jpg,0,0
308324_20210914_3_0_0_3_2_11_0_224,/content/drive/MyDrive/CD2_DSA/raw/val/images/308324_20210914_3_0_0_3_2_11_0_224.jpg,0,0
308534_20210914_3_0_0_5_2_11_0_10,/content/drive/MyDrive/CD2_DSA/raw/val/images/308534_20210914_3_0_0_5_2_11_0_10.jpg,0,0
15793_20210622_3_1_a9_3_2_13_2_34,/content/drive/MyDrive/CD2_DSA/raw/val/images/15793_20210622_3_1_a9_3_2_13_2_34.jpg,1,1
307538_20210914_3_0_0_3_2_11_0_138,/content/drive/MyDrive/CD2_DSA/raw/val/images/307538_20210914_3_0_0_3_2_11_0_138.jpg,0,0
126118_20210624_3_0_0_5_2_13_0_53,/content/drive/MyDrive/CD2_DSA/raw/val/images/126118_20210624_3_0_0_5_2_13_0_53.jpg,0,0
123849_20210624_3_0_0_4_2_13_0_13,/content/drive/MyDrive/CD2_DSA/raw/val/images/123849_20210624_3_0_0_4_2_13_0_13.jpg,0,0
125088_20210624_3_0_0_1_2_13_0_119,/content/drive/MyDrive/CD2_DSA/raw/val/images/125088_20210624_3_0_0_1_2_13_0_119.jpg,0,0
86845_20210624_3_0_0_1_2_13_0_170,/content/drive/MyDrive/CD2_DSA/raw/val/images/86845_20210624_3_0_0_1_2_13_0_170.jpg,0,0
106529_20210624_3_0_0_1_2_13_0_126,/content/drive/MyDrive/CD2_DSA/raw/val/images/106529_20210624_3_0_0_1_2_13_0_126.jpg,0,0
16906_20210622_3_1_a9_3_2_13_1_66,/content/drive/MyDrive/CD2_DSA/raw/val/images/16906_20210622_3_1_a9_3_2_13_1_66.jpg,1,0
312118_20210914_3_0_0_3_2_11_0_241,/content/drive/MyDrive/CD2_DSA/raw/val/images/312118_20210914_3_0_0_3_2_11_0_241.jpg,0,0
308233_20210914_3_0_0_3_2_11_0_133,/content/drive/MyDrive/CD2_DSA/raw/val/images/308233_20210914_3_0_0_3_2_11_0_133.jpg,0,0
16271_20210706_3_1_a9_3_2_13_2_201,/content/drive/MyDrive/CD2_DSA/raw/val/images/16271_20210706_3_1_a9_3_2_13_2_201.jpg,1,1
16983_20210622_3_1_a9_3_2_13_1_104,/content/drive/MyDrive/CD2_DSA/raw/val/images/16983_20210622_3_1_a9_3_2_13_1_104.jpg,1,1
95212_20210624_3_0_0_1_2_13_0_33,/content/drive/MyDrive/CD2_DSA/raw/val/images/95212_20210624_3_0_0_1_2_13_0_33.jpg,0,0
312171_20210914_3_0_0_3_2_11_0_294,/content/drive/MyDrive/CD2_DSA/raw/val/images/312171_20210914_3_0_0_3_2_11_0_294.jpg,0,0
7133_20210624_3_0_0_1_2_13_0_177,/content/drive/MyDrive/CD2_DSA/raw/val/images/7133_20210624_3_0_0_1_2_13_0_177.jpg,0,0
1609_20210622_3_1_a9_3_2_13_2_181,/content/drive/MyDrive/CD2_DSA/raw/val/images/1609_20210622_3_1_a9_3_2_13_2_181.jpg,1,1
3366_20210629_3_1_a9_3_2_13_1_121,/content/drive/MyDrive/CD2_DSA/raw/val/images/3366_20210629_3_1_a9_3_2_13_1_121.jpg,1,1
307687_20210914_3_0_0_3_2_11_0_287,/content/drive/MyDrive/CD2_DSA/raw/val/images/307687_20210914_3_0_0_3_2_11_0_287.jpg,0,0
312033_20210914_3_0_0_3_2_11_0_156,/content/drive/MyDrive/CD2_DSA/raw/val/images/312033_20210914_3_0_0_3_2_11_0_156.jpg,0,0
34076_20210624_3_0_0_3_2_13_0_24,/content/drive/MyDrive/CD2_DSA/raw/val/images/34076_20210624_3_0_0_3_2_13_0_24.jpg,0,0
16510_20210706_3_1_a9_3_2_13_3_25,/content/drive/MyDrive/CD2_DSA/raw/val/images/16510_20210706_3_1_a9_3_2_13_3_25.jpg,1,1
103823_20210624_3_0_0_4_2_13_0_101,/content/drive/MyDrive/CD2_DSA/raw/val/images/103823_20210624_3_0_0_4_2_13_0_101.jpg,0,0
83213_20210624_3_0_0_1_2_13_0_126,/content/drive/MyDrive/CD2_DSA/raw/val/images/83213_20210624_3_0_0_1_2_13_0_126.jpg,0,0
1454_20210622_3_1_a9_3_2_13_2_26,/content/drive/MyDrive/CD2_DSA/raw/val/images/1454_20210622_3_1_a9_3_2_13_2_26.jpg,1,0
308107_20210914_3_0_0_3_2_11_0_7,/content/drive/MyDrive/CD2_DSA/raw/val/images/308107_20210914_3_0_0_3_2_11_0_7.jpg,0,0
308355_20210914_3_0_0_3_2_11_0_255,/content/drive/MyDrive/CD2_DSA/raw/val/images/308355_20210914_3_0_0_3_2_11_0_255.jpg,0,0
5994_20210622_3_1_a9_3_2_13_1_63,/content/drive/MyDrive/CD2_DSA/raw/val/images/5994_20210622_3_1_a9_3_2_13_1_63.jpg,1,0
125640_20210624_3_0_0_2_2_13_0_44,/content/drive/MyDrive/CD2_DSA/raw/val/images/125640_20210624_3_0_0_2_2_13_0_44.jpg,0,0
1533_20210622_3_1_a9_3_2_13_2_105,/content/drive/MyDrive/CD2_DSA/raw/val/images/1533_20210622_3_1_a9_3_2_13_2_105.jpg,1,1
308034_20210914_3_0_0_5_2_11_0_231,/content/drive/MyDrive/CD2_DSA/raw/val/images/308034_20210914_3_0_0_5_2_11_0_231.jpg,0,0
15467_20210622_3_1_a9_3_2_13_3_171,/content/drive/MyDrive/CD2_DSA/raw/val/images/15467_20210622_3_1_a9_3_2_13_3_171.jpg,1,0
82844_20210624_3_0_0_1_2_13_0_15,/content/drive/MyDrive/CD2_DSA/raw/val/images/82844_20210624_3_0_0_1_2_13_0_15.jpg,0,0
2515_20210624_3_0_0_3_2_13_0_101,/content/drive/MyDrive/CD2_DSA/raw/val/images/2515_20210624_3_0_0_3_2_13_0_101.jpg,0,0
16112_20210706_3_1_a9_3_2_13_2_122,/content/drive/MyDrive/CD2_DSA/raw/val/images/16112_20210706_3_1_a9_3_2_13_2_122.jpg,1,1
308181_20210914_3_0_0_3_2_11_0_81,/content/drive/MyDrive/CD2_DSA/raw/val/images/308181_20210914_3_0_0_3_2_11_0_81.jpg,0,0
3444_20210629_3_1_a9_3_2_13_1_199,/content/drive/MyDrive/CD2_DSA/raw/val/images/3444_20210629_3_1_a9_3_2_13_1_199.jpg,1,1
1442_20210622_3_1_a9_3_2_13_2_14,/content/drive/MyDrive/CD2_DSA/raw/val/images/1442_20210622_3_1_a9_3_2_13_2_14.jpg,1,1
307760_20210914_3_0_0_3_2_11_0_360,/content/drive/MyDrive/CD2_DSA/raw/val/images/307760_20210914_3_0_0_3_2_11_0_360.jpg,0,0
125664_20210624_3_0_0_2_2_13_0_68,/content/drive/MyDrive/CD2_DSA/raw/val/images/125664_20210624_3_0_0_2_2_13_0_68.jpg,0,0
1719_20210622_3_1_a9_3_2_13_2_291,/content/drive/MyDrive/CD2_DSA/raw/val/images/1719_20210622_3_1_a9_3_2_13_2_291.jpg,1,0
16360_20210706_3_1_a9_3_2_13_2_290,/content/drive/MyDrive/CD2_DSA/raw/val/images/16360_20210706_3_1_a9_3_2_13_2_290.jpg,1,0
308492_20210914_3_0_0_3_2_11_0_392,/content/drive/MyDrive/CD2_DSA/raw/val/images/308492_20210914_3_0_0_3_2_11_0_392.jpg,0,0
170847_20210624_3_0_0_5_2_13_0_41,/content/drive/MyDrive/CD2_DSA/raw/val/images/170847_20210624_3_0_0_5_2_13_0_41.jpg,0,0
304333_20210913_3_0_0_3_2_11_0_570,/content/drive/MyDrive/CD2_DSA/raw/val/images/304333_20210913_3_0_0_3_2_11_0_570.jpg,0,0
3563_20210629_3_1_a9_3_2_13_1_212,/content/drive/MyDrive/CD2_DSA/raw/val/images/3563_20210629_3_1_a9_3_2_13_1_212.jpg,1,0
308057_20210914_3_0_0_5_2_11_0_254,/content/drive/MyDrive/CD2_DSA/raw/val/images/308057_20210914_3_0_0_5_2_11_0_254.jpg,0,0
1581_20210622_3_1_a9_3_2_13_2_153,/content/drive/MyDrive/CD2_DSA/raw/val/images/1581_20210622_3_1_a9_3_2_13_2_153.jpg,1,1
9130_20210624_3_0_0_2_2_13_0_124,/content/drive/MyDrive/CD2_DSA/raw/val/images/9130_20210624_3_0_0_2_2_13_0_124.jpg,0,0
307746_20210914_3_0_0_3_2_11_0_346,/content/drive/MyDrive/CD2_DSA/raw/val/images/307746_20210914_3_0_0_3_2_11_0_346.jpg,0,0
16204_20210706_3_1_a9_3_2_13_2_134,/content/drive/MyDrive/CD2_DSA/raw/val/images/16204_20210706_3_1_a9_3_2_13_2_134.jpg,1,1
304123_20210913_3_0_0_3_2_11_0_360,/content/drive/MyDrive/CD2_DSA/raw/val/images/304123_20210913_3_0_0_3_2_11_0_360.jpg,0,0
67401_20210624_3_0_0_1_2_13_0_2,/content/drive/MyDrive/CD2_DSA/raw/val/images/67401_20210624_3_0_0_1_2_13_0_2.jpg,0,0
307478_20210914_3_0_0_3_2_11_0_78,/content/drive/MyDrive/CD2_DSA/raw/val/images/307478_20210914_3_0_0_3_2_11_0_78.jpg,0,0
308223_20210914_3_0_0_3_2_11_0_123,/content/drive/MyDrive/CD2_DSA/raw/val/images/308223_20210914_3_0_0_3_2_11_0_123.jpg,0,0
753_20210622_3_1_a9_3_2_13_1_118,/content/drive/MyDrive/CD2_DSA/raw/val/images/753_20210622_3_1_a9_3_2_13_1_118.jpg,1,1
307689_20210914_3_0_0_3_2_11_0_289,/content/drive/MyDrive/CD2_DSA/raw/val/images/307689_20210914_3_0_0_3_2_11_0_289.jpg,0,0
25706_20210624_3_0_0_5_2_13_0_130,/content/drive/MyDrive/CD2_DSA/raw/val/images/25706_20210624_3_0_0_5_2_13_0_130.jpg,0,0
308339_20210914_3_0_0_3_2_11_0_239,/content/drive/MyDrive/CD2_DSA/raw/val/images/308339_20210914_3_0_0_3_2_11_0_239.jpg,0,0
308410_20210914_3_0_0_3_2_11_0_310,/content/drive/MyDrive/CD2_DSA/raw/val/images/308410_20210914_3_0_0_3_2_11_0_310.jpg,0,0
82875_20210624_3_0_0_1_2_13_0_46,/content/drive/MyDrive/CD2_DSA/raw/val/images/82875_20210624_3_0_0_1_2_13_0_46.jpg,0,0
108279_20210624_3_0_0_2_2_13_0_152,/content/drive/MyDrive/CD2_DSA/raw/val/images/108279_20210624_3_0_0_2_2_13_0_152.jpg,0,0
16284_20210706_3_1_a9_3_2_13_2_214,/content/drive/MyDrive/CD2_DSA/raw/val/images/16284_20210706_3_1_a9_3_2_13_2_214.jpg,1,1
304257_20210913_3_0_0_3_2_11_0_494,/content/drive/MyDrive/CD2_DSA/raw/val/images/304257_20210913_3_0_0_3_2_11_0_494.jpg,0,0
82850_20210624_3_0_0_1_2_13_0_21,/content/drive/MyDrive/CD2_DSA/raw/val/images/82850_20210624_3_0_0_1_2_13_0_21.jpg,0,0
16303_20210706_3_1_a9_3_2_13_2_233,/content/drive/MyDrive/CD2_DSA/raw/val/images/16303_20210706_3_1_a9_3_2_13_2_233.jpg,1,1
3615_20210629_3_1_a9_3_2_13_1_264,/content/drive/MyDrive/CD2_DSA/raw/val/images/3615_20210629_3_1_a9_3_2_13_1_264.jpg,1,0
16225_20210706_3_1_a9_3_2_13_2_155,/content/drive/MyDrive/CD2_DSA/raw/val/images/16225_20210706_3_1_a9_3_2_13_2_155.jpg,1,1
307774_20210914_3_0_0_3_2_11_0_374,/content/drive/MyDrive/CD2_DSA/raw/val/images/307774_20210914_3_0_0_3_2_11_0_374.jpg,0,0
308414_20210914_3_0_0_3_2_11_0_314,/content/drive/MyDrive/CD2_DSA/raw/val/images/308414_20210914_3_0_0_3_2_11_0_314.jpg,0,0
307657_20210914_3_0_0_3_2_11_0_257,/content/drive/MyDrive/CD2_DSA/raw/val/images/307657_20210914_3_0_0_3_2_11_0_257.jpg,0,0
9138_20210624_3_0_0_2_2_13_0_132,/content/drive/MyDrive/CD2_DSA/raw/val/images/9138_20210624_3_0_0_2_2_13_0_132.jpg,0,0
67464_20210624_3_0_0_1_2_13_0_65,/content/drive/MyDrive/CD2_DSA/raw/val/images/67464_20210624_3_0_0_1_2_13_0_65.jpg,0,0
108283_20210624_3_0_0_2_2_13_0_156,/content/drive/MyDrive/CD2_DSA/raw/val/images/108283_20210624_3_0_0_2_2_13_0_156.jpg,0,0
16249_20210706_3_1_a9_3_2_13_2_179,/content/drive/MyDrive/CD2_DSA/raw/val/images/16249_20210706_3_1_a9_3_2_13_2_179.jpg,1,1
49070_20210624_3_0_0_1_2_13_0_144,/content/drive/MyDrive/CD2_DSA/raw/val/images/49070_20210624_3_0_0_1_2_13_0_144.jpg,0,0
3358_20210629_3_1_a9_3_2_13_1_113,/content/drive/MyDrive/CD2_DSA/raw/val/images/3358_20210629_3_1_a9_3_2_13_1_113.jpg,1,1
95480_20210624_3_0_0_1_2_13_0_146,/content/drive/MyDrive/CD2_DSA/raw/val/images/95480_20210624_3_0_0_1_2_13_0_146.jpg,0,0
10400_20210624_3_0_0_1_2_13_0_2,/content/drive/MyDrive/CD2_DSA/raw/val/images/10400_20210624_3_0_0_1_2_13_0_2.jpg,0,0
125608_20210624_3_0_0_2_2_13_0_12,/content/drive/MyDrive/CD2_DSA/raw/val/images/125608_20210624_3_0_0_2_2_13_0_12.jpg,0,0
86384_20210624_3_0_0_1_2_13_0_53,/content/drive/MyDrive/CD2_DSA/raw/val/images/86384_20210624_3_0_0_1_2_13_0_53.jpg,0,0
804_20210622_3_1_a9_3_2_13_3_2,/content/drive/MyDrive/CD2_DSA/raw/val/images/804_20210622_3_1_a9_3_2_13_3_2.jpg,1,1
6759_20210622_3_1_a9_3_2_13_1_155,/content/drive/MyDrive/CD2_DSA/raw/val/images/6759_20210622_3_1_a9_3_2_13_1_155.jpg,1,1
3808_20210629_3_1_a9_3_2_13_3_17,/content/drive/MyDrive/CD2_DSA/raw/val/images/3808_20210629_3_1_a9_3_2_13_3_17.jpg,1,1
308360_20210914_3_0_0_3_2_11_0_260,/content/drive/MyDrive/CD2_DSA/raw/val/images/308360_20210914_3_0_0_3_2_11_0_260.jpg,0,0
1505_20210622_3_1_a9_3_2_13_2_77,/content/drive/MyDrive/CD2_DSA/raw/val/images/1505_20210622_3_1_a9_3_2_13_2_77.jpg,1,1
125143_20210624_3_0_0_1_2_13_0_174,/content/drive/MyDrive/CD2_DSA/raw/val/images/125143_20210624_3_0_0_1_2_13_0_174.jpg,0,0
304016_20210913_3_0_0_3_2_11_0_253,/content/drive/MyDrive/CD2_DSA/raw/val/images/304016_20210913_3_0_0_3_2_11_0_253.jpg,0,0
125644_20210624_3_0_0_2_2_13_0_48,/content/drive/MyDrive/CD2_DSA/raw/val/images/125644_20210624_3_0_0_2_2_13_0_48.jpg,0,0
7164_20210624_3_0_0_1_2_13_0_208,/content/drive/MyDrive/CD2_DSA/raw/val/images/7164_20210624_3_0_0_1_2_13_0_208.jpg,0,0
67407_20210624_3_0_0_1_2_13_0_8,/content/drive/MyDrive/CD2_DSA/raw/val/images/67407_20210624_3_0_0_1_2_13_0_8.jpg,0,0
16854_20210622_3_1_a9_3_2_13_1_14,/content/drive/MyDrive/CD2_DSA/raw/val/images/16854_20210622_3_1_a9_3_2_13_1_14.jpg,1,1
6495_20210622_3_1_a9_3_2_13_1_123,/content/drive/MyDrive/CD2_DSA/raw/val/images/6495_20210622_3_1_a9_3_2_13_1_123.jpg,1,1
66273_20210624_3_0_0_4_2_13_0_174,/content/drive/MyDrive/CD2_DSA/raw/val/images/66273_20210624_3_0_0_4_2_13_0_174.jpg,0,0
16659_20210706_3_1_a9_3_2_13_2_510,/content/drive/MyDrive/CD2_DSA/raw/val/images/16659_20210706_3_1_a9_3_2_13_2_510.jpg,1,1
304002_20210913_3_0_0_3_2_11_0_239,/content/drive/MyDrive/CD2_DSA/raw/val/images/304002_20210913_3_0_0_3_2_11_0_239.jpg,0,0
26084_20210624_3_0_0_5_2_13_0_133,/content/drive/MyDrive/CD2_DSA/raw/val/images/26084_20210624_3_0_0_5_2_13_0_133.jpg,0,0
312203_20210914_3_0_0_3_2_11_0_326,/content/drive/MyDrive/CD2_DSA/raw/val/images/312203_20210914_3_0_0_3_2_11_0_326.jpg,0,0
307700_20210914_3_0_0_3_2_11_0_300,/content/drive/MyDrive/CD2_DSA/raw/val/images/307700_20210914_3_0_0_3_2_11_0_300.jpg,0,0
16845_20210622_3_1_a9_3_2_13_1_5,/content/drive/MyDrive/CD2_DSA/raw/val/images/16845_20210622_3_1_a9_3_2_13_1_5.jpg,1,1
95255_20210624_3_0_0_1_2_13_0_76,/content/drive/MyDrive/CD2_DSA/raw/val/images/95255_20210624_3_0_0_1_2_13_0_76.jpg,0,0
7135_20210624_3_0_0_1_2_13_0_179,/content/drive/MyDrive/CD2_DSA/raw/val/images/7135_20210624_3_0_0_1_2_13_0_179.jpg,0,0
307517_20210914_3_0_0_3_2_11_0_117,/content/drive/MyDrive/CD2_DSA/raw/val/images/307517_20210914_3_0_0_3_2_11_0_117.jpg,0,0
67488_20210624_3_0_0_1_2_13_0_89,/content/drive/MyDrive/CD2_DSA/raw/val/images/67488_20210624_3_0_0_1_2_13_0_89.jpg,0,0
308081_20210914_3_0_0_5_2_11_0_278,/content/drive/MyDrive/CD2_DSA/raw/val/images/308081_20210914_3_0_0_5_2_11_0_278.jpg,0,0
106560_20210624_3_0_0_1_2_13_0_157,/content/drive/MyDrive/CD2_DSA/raw/val/images/106560_20210624_3_0_0_1_2_13_0_157.jpg,0,0
307587_20210914_3_0_0_3_2_11_0_187,/content/drive/MyDrive/CD2_DSA/raw/val/images/307587_20210914_3_0_0_3_2_11_0_187.jpg,0,0
86573_20210624_3_0_0_1_2_13_0_142,/content/drive/MyDrive/CD2_DSA/raw/val/images/86573_20210624_3_0_0_1_2_13_0_142.jpg,0,0
307786_20210914_3_0_0_3_2_11_0_386,/content/drive/MyDrive/CD2_DSA/raw/val/images/307786_20210914_3_0_0_3_2_11_0_386.jpg,0,0
3681_20210629_3_1_a9_3_2_13_2_60,/content/drive/MyDrive/CD2_DSA/raw/val/images/3681_20210629_3_1_a9_3_2_13_2_60.jpg,1,1
312104_20210914_3_0_0_3_2_11_0_227,/content/drive/MyDrive/CD2_DSA/raw/val/images/312104_20210914_3_0_0_3_2_11_0_227.jpg,0,0
125145_20210624_3_0_0_1_2_13_0_176,/content/drive/MyDrive/CD2_DSA/raw/val/images/125145_20210624_3_0_0_1_2_13_0_176.jpg,0,0
16904_20210622_3_1_a9_3_2_13_1_64,/content/drive/MyDrive/CD2_DSA/raw/val/images/16904_20210622_3_1_a9_3_2_13_1_64.jpg,1,1
308442_20210914_3_0_0_3_2_11_0_342,/content/drive/MyDrive/CD2_DSA/raw/val/images/308442_20210914_3_0_0_3_2_11_0_342.jpg,0,0
307407_20210914_3_0_0_3_2_11_0_7,/content/drive/MyDrive/CD2_DSA/raw/val/images/307407_20210914_3_0_0_3_2_11_0_7.jpg,0,0
15426_20210622_3_1_a9_3_2_13_3_130,/content/drive/MyDrive/CD2_DSA/raw/val/images/15426_20210622_3_1_a9_3_2_13_3_130.jpg,1,1
71175_20210624_3_0_0_3_2_13_0_28,/content/drive/MyDrive/CD2_DSA/raw/val/images/71175_20210624_3_0_0_3_2_13_0_28.jpg,0,0
15907_20210622_3_1_a9_3_2_13_2_148,/content/drive/MyDrive/CD2_DSA/raw/val/images/15907_20210622_3_1_a9_3_2_13_2_148.jpg,1,0
15393_20210622_3_1_a9_3_2_13_3_97,/content/drive/MyDrive/CD2_DSA/raw/val/images/15393_20210622_3_1_a9_3_2_13_3_97.jpg,1,0
108261_20210624_3_0_0_2_2_13_0_134,/content/drive/MyDrive/CD2_DSA/raw/val/images/108261_20210624_3_0_0_2_2_13_0_134.jpg,0,0
15870_20210622_3_1_a9_3_2_13_2_111,/content/drive/MyDrive/CD2_DSA/raw/val/images/15870_20210622_3_1_a9_3_2_13_2_111.jpg,1,1
307761_20210914_3_0_0_3_2_11_0_361,/content/drive/MyDrive/CD2_DSA/raw/val/images/307761_20210914_3_0_0_3_2_11_0_361.jpg,0,0
125111_20210624_3_0_0_1_2_13_0_142,/content/drive/MyDrive/CD2_DSA/raw/val/images/125111_20210624_3_0_0_1_2_13_0_142.jpg,0,0
17067_20210622_3_1_a9_3_2_13_1_188,/content/drive/MyDrive/CD2_DSA/raw/val/images/17067_20210622_3_1_a9_3_2_13_1_188.jpg,1,1
106304_20210624_3_0_0_1_2_13_0_101,/content/drive/MyDrive/CD2_DSA/raw/val/images/106304_20210624_3_0_0_1_2_13_0_101.jpg,0,0
108292_20210624_3_0_0_2_2_13_0_165,/content/drive/MyDrive/CD2_DSA/raw/val/images/108292_20210624_3_0_0_2_2_13_0_165.jpg,0,0
67597_20210624_3_0_0_1_2_13_0_168,/content/drive/MyDrive/CD2_DSA/raw/val/images/67597_20210624_3_0_0_1_2_13_0_168.jpg,0,0
7097_20210624_3_0_0_1_2_13_0_141,/content/drive/MyDrive/CD2_DSA/raw/val/images/7097_20210624_3_0_0_1_2_13_0_141.jpg,0,0
3710_20210629_3_1_a9_3_2_13_2_89,/content/drive/MyDrive/CD2_DSA/raw/val/images/3710_20210629_3_1_a9_3_2_13_2_89.jpg,1,1
15658_20210706_3_1_a9_3_2_13_3_89,/content/drive/MyDrive/CD2_DSA/raw/val/images/15658_20210706_3_1_a9_3_2_13_3_89.jpg,1,1
67510_20210624_3_0_0_1_2_13_0_111,/content/drive/MyDrive/CD2_DSA/raw/val/images/67510_20210624_3_0_0_1_2_13_0_111.jpg,0,0
312129_20210914_3_0_0_3_2_11_0_252,/content/drive/MyDrive/CD2_DSA/raw/val/images/312129_20210914_3_0_0_3_2_11_0_252.jpg,0,0
308869_20210914_3_0_0_5_2_11_0_345,/content/drive/MyDrive/CD2_DSA/raw/val/images/308869_20210914_3_0_0_5_2_11_0_345.jpg,0,0
307583_20210914_3_0_0_3_2_11_0_183,/content/drive/MyDrive/CD2_DSA/raw/val/images/307583_20210914_3_0_0_3_2_11_0_183.jpg,0,0
16076_20210706_3_1_a9_3_2_13_2_86,/content/drive/MyDrive/CD2_DSA/raw/val/images/16076_20210706_3_1_a9_3_2_13_2_86.jpg,1,1
65981_20210624_3_0_0_4_2_13_0_112,/content/drive/MyDrive/CD2_DSA/raw/val/images/65981_20210624_3_0_0_4_2_13_0_112.jpg,0,0
9141_20210624_3_0_0_2_2_13_0_135,/content/drive/MyDrive/CD2_DSA/raw/val/images/9141_20210624_3_0_0_2_2_13_0_135.jpg,0,0
308038_20210914_3_0_0_5_2_11_0_235,/content/drive/MyDrive/CD2_DSA/raw/val/images/308038_20210914_3_0_0_5_2_11_0_235.jpg,0,0
308812_20210914_3_0_0_5_2_11_0_288,/content/drive/MyDrive/CD2_DSA/raw/val/images/308812_20210914_3_0_0_5_2_11_0_288.jpg,0,0
770_20210622_3_1_a9_3_2_13_1_135,/content/drive/MyDrive/CD2_DSA/raw/val/images/770_20210622_3_1_a9_3_2_13_1_135.jpg,1,1
307861_20210914_3_0_0_5_2_11_0_58,/content/drive/MyDrive/CD2_DSA/raw/val/images/307861_20210914_3_0_0_5_2_11_0_58.jpg,0,0
66263_20210624_3_0_0_4_2_13_0_164,/content/drive/MyDrive/CD2_DSA/raw/val/images/66263_20210624_3_0_0_4_2_13_0_164.jpg,0,0
913_20210622_3_1_a9_3_2_13_3_111,/content/drive/MyDrive/CD2_DSA/raw/val/images/913_20210622_3_1_a9_3_2_13_3_111.jpg,1,1
170835_20210624_3_0_0_5_2_13_0_29,/content/drive/MyDrive/CD2_DSA/raw/val/images/170835_20210624_3_0_0_5_2_13_0_29.jpg,0,0
86835_20210624_3_0_0_1_2_13_0_160,/content/drive/MyDrive/CD2_DSA/raw/val/images/86835_20210624_3_0_0_1_2_13_0_160.jpg,0,0
304033_20210913_3_0_0_3_2_11_0_270,/content/drive/MyDrive/CD2_DSA/raw/val/images/304033_20210913_3_0_0_3_2_11_0_270.jpg,0,0
25687_20210624_3_0_0_5_2_13_0_111,/content/drive/MyDrive/CD2_DSA/raw/val/images/25687_20210624_3_0_0_5_2_13_0_111.jpg,0,0
3739_20210622_3_1_a9_3_2_13_3_17,/content/drive/MyDrive/CD2_DSA/raw/val/images/3739_20210622_3_1_a9_3_2_13_3_17.jpg,1,1
9118_20210624_3_0_0_2_2_13_0_112,/content/drive/MyDrive/CD2_DSA/raw/val/images/9118_20210624_3_0_0_2_2_13_0_112.jpg,0,0
311965_20210914_3_0_0_3_2_11_0_88,/content/drive/MyDrive/CD2_DSA/raw/val/images/311965_20210914_3_0_0_3_2_11_0_88.jpg,0,0
307588_20210914_3_0_0_3_2_11_0_188,/content/drive/MyDrive/CD2_DSA/raw/val/images/307588_20210914_3_0_0_3_2_11_0_188.jpg,0,0
108293_20210624_3_0_0_2_2_13_0_166,/content/drive/MyDrive/CD2_DSA/raw/val/images/108293_20210624_3_0_0_2_2_13_0_166.jpg,0,0
307940_20210914_3_0_0_5_2_11_0_137,/content/drive/MyDrive/CD2_DSA/raw/val/images/307940_20210914_3_0_0_5_2_11_0_137.jpg,0,0
307671_20210914_3_0_0_3_2_11_0_271,/content/drive/MyDrive/CD2_DSA/raw/val/images/307671_20210914_3_0_0_3_2_11_0_271.jpg,0,0
108047_20210624_3_0_0_2_2_13_0_35,/content/drive/MyDrive/CD2_DSA/raw/val/images/108047_20210624_3_0_0_2_2_13_0_35.jpg,0,0
308488_20210914_3_0_0_3_2_11_0_388,/content/drive/MyDrive/CD2_DSA/raw/val/images/308488_20210914_3_0_0_3_2_11_0_388.jpg,0,0
84073_20210708_3_0_0_1_2_13_0_139,/content/drive/MyDrive/CD2_DSA/raw/val/images/84073_20210708_3_0_0_1_2_13_0_139.jpg,0,0
308706_20210914_3_0_0_5_2_11_0_183,/content/drive/MyDrive/CD2_DSA/raw/val/images/308706_20210914_3_0_0_5_2_11_0_183.jpg,0,0
125084_20210624_3_0_0_1_2_13_0_115,/content/drive/MyDrive/CD2_DSA/raw/val/images/125084_20210624_3_0_0_1_2_13_0_115.jpg,0,0
16214_20210706_3_1_a9_3_2_13_2_144,/content/drive/MyDrive/CD2_DSA/raw/val/images/16214_20210706_3_1_a9_3_2_13_2_144.jpg,1,1
86579_20210624_3_0_0_1_2_13_0_148,/content/drive/MyDrive/CD2_DSA/raw/val/images/86579_20210624_3_0_0_1_2_13_0_148.jpg,0,0
308224_20210914_3_0_0_3_2_11_0_124,/content/drive/MyDrive/CD2_DSA/raw/val/images/308224_20210914_3_0_0_3_2_11_0_124.jpg,0,0
892_20210622_3_1_a9_3_2_13_3_90,/content/drive/MyDrive/CD2_DSA/raw/val/images/892_20210622_3_1_a9_3_2_13_3_90.jpg,1,1
108323_20210624_3_0_0_2_2_13_0_196,/content/drive/MyDrive/CD2_DSA/raw/val/images/108323_20210624_3_0_0_2_2_13_0_196.jpg,0,0
15644_20210706_3_1_a9_3_2_13_3_75,/content/drive/MyDrive/CD2_DSA/raw/val/images/15644_20210706_3_1_a9_3_2_13_3_75.jpg,1,1
312206_20210914_3_0_0_3_2_11_0_329,/content/drive/MyDrive/CD2_DSA/raw/val/images/312206_20210914_3_0_0_3_2_11_0_329.jpg,0,0
308064_20210914_3_0_0_5_2_11_0_261,/content/drive/MyDrive/CD2_DSA/raw/val/images/308064_20210914_3_0_0_5_2_11_0_261.jpg,0,0
3798_20210629_3_1_a9_3_2_13_3_7,/content/drive/MyDrive/CD2_DSA/raw/val/images/3798_20210629_3_1_a9_3_2_13_3_7.jpg,1,1
767_20210622_3_1_a9_3_2_13_1_132,/content/drive/MyDrive/CD2_DSA/raw/val/images/767_20210622_3_1_a9_3_2_13_1_132.jpg,1,0
68532_20210624_3_0_0_2_2_13_0_42,/content/drive/MyDrive/CD2_DSA/raw/val/images/68532_20210624_3_0_0_2_2_13_0_42.jpg,0,0
15443_20210622_3_1_a9_3_2_13_3_147,/content/drive/MyDrive/CD2_DSA/raw/val/images/15443_20210622_3_1_a9_3_2_13_3_147.jpg,1,1
67504_20210624_3_0_0_1_2_13_0_105,/content/drive/MyDrive/CD2_DSA/raw/val/images/67504_20210624_3_0_0_1_2_13_0_105.jpg,0,0
304054_20210913_3_0_0_3_2_11_0_291,/content/drive/MyDrive/CD2_DSA/raw/val/images/304054_20210913_3_0_0_3_2_11_0_291.jpg,0,0
4509_20210622_3_1_a9_3_2_13_2_77,/content/drive/MyDrive/CD2_DSA/raw/val/images/4509_20210622_3_1_a9_3_2_13_2_77.jpg,1,1
170882_20210624_3_0_0_5_2_13_0_76,/content/drive/MyDrive/CD2_DSA/raw/val/images/170882_20210624_3_0_0_5_2_13_0_76.jpg,0,0
307703_20210914_3_0_0_3_2_11_0_303,/content/drive/MyDrive/CD2_DSA/raw/val/images/307703_20210914_3_0_0_3_2_11_0_303.jpg,0,0
307564_20210914_3_0_0_3_2_11_0_164,/content/drive/MyDrive/CD2_DSA/raw/val/images/307564_20210914_3_0_0_3_2_11_0_164.jpg,0,0
3171_20210629_3_1_a9_3_2_13_1_26,/content/drive/MyDrive/CD2_DSA/raw/val/images/3171_20210629_3_1_a9_3_2_13_1_26.jpg,1,1
125651_20210624_3_0_0_2_2_13_0_55,/content/drive/MyDrive/CD2_DSA/raw/val/images/125651_20210624_3_0_0_2_2_13_0_55.jpg,0,0
308668_20210914_3_0_0_5_2_11_0_145,/content/drive/MyDrive/CD2_DSA/raw/val/images/308668_20210914_3_0_0_5_2_11_0_145.jpg,0,0
67583_20210624_3_0_0_1_2_13_0_154,/content/drive/MyDrive/CD2_DSA/raw/val/images/67583_20210624_3_0_0_1_2_13_0_154.jpg,0,0
126094_20210624_3_0_0_5_2_13_0_29,/content/drive/MyDrive/CD2_DSA/raw/val/images/126094_20210624_3_0_0_5_2_13_0_29.jpg,0,0
66307_20210624_3_0_0_4_2_13_0_208,/content/drive/MyDrive/CD2_DSA/raw/val/images/66307_20210624_3_0_0_4_2_13_0_208.jpg,0,0
7017_20210622_3_1_a9_3_2_13_1_177,/content/drive/MyDrive/CD2_DSA/raw/val/images/7017_20210622_3_1_a9_3_2_13_1_177.jpg,1,0
48948_20210624_3_0_0_1_2_13_0_22,/content/drive/MyDrive/CD2_DSA/raw/val/images/48948_20210624_3_0_0_1_2_13_0_22.jpg,0,0
67523_20210624_3_0_0_1_2_13_0_124,/content/drive/MyDrive/CD2_DSA/raw/val/images/67523_20210624_3_0_0_1_2_13_0_124.jpg,0,0
994_20210624_3_0_0_1_2_13_0_49,/content/drive/MyDrive/CD2_DSA/raw/val/images/994_20210624_3_0_0_1_2_13_0_49.jpg,0,0
86552_20210624_3_0_0_1_2_13_0_121,/content/drive/MyDrive/CD2_DSA/raw/val/images/86552_20210624_3_0_0_1_2_13_0_121.jpg,0,0
304188_20210913_3_0_0_3_2_11_0_425,/content/drive/MyDrive/CD2_DSA/raw/val/images/304188_20210913_3_0_0_3_2_11_0_425.jpg,0,0
3740_20210622_3_1_a9_3_2_13_3_18,/content/drive/MyDrive/CD2_DSA/raw/val/images/3740_20210622_3_1_a9_3_2_13_3_18.jpg,1,1
5851_20210622_3_1_a9_3_2_13_1_36,/content/drive/MyDrive/CD2_DSA/raw/val/images/5851_20210622_3_1_a9_3_2_13_1_36.jpg,1,1
3174_20210629_3_1_a9_3_2_13_1_29,/content/drive/MyDrive/CD2_DSA/raw/val/images/3174_20210629_3_1_a9_3_2_13_1_29.jpg,1,0
6809_20210624_3_0_0_1_2_13_0_34,/content/drive/MyDrive/CD2_DSA/raw/val/images/6809_20210624_3_0_0_1_2_13_0_34.jpg,0,0
67581_20210624_3_0_0_1_2_13_0_152,/content/drive/MyDrive/CD2_DSA/raw/val/images/67581_20210624_3_0_0_1_2_13_0_152.jpg,0,0
16635_20210706_3_1_a9_3_2_13_2_486,/content/drive/MyDrive/CD2_DSA/raw/val/images/16635_20210706_3_1_a9_3_2_13_2_486.jpg,1,0
308800_20210914_3_0_0_5_2_11_0_276,/content/drive/MyDrive/CD2_DSA/raw/val/images/308800_20210914_3_0_0_5_2_11_0_276.jpg,0,0
3660_20210629_3_1_a9_3_2_13_2_39,/content/drive/MyDrive/CD2_DSA/raw/val/images/3660_20210629_3_1_a9_3_2_13_2_39.jpg,1,1
95230_20210624_3_0_0_1_2_13_0_51,/content/drive/MyDrive/CD2_DSA/raw/val/images/95230_20210624_3_0_0_1_2_13_0_51.jpg,0,0
311694_20210803_3_0_0_3_2_11_0_26,/content/drive/MyDrive/CD2_DSA/raw/val/images/311694_20210803_3_0_0_3_2_11_0_26.jpg,0,0
5725_20210622_3_1_a9_3_2_13_1_10,/content/drive/MyDrive/CD2_DSA/raw/val/images/5725_20210622_3_1_a9_3_2_13_1_10.jpg,1,1
304316_20210913_3_0_0_3_2_11_0_553,/content/drive/MyDrive/CD2_DSA/raw/val/images/304316_20210913_3_0_0_3_2_11_0_553.jpg,0,0
170913_20210624_3_0_0_5_2_13_0_107,/content/drive/MyDrive/CD2_DSA/raw/val/images/170913_20210624_3_0_0_5_2_13_0_107.jpg,0,0
82845_20210624_3_0_0_1_2_13_0_16,/content/drive/MyDrive/CD2_DSA/raw/val/images/82845_20210624_3_0_0_1_2_13_0_16.jpg,0,0
16344_20210706_3_1_a9_3_2_13_2_274,/content/drive/MyDrive/CD2_DSA/raw/val/images/16344_20210706_3_1_a9_3_2_13_2_274.jpg,1,1
304102_20210913_3_0_0_3_2_11_0_339,/content/drive/MyDrive/CD2_DSA/raw/val/images/304102_20210913_3_0_0_3_2_11_0_339.jpg,0,0
311730_20210803_3_0_0_3_2_11_0_62,/content/drive/MyDrive/CD2_DSA/raw/val/images/311730_20210803_3_0_0_3_2_11_0_62.jpg,0,0
16362_20210706_3_1_a9_3_2_13_2_292,/content/drive/MyDrive/CD2_DSA/raw/val/images/16362_20210706_3_1_a9_3_2_13_2_292.jpg,1,1
308215_20210914_3_0_0_3_2_11_0_115,/content/drive/MyDrive/CD2_DSA/raw/val/images/308215_20210914_3_0_0_3_2_11_0_115.jpg,0,0
307469_20210914_3_0_0_3_2_11_0_69,/content/drive/MyDrive/CD2_DSA/raw/val/images/307469_20210914_3_0_0_3_2_11_0_69.jpg,0,0
4737_20210622_3_1_a9_3_2_13_2_105,/content/drive/MyDrive/CD2_DSA/raw/val/images/4737_20210622_3_1_a9_3_2_13_2_105.jpg,1,1
32321_20210624_3_0_0_4_2_13_0_24,/content/drive/MyDrive/CD2_DSA/raw/val/images/32321_20210624_3_0_0_4_2_13_0_24.jpg,0,0
16927_20210622_3_1_a9_3_2_13_2_17,/content/drive/MyDrive/CD2_DSA/raw/val/images/16927_20210622_3_1_a9_3_2_13_2_17.jpg,1,1
16972_20210622_3_1_a9_3_2_13_1_93,/content/drive/MyDrive/CD2_DSA/raw/val/images/16972_20210622_3_1_a9_3_2_13_1_93.jpg,1,0
308063_20210914_3_0_0_5_2_11_0_260,/content/drive/MyDrive/CD2_DSA/raw/val/images/308063_20210914_3_0_0_5_2_11_0_260.jpg,0,0
104082_20210624_3_0_0_4_2_13_0_160,/content/drive/MyDrive/CD2_DSA/raw/val/images/104082_20210624_3_0_0_4_2_13_0_160.jpg,0,0
312184_20210914_3_0_0_3_2_11_0_307,/content/drive/MyDrive/CD2_DSA/raw/val/images/312184_20210914_3_0_0_3_2_11_0_307.jpg,0,0
308538_20210914_3_0_0_5_2_11_0_14,/content/drive/MyDrive/CD2_DSA/raw/val/images/308538_20210914_3_0_0_5_2_11_0_14.jpg,0,0
308759_20210914_3_0_0_5_2_11_0_235,/content/drive/MyDrive/CD2_DSA/raw/val/images/308759_20210914_3_0_0_5_2_11_0_235.jpg,0,0
697_20210622_3_1_a9_3_2_13_1_62,/content/drive/MyDrive/CD2_DSA/raw/val/images/697_20210622_3_1_a9_3_2_13_1_62.jpg,1,1
308594_20210914_3_0_0_5_2_11_0_70,/content/drive/MyDrive/CD2_DSA/raw/val/images/308594_20210914_3_0_0_5_2_11_0_70.jpg,0,0
308370_20210914_3_0_0_3_2_11_0_270,/content/drive/MyDrive/CD2_DSA/raw/val/images/308370_20210914_3_0_0_3_2_11_0_270.jpg,0,0
65870_20210624_3_0_0_4_2_13_0_1,/content/drive/MyDrive/CD2_DSA/raw/val/images/65870_20210624_3_0_0_4_2_13_0_1.jpg,0,0
307873_20210914_3_0_0_5_2_11_0_70,/content/drive/MyDrive/CD2_DSA/raw/val/images/307873_20210914_3_0_0_5_2_11_0_70.jpg,0,0
15667_20210706_3_1_a9_3_2_13_3_98,/content/drive/MyDrive/CD2_DSA/raw/val/images/15667_20210706_3_1_a9_3_2_13_3_98.jpg,1,1
3637_20210629_3_1_a9_3_2_13_2_16,/content/drive/MyDrive/CD2_DSA/raw/val/images/3637_20210629_3_1_a9_3_2_13_2_16.jpg,1,1
15693_20210706_3_1_a9_3_2_13_3_124,/content/drive/MyDrive/CD2_DSA/raw/val/images/15693_20210706_3_1_a9_3_2_13_3_124.jpg,1,1
304011_20210913_3_0_0_3_2_11_0_248,/content/drive/MyDrive/CD2_DSA/raw/val/images/304011_20210913_3_0_0_3_2_11_0_248.jpg,0,0
3190_20210629_3_1_a9_3_2_13_1_45,/content/drive/MyDrive/CD2_DSA/raw/val/images/3190_20210629_3_1_a9_3_2_13_1_45.jpg,1,1
307647_20210914_3_0_0_3_2_11_0_247,/content/drive/MyDrive/CD2_DSA/raw/val/images/307647_20210914_3_0_0_3_2_11_0_247.jpg,0,0
890_20210622_3_1_a9_3_2_13_3_88,/content/drive/MyDrive/CD2_DSA/raw/val/images/890_20210622_3_1_a9_3_2_13_3_88.jpg,1,1
308761_20210914_3_0_0_5_2_11_0_237,/content/drive/MyDrive/CD2_DSA/raw/val/images/308761_20210914_3_0_0_5_2_11_0_237.jpg,0,0
109410_20210624_3_0_0_3_2_13_0_24,/content/drive/MyDrive/CD2_DSA/raw/val/images/109410_20210624_3_0_0_3_2_13_0_24.jpg,0,0
25707_20210624_3_0_0_5_2_13_0_131,/content/drive/MyDrive/CD2_DSA/raw/val/images/25707_20210624_3_0_0_5_2_13_0_131.jpg,0,0
7142_20210624_3_0_0_1_2_13_0_186,/content/drive/MyDrive/CD2_DSA/raw/val/images/7142_20210624_3_0_0_1_2_13_0_186.jpg,0,0
1119_20210624_3_0_0_1_2_13_0_174,/content/drive/MyDrive/CD2_DSA/raw/val/images/1119_20210624_3_0_0_1_2_13_0_174.jpg,0,0
16940_20210622_3_1_a9_3_2_13_2_30,/content/drive/MyDrive/CD2_DSA/raw/val/images/16940_20210622_3_1_a9_3_2_13_2_30.jpg,1,1
5730_20210622_3_1_a9_3_2_13_1_15,/content/drive/MyDrive/CD2_DSA/raw/val/images/5730_20210622_3_1_a9_3_2_13_1_15.jpg,1,1
67477_20210624_3_0_0_1_2_13_0_78,/content/drive/MyDrive/CD2_DSA/raw/val/images/67477_20210624_3_0_0_1_2_13_0_78.jpg,0,0
3847_20210629_3_1_a9_3_2_13_3_56,/content/drive/MyDrive/CD2_DSA/raw/val/images/3847_20210629_3_1_a9_3_2_13_3_56.jpg,1,1
16814_20210713_3_1_a9_3_2_13_3_76,/content/drive/MyDrive/CD2_DSA/raw/val/images/16814_20210713_3_1_a9_3_2_13_3_76.jpg,1,1
16267_20210706_3_1_a9_3_2_13_2_197,/content/drive/MyDrive/CD2_DSA/raw/val/images/16267_20210706_3_1_a9_3_2_13_2_197.jpg,1,0
3375_20210629_3_1_a9_3_2_13_1_130,/content/drive/MyDrive/CD2_DSA/raw/val/images/3375_20210629_3_1_a9_3_2_13_1_130.jpg,1,1
66287_20210624_3_0_0_4_2_13_0_188,/content/drive/MyDrive/CD2_DSA/raw/val/images/66287_20210624_3_0_0_4_2_13_0_188.jpg,0,0
308372_20210914_3_0_0_3_2_11_0_272,/content/drive/MyDrive/CD2_DSA/raw/val/images/308372_20210914_3_0_0_3_2_11_0_272.jpg,0,0
16359_20210706_3_1_a9_3_2_13_2_289,/content/drive/MyDrive/CD2_DSA/raw/val/images/16359_20210706_3_1_a9_3_2_13_2_289.jpg,1,0
307430_20210914_3_0_0_3_2_11_0_30,/content/drive/MyDrive/CD2_DSA/raw/val/images/307430_20210914_3_0_0_3_2_11_0_30.jpg,0,0
1700_20210622_3_1_a9_3_2_13_2_272,/content/drive/MyDrive/CD2_DSA/raw/val/images/1700_20210622_3_1_a9_3_2_13_2_272.jpg,0,1
311686_20210803_3_0_0_3_2_11_0_18,/content/drive/MyDrive/CD2_DSA/raw/val/images/311686_20210803_3_0_0_3_2_11_0_18.jpg,0,0
67598_20210624_3_0_0_1_2_13_0_169,/content/drive/MyDrive/CD2_DSA/raw/val/images/67598_20210624_3_0_0_1_2_13_0_169.jpg,0,0
16009_20210706_3_1_a9_3_2_13_2_19,/content/drive/MyDrive/CD2_DSA/raw/val/images/16009_20210706_3_1_a9_3_2_13_2_19.jpg,1,1
795_20210622_3_1_a9_3_2_13_1_160,/content/drive/MyDrive/CD2_DSA/raw/val/images/795_20210622_3_1_a9_3_2_13_1_160.jpg,1,1
104077_20210624_3_0_0_4_2_13_0_155,/content/drive/MyDrive/CD2_DSA/raw/val/images/104077_20210624_3_0_0_4_2_13_0_155.jpg,0,0
308654_20210914_3_0_0_5_2_11_0_131,/content/drive/MyDrive/CD2_DSA/raw/val/images/308654_20210914_3_0_0_5_2_11_0_131.jpg,0,0
170828_20210624_3_0_0_5_2_13_0_22,/content/drive/MyDrive/CD2_DSA/raw/val/images/170828_20210624_3_0_0_5_2_13_0_22.jpg,0,0
7128_20210624_3_0_0_1_2_13_0_172,/content/drive/MyDrive/CD2_DSA/raw/val/images/7128_20210624_3_0_0_1_2_13_0_172.jpg,0,0
312147_20210914_3_0_0_3_2_11_0_270,/content/drive/MyDrive/CD2_DSA/raw/val/images/312147_20210914_3_0_0_3_2_11_0_270.jpg,0,0
16975_20210622_3_1_a9_3_2_13_1_96,/content/drive/MyDrive/CD2_DSA/raw/val/images/16975_20210622_3_1_a9_3_2_13_1_96.jpg,1,0
3409_20210629_3_1_a9_3_2_13_1_164,/content/drive/MyDrive/CD2_DSA/raw/val/images/3409_20210629_3_1_a9_3_2_13_1_164.jpg,1,1
3196_20210629_3_1_a9_3_2_13_1_51,/content/drive/MyDrive/CD2_DSA/raw/val/images/3196_20210629_3_1_a9_3_2_13_1_51.jpg,1,1
67595_20210624_3_0_0_1_2_13_0_166,/content/drive/MyDrive/CD2_DSA/raw/val/images/67595_20210624_3_0_0_1_2_13_0_166.jpg,0,0
16031_20210706_3_1_a9_3_2_13_2_41,/content/drive/MyDrive/CD2_DSA/raw/val/images/16031_20210706_3_1_a9_3_2_13_2_41.jpg,1,1
3815_20210629_3_1_a9_3_2_13_3_24,/content/drive/MyDrive/CD2_DSA/raw/val/images/3815_20210629_3_1_a9_3_2_13_3_24.jpg,1,1
95474_20210624_3_0_0_1_2_13_0_140,/content/drive/MyDrive/CD2_DSA/raw/val/images/95474_20210624_3_0_0_1_2_13_0_140.jpg,0,0
307980_20210914_3_0_0_5_2_11_0_177,/content/drive/MyDrive/CD2_DSA/raw/val/images/307980_20210914_3_0_0_5_2_11_0_177.jpg,0,0
308704_20210914_3_0_0_5_2_11_0_181,/content/drive/MyDrive/CD2_DSA/raw/val/images/308704_20210914_3_0_0_5_2_11_0_181.jpg,0,0
304148_20210913_3_0_0_3_2_11_0_385,/content/drive/MyDrive/CD2_DSA/raw/val/images/304148_20210913_3_0_0_3_2_11_0_385.jpg,0,0
15999_20210706_3_1_a9_3_2_13_2_9,/content/drive/MyDrive/CD2_DSA/raw/val/images/15999_20210706_3_1_a9_3_2_13_2_9.jpg,1,1
106240_20210624_3_0_0_1_2_13_0_37,/content/drive/MyDrive/CD2_DSA/raw/val/images/106240_20210624_3_0_0_1_2_13_0_37.jpg,0,0
308777_20210914_3_0_0_5_2_11_0_253,/content/drive/MyDrive/CD2_DSA/raw/val/images/308777_20210914_3_0_0_5_2_11_0_253.jpg,0,0
125601_20210624_3_0_0_2_2_13_0_5,/content/drive/MyDrive/CD2_DSA/raw/val/images/125601_20210624_3_0_0_2_2_13_0_5.jpg,0,0
49043_20210624_3_0_0_1_2_13_0_117,/content/drive/MyDrive/CD2_DSA/raw/val/images/49043_20210624_3_0_0_1_2_13_0_117.jpg,0,0
307982_20210914_3_0_0_5_2_11_0_179,/content/drive/MyDrive/CD2_DSA/raw/val/images/307982_20210914_3_0_0_5_2_11_0_179.jpg,0,0
312095_20210914_3_0_0_3_2_11_0_218,/content/drive/MyDrive/CD2_DSA/raw/val/images/312095_20210914_3_0_0_3_2_11_0_218.jpg,0,0
307881_20210914_3_0_0_5_2_11_0_78,/content/drive/MyDrive/CD2_DSA/raw/val/images/307881_20210914_3_0_0_5_2_11_0_78.jpg,0,0
311690_20210803_3_0_0_3_2_11_0_22,/content/drive/MyDrive/CD2_DSA/raw/val/images/311690_20210803_3_0_0_3_2_11_0_22.jpg,0,0
170875_20210624_3_0_0_5_2_13_0_69,/content/drive/MyDrive/CD2_DSA/raw/val/images/170875_20210624_3_0_0_5_2_13_0_69.jpg,0,0
307906_20210914_3_0_0_5_2_11_0_103,/content/drive/MyDrive/CD2_DSA/raw/val/images/307906_20210914_3_0_0_5_2_11_0_103.jpg,0,0
308373_20210914_3_0_0_3_2_11_0_273,/content/drive/MyDrive/CD2_DSA/raw/val/images/308373_20210914_3_0_0_3_2_11_0_273.jpg,0,0
26220_20210624_3_0_0_5_2_13_0_181,/content/drive/MyDrive/CD2_DSA/raw/val/images/26220_20210624_3_0_0_5_2_13_0_181.jpg,0,0
308286_20210914_3_0_0_3_2_11_0_186,/content/drive/MyDrive/CD2_DSA/raw/val/images/308286_20210914_3_0_0_3_2_11_0_186.jpg,0,0
106248_20210624_3_0_0_1_2_13_0_45,/content/drive/MyDrive/CD2_DSA/raw/val/images/106248_20210624_3_0_0_1_2_13_0_45.jpg,0,0
108303_20210624_3_0_0_2_2_13_0_176,/content/drive/MyDrive/CD2_DSA/raw/val/images/108303_20210624_3_0_0_2_2_13_0_176.jpg,0,0
106574_20210624_3_0_0_1_2_13_0_171,/content/drive/MyDrive/CD2_DSA/raw/val/images/106574_20210624_3_0_0_1_2_13_0_171.jpg,0,0
15149_20210622_3_1_a9_3_2_13_3_60,/content/drive/MyDrive/CD2_DSA/raw/val/images/15149_20210622_3_1_a9_3_2_13_3_60.jpg,1,0
106543_20210624_3_0_0_1_2_13_0_140,/content/drive/MyDrive/CD2_DSA/raw/val/images/106543_20210624_3_0_0_1_2_13_0_140.jpg,0,0
307910_20210914_3_0_0_5_2_11_0_107,/content/drive/MyDrive/CD2_DSA/raw/val/images/307910_20210914_3_0_0_5_2_11_0_107.jpg,0,0
126114_20210624_3_0_0_5_2_13_0_49,/content/drive/MyDrive/CD2_DSA/raw/val/images/126114_20210624_3_0_0_5_2_13_0_49.jpg,0,0
125103_20210624_3_0_0_1_2_13_0_134,/content/drive/MyDrive/CD2_DSA/raw/val/images/125103_20210624_3_0_0_1_2_13_0_134.jpg,0,0
304065_20210913_3_0_0_3_2_11_0_302,/content/drive/MyDrive/CD2_DSA/raw/val/images/304065_20210913_3_0_0_3_2_11_0_302.jpg,0,0
16544_20210706_3_1_a9_3_2_13_3_59,/content/drive/MyDrive/CD2_DSA/raw/val/images/16544_20210706_3_1_a9_3_2_13_3_59.jpg,1,0
106585_20210624_3_0_0_1_2_13_0_182,/content/drive/MyDrive/CD2_DSA/raw/val/images/106585_20210624_3_0_0_1_2_13_0_182.jpg,0,0
15775_20210622_3_1_a9_3_2_13_2_16,/content/drive/MyDrive/CD2_DSA/raw/val/images/15775_20210622_3_1_a9_3_2_13_2_16.jpg,1,1
71147_20210624_3_0_0_3_2_13_0_0,/content/drive/MyDrive/CD2_DSA/raw/val/images/71147_20210624_3_0_0_3_2_13_0_0.jpg,0,0
307791_20210914_3_0_0_3_2_11_0_391,/content/drive/MyDrive/CD2_DSA/raw/val/images/307791_20210914_3_0_0_3_2_11_0_391.jpg,0,0
4085_20210622_3_1_a9_3_2_13_2_16,/content/drive/MyDrive/CD2_DSA/raw/val/images/4085_20210622_3_1_a9_3_2_13_2_16.jpg,1,1
15114_20210622_3_1_a9_3_2_13_3_25,/content/drive/MyDrive/CD2_DSA/raw/val/images/15114_20210622_3_1_a9_3_2_13_3_25.jpg,1,1
312117_20210914_3_0_0_3_2_11_0_240,/content/drive/MyDrive/CD2_DSA/raw/val/images/312117_20210914_3_0_0_3_2_11_0_240.jpg,0,0
995_20210624_3_0_0_1_2_13_0_50,/content/drive/MyDrive/CD2_DSA/raw/val/images/995_20210624_3_0_0_1_2_13_0_50.jpg,0,0
67539_20210624_3_0_0_1_2_13_0_140,/content/drive/MyDrive/CD2_DSA/raw/val/images/67539_20210624_3_0_0_1_2_13_0_140.jpg,0,0
86862_20210624_3_0_0_1_2_13_0_187,/content/drive/MyDrive/CD2_DSA/raw/val/images/86862_20210624_3_0_0_1_2_13_0_187.jpg,0,0
16617_20210706_3_1_a9_3_2_13_2_468,/content/drive/MyDrive/CD2_DSA/raw/val/images/16617_20210706_3_1_a9_3_2_13_2_468.jpg,1,1
95226_20210624_3_0_0_1_2_13_0_47,/content/drive/MyDrive/CD2_DSA/raw/val/images/95226_20210624_3_0_0_1_2_13_0_47.jpg,0,0
304245_20210913_3_0_0_3_2_11_0_482,/content/drive/MyDrive/CD2_DSA/raw/val/images/304245_20210913_3_0_0_3_2_11_0_482.jpg,0,0
86553_20210624_3_0_0_1_2_13_0_122,/content/drive/MyDrive/CD2_DSA/raw/val/images/86553_20210624_3_0_0_1_2_13_0_122.jpg,0,0
312036_20210914_3_0_0_3_2_11_0_159,/content/drive/MyDrive/CD2_DSA/raw/val/images/312036_20210914_3_0_0_3_2_11_0_159.jpg,0,0
16039_20210706_3_1_a9_3_2_13_2_49,/content/drive/MyDrive/CD2_DSA/raw/val/images/16039_20210706_3_1_a9_3_2_13_2_49.jpg,1,1
311933_20210914_3_0_0_3_2_11_0_56,/content/drive/MyDrive/CD2_DSA/raw/val/images/311933_20210914_3_0_0_3_2_11_0_56.jpg,0,0
3431_20210629_3_1_a9_3_2_13_1_186,/content/drive/MyDrive/CD2_DSA/raw/val/images/3431_20210629_3_1_a9_3_2_13_1_186.jpg,1,1
3977_20210622_3_1_a9_3_2_13_2_8,/content/drive/MyDrive/CD2_DSA/raw/val/images/3977_20210622_3_1_a9_3_2_13_2_8.jpg,1,1
16708_20210706_3_1_a9_3_2_13_2_559,/content/drive/MyDrive/CD2_DSA/raw/val/images/16708_20210706_3_1_a9_3_2_13_2_559.jpg,1,1
308383_20210914_3_0_0_3_2_11_0_283,/content/drive/MyDrive/CD2_DSA/raw/val/images/308383_20210914_3_0_0_3_2_11_0_283.jpg,0,0
312015_20210914_3_0_0_3_2_11_0_138,/content/drive/MyDrive/CD2_DSA/raw/val/images/312015_20210914_3_0_0_3_2_11_0_138.jpg,0,0
6785_20210624_3_0_0_1_2_13_0_10,/content/drive/MyDrive/CD2_DSA/raw/val/images/6785_20210624_3_0_0_1_2_13_0_10.jpg,0,0
308541_20210914_3_0_0_5_2_11_0_17,/content/drive/MyDrive/CD2_DSA/raw/val/images/308541_20210914_3_0_0_5_2_11_0_17.jpg,0,0
312148_20210914_3_0_0_3_2_11_0_271,/content/drive/MyDrive/CD2_DSA/raw/val/images/312148_20210914_3_0_0_3_2_11_0_271.jpg,0,0
304025_20210913_3_0_0_3_2_11_0_262,/content/drive/MyDrive/CD2_DSA/raw/val/images/304025_20210913_3_0_0_3_2_11_0_262.jpg,0,0
1697_20210622_3_1_a9_3_2_13_2_269,/content/drive/MyDrive/CD2_DSA/raw/val/images/1697_20210622_3_1_a9_3_2_13_2_269.jpg,1,1
95444_20210624_3_0_0_1_2_13_0_110,/content/drive/MyDrive/CD2_DSA/raw/val/images/95444_20210624_3_0_0_1_2_13_0_110.jpg,0,0
65882_20210624_3_0_0_4_2_13_0_13,/content/drive/MyDrive/CD2_DSA/raw/val/images/65882_20210624_3_0_0_4_2_13_0_13.jpg,0,0
10535_20210624_3_0_0_3_2_13_0_41,/content/drive/MyDrive/CD2_DSA/raw/val/images/10535_20210624_3_0_0_3_2_13_0_41.jpg,0,0
304071_20210913_3_0_0_3_2_11_0_308,/content/drive/MyDrive/CD2_DSA/raw/val/images/304071_20210913_3_0_0_3_2_11_0_308.jpg,0,0
3804_20210629_3_1_a9_3_2_13_3_13,/content/drive/MyDrive/CD2_DSA/raw/val/images/3804_20210629_3_1_a9_3_2_13_3_13.jpg,1,1
312181_20210914_3_0_0_3_2_11_0_304,/content/drive/MyDrive/CD2_DSA/raw/val/images/312181_20210914_3_0_0_3_2_11_0_304.jpg,0,0
1578_20210622_3_1_a9_3_2_13_2_150,/content/drive/MyDrive/CD2_DSA/raw/val/images/1578_20210622_3_1_a9_3_2_13_2_150.jpg,1,1
3630_20210629_3_1_a9_3_2_13_2_9,/content/drive/MyDrive/CD2_DSA/raw/val/images/3630_20210629_3_1_a9_3_2_13_2_9.jpg,1,0
304206_20210913_3_0_0_3_2_11_0_443,/content/drive/MyDrive/CD2_DSA/raw/val/images/304206_20210913_3_0_0_3_2_11_0_443.jpg,0,0
103801_20210624_3_0_0_4_2_13_0_79,/content/drive/MyDrive/CD2_DSA/raw/val/images/103801_20210624_3_0_0_4_2_13_0_79.jpg,0,0
6497_20210622_3_1_a9_3_2_13_1_125,/content/drive/MyDrive/CD2_DSA/raw/val/images/6497_20210622_3_1_a9_3_2_13_1_125.jpg,1,1
307823_20210914_3_0_0_5_2_11_0_20,/content/drive/MyDrive/CD2_DSA/raw/val/images/307823_20210914_3_0_0_5_2_11_0_20.jpg,0,0
1102_20210624_3_0_0_1_2_13_0_157,/content/drive/MyDrive/CD2_DSA/raw/val/images/1102_20210624_3_0_0_1_2_13_0_157.jpg,0,0
3419_20210629_3_1_a9_3_2_13_1_174,/content/drive/MyDrive/CD2_DSA/raw/val/images/3419_20210629_3_1_a9_3_2_13_1_174.jpg,1,0
16777_20210713_3_1_a9_3_2_13_3_39,/content/drive/MyDrive/CD2_DSA/raw/val/images/16777_20210713_3_1_a9_3_2_13_3_39.jpg,1,1
15890_20210622_3_1_a9_3_2_13_2_131,/content/drive/MyDrive/CD2_DSA/raw/val/images/15890_20210622_3_1_a9_3_2_13_2_131.jpg,1,1
307683_20210914_3_0_0_3_2_11_0_283,/content/drive/MyDrive/CD2_DSA/raw/val/images/307683_20210914_3_0_0_3_2_11_0_283.jpg,0,0
1644_20210622_3_1_a9_3_2_13_2_216,/content/drive/MyDrive/CD2_DSA/raw/val/images/1644_20210622_3_1_a9_3_2_13_2_216.jpg,1,0
6892_20210624_3_0_0_1_2_13_0_117,/content/drive/MyDrive/CD2_DSA/raw/val/images/6892_20210624_3_0_0_1_2_13_0_117.jpg,0,0
125081_20210624_3_0_0_1_2_13_0_112,/content/drive/MyDrive/CD2_DSA/raw/val/images/125081_20210624_3_0_0_1_2_13_0_112.jpg,0,0
793_20210622_3_1_a9_3_2_13_1_158,/content/drive/MyDrive/CD2_DSA/raw/val/images/793_20210622_3_1_a9_3_2_13_1_158.jpg,1,0
10547_20210624_3_0_0_3_2_13_0_53,/content/drive/MyDrive/CD2_DSA/raw/val/images/10547_20210624_3_0_0_3_2_13_0_53.jpg,0,0
1112_20210624_3_0_0_1_2_13_0_167,/content/drive/MyDrive/CD2_DSA/raw/val/images/1112_20210624_3_0_0_1_2_13_0_167.jpg,0,0
16585_20210706_3_1_a9_3_2_13_2_436,/content/drive/MyDrive/CD2_DSA/raw/val/images/16585_20210706_3_1_a9_3_2_13_2_436.jpg,1,1
16369_20210706_3_1_a9_3_2_13_2_299,/content/drive/MyDrive/CD2_DSA/raw/val/images/16369_20210706_3_1_a9_3_2_13_2_299.jpg,1,1
308328_20210914_3_0_0_3_2_11_0_228,/content/drive/MyDrive/CD2_DSA/raw/val/images/308328_20210914_3_0_0_3_2_11_0_228.jpg,0,0
66311_20210624_3_0_0_4_2_13_0_212,/content/drive/MyDrive/CD2_DSA/raw/val/images/66311_20210624_3_0_0_4_2_13_0_212.jpg,0,0
15613_20210706_3_1_a9_3_2_13_3_44,/content/drive/MyDrive/CD2_DSA/raw/val/images/15613_20210706_3_1_a9_3_2_13_3_44.jpg,1,1
16741_20210713_3_1_a9_3_2_13_3_2,/content/drive/MyDrive/CD2_DSA/raw/val/images/16741_20210713_3_1_a9_3_2_13_3_2.jpg,1,1
10521_20210624_3_0_0_3_2_13_0_27,/content/drive/MyDrive/CD2_DSA/raw/val/images/10521_20210624_3_0_0_3_2_13_0_27.jpg,0,0
3825_20210629_3_1_a9_3_2_13_3_34,/content/drive/MyDrive/CD2_DSA/raw/val/images/3825_20210629_3_1_a9_3_2_13_3_34.jpg,1,1
16297_20210706_3_1_a9_3_2_13_2_227,/content/drive/MyDrive/CD2_DSA/raw/val/images/16297_20210706_3_1_a9_3_2_13_2_227.jpg,1,1
16316_20210706_3_1_a9_3_2_13_2_246,/content/drive/MyDrive/CD2_DSA/raw/val/images/16316_20210706_3_1_a9_3_2_13_2_246.jpg,1,1
83225_20210624_3_0_0_1_2_13_0_138,/content/drive/MyDrive/CD2_DSA/raw/val/images/83225_20210624_3_0_0_1_2_13_0_138.jpg,0,0
16516_20210706_3_1_a9_3_2_13_3_31,/content/drive/MyDrive/CD2_DSA/raw/val/images/16516_20210706_3_1_a9_3_2_13_3_31.jpg,1,1
307535_20210914_3_0_0_3_2_11_0_135,/content/drive/MyDrive/CD2_DSA/raw/val/images/307535_20210914_3_0_0_3_2_11_0_135.jpg,0,0
16944_20210622_3_1_a9_3_2_13_2_34,/content/drive/MyDrive/CD2_DSA/raw/val/images/16944_20210622_3_1_a9_3_2_13_2_34.jpg,1,1
7523_20210622_3_1_a9_3_2_13_1_202,/content/drive/MyDrive/CD2_DSA/raw/val/images/7523_20210622_3_1_a9_3_2_13_1_202.jpg,1,1
49035_20210624_3_0_0_1_2_13_0_109,/content/drive/MyDrive/CD2_DSA/raw/val/images/49035_20210624_3_0_0_1_2_13_0_109.jpg,0,0
307641_20210914_3_0_0_3_2_11_0_241,/content/drive/MyDrive/CD2_DSA/raw/val/images/307641_20210914_3_0_0_3_2_11_0_241.jpg,0,0
311668_20210803_3_0_0_3_2_11_0_0,/content/drive/MyDrive/CD2_DSA/raw/val/images/311668_20210803_3_0_0_3_2_11_0_0.jpg,0,0
1585_20210622_3_1_a9_3_2_13_2_157,/content/drive/MyDrive/CD2_DSA/raw/val/images/1585_20210622_3_1_a9_3_2_13_2_157.jpg,1,1
308174_20210914_3_0_0_3_2_11_0_74,/content/drive/MyDrive/CD2_DSA/raw/val/images/308174_20210914_3_0_0_3_2_11_0_74.jpg,0,0
3652_20210629_3_1_a9_3_2_13_2_31,/content/drive/MyDrive/CD2_DSA/raw/val/images/3652_20210629_3_1_a9_3_2_13_2_31.jpg,1,1
15770_20210622_3_1_a9_3_2_13_2_11,/content/drive/MyDrive/CD2_DSA/raw/val/images/15770_20210622_3_1_a9_3_2_13_2_11.jpg,1,0
307527_20210914_3_0_0_3_2_11_0_127,/content/drive/MyDrive/CD2_DSA/raw/val/images/307527_20210914_3_0_0_3_2_11_0_127.jpg,0,0
3750_20210622_3_1_a9_3_2_13_3_28,/content/drive/MyDrive/CD2_DSA/raw/val/images/3750_20210622_3_1_a9_3_2_13_3_28.jpg,1,0
125131_20210624_3_0_0_1_2_13_0_162,/content/drive/MyDrive/CD2_DSA/raw/val/images/125131_20210624_3_0_0_1_2_13_0_162.jpg,0,0
16908_20210622_3_1_a9_3_2_13_1_68,/content/drive/MyDrive/CD2_DSA/raw/val/images/16908_20210622_3_1_a9_3_2_13_1_68.jpg,1,1
170917_20210624_3_0_0_5_2_13_0_111,/content/drive/MyDrive/CD2_DSA/raw/val/images/170917_20210624_3_0_0_5_2_13_0_111.jpg,0,0
7182_20210624_3_0_0_1_2_13_0_226,/content/drive/MyDrive/CD2_DSA/raw/val/images/7182_20210624_3_0_0_1_2_13_0_226.jpg,0,0
16383_20210622_3_1_a9_3_2_13_3_13,/content/drive/MyDrive/CD2_DSA/raw/val/images/16383_20210622_3_1_a9_3_2_13_3_13.jpg,1,1
3357_20210629_3_1_a9_3_2_13_1_112,/content/drive/MyDrive/CD2_DSA/raw/val/images/3357_20210629_3_1_a9_3_2_13_1_112.jpg,1,1
95217_20210624_3_0_0_1_2_13_0_38,/content/drive/MyDrive/CD2_DSA/raw/val/images/95217_20210624_3_0_0_1_2_13_0_38.jpg,0,0
86876_20210624_3_0_0_1_2_13_0_201,/content/drive/MyDrive/CD2_DSA/raw/val/images/86876_20210624_3_0_0_1_2_13_0_201.jpg,0,0
307795_20210914_3_0_0_3_2_11_0_395,/content/drive/MyDrive/CD2_DSA/raw/val/images/307795_20210914_3_0_0_3_2_11_0_395.jpg,0,0
7606_20210622_3_1_a9_3_2_13_1_218,/content/drive/MyDrive/CD2_DSA/raw/val/images/7606_20210622_3_1_a9_3_2_13_1_218.jpg,1,1
16111_20210706_3_1_a9_3_2_13_2_121,/content/drive/MyDrive/CD2_DSA/raw/val/images/16111_20210706_3_1_a9_3_2_13_2_121.jpg,1,1
16098_20210706_3_1_a9_3_2_13_2_108,/content/drive/MyDrive/CD2_DSA/raw/val/images/16098_20210706_3_1_a9_3_2_13_2_108.jpg,1,1
16848_20210622_3_1_a9_3_2_13_1_8,/content/drive/MyDrive/CD2_DSA/raw/val/images/16848_20210622_3_1_a9_3_2_13_1_8.jpg,1,1
7155_20210624_3_0_0_1_2_13_0_199,/content/drive/MyDrive/CD2_DSA/raw/val/images/7155_20210624_3_0_0_1_2_13_0_199.jpg,0,0
308095_20210914_3_0_0_5_2_11_0_292,/content/drive/MyDrive/CD2_DSA/raw/val/images/308095_20210914_3_0_0_5_2_11_0_292.jpg,0,0
16500_20210706_3_1_a9_3_2_13_3_15,/content/drive/MyDrive/CD2_DSA/raw/val/images/16500_20210706_3_1_a9_3_2_13_3_15.jpg,1,0
308072_20210914_3_0_0_5_2_11_0_269,/content/drive/MyDrive/CD2_DSA/raw/val/images/308072_20210914_3_0_0_5_2_11_0_269.jpg,0,0
311731_20210803_3_0_0_3_2_11_0_63,/content/drive/MyDrive/CD2_DSA/raw/val/images/311731_20210803_3_0_0_3_2_11_0_63.jpg,0,0
304081_20210913_3_0_0_3_2_11_0_318,/content/drive/MyDrive/CD2_DSA/raw/val/images/304081_20210913_3_0_0_3_2_11_0_318.jpg,0,0
12523_20210624_3_0_0_1_2_13_0_164,/content/drive/MyDrive/CD2_DSA/raw/val/images/12523_20210624_3_0_0_1_2_13_0_164.jpg,0,0
16463_20210706_3_1_a9_3_2_13_2_379,/content/drive/MyDrive/CD2_DSA/raw/val/images/16463_20210706_3_1_a9_3_2_13_2_379.jpg,1,1
307748_20210914_3_0_0_3_2_11_0_348,/content/drive/MyDrive/CD2_DSA/raw/val/images/307748_20210914_3_0_0_3_2_11_0_348.jpg,0,0
15662_20210706_3_1_a9_3_2_13_3_93,/content/drive/MyDrive/CD2_DSA/raw/val/images/15662_20210706_3_1_a9_3_2_13_3_93.jpg,1,1
126091_20210624_3_0_0_5_2_13_0_26,/content/drive/MyDrive/CD2_DSA/raw/val/images/126091_20210624_3_0_0_5_2_13_0_26.jpg,0,0
10625_20210624_3_0_0_3_2_13_0_119,/content/drive/MyDrive/CD2_DSA/raw/val/images/10625_20210624_3_0_0_3_2_13_0_119.jpg,0,0
781_20210622_3_1_a9_3_2_13_1_146,/content/drive/MyDrive/CD2_DSA/raw/val/images/781_20210622_3_1_a9_3_2_13_1_146.jpg,1,1
67590_20210624_3_0_0_1_2_13_0_161,/content/drive/MyDrive/CD2_DSA/raw/val/images/67590_20210624_3_0_0_1_2_13_0_161.jpg,0,0
16876_20210622_3_1_a9_3_2_13_1_36,/content/drive/MyDrive/CD2_DSA/raw/val/images/16876_20210622_3_1_a9_3_2_13_1_36.jpg,1,1
16720_20210706_3_1_a9_3_2_13_2_571,/content/drive/MyDrive/CD2_DSA/raw/val/images/16720_20210706_3_1_a9_3_2_13_2_571.jpg,1,0
16795_20210713_3_1_a9_3_2_13_3_57,/content/drive/MyDrive/CD2_DSA/raw/val/images/16795_20210713_3_1_a9_3_2_13_3_57.jpg,1,0
16464_20210706_3_1_a9_3_2_13_2_380,/content/drive/MyDrive/CD2_DSA/raw/val/images/16464_20210706_3_1_a9_3_2_13_2_380.jpg,1,0
67445_20210624_3_0_0_1_2_13_0_46,/content/drive/MyDrive/CD2_DSA/raw/val/images/67445_20210624_3_0_0_1_2_13_0_46.jpg,0,0
16676_20210706_3_1_a9_3_2_13_2_527,/content/drive/MyDrive/CD2_DSA/raw/val/images/16676_20210706_3_1_a9_3_2_13_2_527.jpg,1,0
307742_20210914_3_0_0_3_2_11_0_342,/content/drive/MyDrive/CD2_DSA/raw/val/images/307742_20210914_3_0_0_3_2_11_0_342.jpg,0,0
16234_20210706_3_1_a9_3_2_13_2_164,/content/drive/MyDrive/CD2_DSA/raw/val/images/16234_20210706_3_1_a9_3_2_13_2_164.jpg,1,1
311917_20210914_3_0_0_3_2_11_0_40,/content/drive/MyDrive/CD2_DSA/raw/val/images/311917_20210914_3_0_0_3_2_11_0_40.jpg,0,0
49030_20210624_3_0_0_1_2_13_0_104,/content/drive/MyDrive/CD2_DSA/raw/val/images/49030_20210624_3_0_0_1_2_13_0_104.jpg,0,0
7016_20210622_3_1_a9_3_2_13_1_176,/content/drive/MyDrive/CD2_DSA/raw/val/images/7016_20210622_3_1_a9_3_2_13_1_176.jpg,1,1
16401_20210706_3_1_a9_3_2_13_2_317,/content/drive/MyDrive/CD2_DSA/raw/val/images/16401_20210706_3_1_a9_3_2_13_2_317.jpg,1,1
95904_20210624_3_0_0_3_2_13_0_48,/content/drive/MyDrive/CD2_DSA/raw/val/images/95904_20210624_3_0_0_3_2_13_0_48.jpg,0,0
84345_20210708_3_0_0_1_2_13_0_203,/content/drive/MyDrive/CD2_DSA/raw/val/images/84345_20210708_3_0_0_1_2_13_0_203.jpg,0,0
16670_20210706_3_1_a9_3_2_13_2_521,/content/drive/MyDrive/CD2_DSA/raw/val/images/16670_20210706_3_1_a9_3_2_13_2_521.jpg,1,1
1567_20210622_3_1_a9_3_2_13_2_139,/content/drive/MyDrive/CD2_DSA/raw/val/images/1567_20210622_3_1_a9_3_2_13_2_139.jpg,1,1
307898_20210914_3_0_0_5_2_11_0_95,/content/drive/MyDrive/CD2_DSA/raw/val/images/307898_20210914_3_0_0_5_2_11_0_95.jpg,0,0
68490_20210624_3_0_0_2_2_13_0_0,/content/drive/MyDrive/CD2_DSA/raw/val/images/68490_20210624_3_0_0_2_2_13_0_0.jpg,0,0
26109_20210624_3_0_0_5_2_13_0_158,/content/drive/MyDrive/CD2_DSA/raw/val/images/26109_20210624_3_0_0_5_2_13_0_158.jpg,0,0
307972_20210914_3_0_0_5_2_11_0_169,/content/drive/MyDrive/CD2_DSA/raw/val/images/307972_20210914_3_0_0_5_2_11_0_169.jpg,0,0
307493_20210914_3_0_0_3_2_11_0_93,/content/drive/MyDrive/CD2_DSA/raw/val/images/307493_20210914_3_0_0_3_2_11_0_93.jpg,0,0
26231_20210624_3_0_0_5_2_13_0_192,/content/drive/MyDrive/CD2_DSA/raw/val/images/26231_20210624_3_0_0_5_2_13_0_192.jpg,0,0
304048_20210913_3_0_0_3_2_11_0_285,/content/drive/MyDrive/CD2_DSA/raw/val/images/304048_20210913_3_0_0_3_2_11_0_285.jpg,0,0
308459_20210914_3_0_0_3_2_11_0_359,/content/drive/MyDrive/CD2_DSA/raw/val/images/308459_20210914_3_0_0_3_2_11_0_359.jpg,0,0
34052_20210624_3_0_0_3_2_13_0_0,/content/drive/MyDrive/CD2_DSA/raw/val/images/34052_20210624_3_0_0_3_2_13_0_0.jpg,0,0
125607_20210624_3_0_0_2_2_13_0_11,/content/drive/MyDrive/CD2_DSA/raw/val/images/125607_20210624_3_0_0_2_2_13_0_11.jpg,0,0
3595_20210629_3_1_a9_3_2_13_1_244,/content/drive/MyDrive/CD2_DSA/raw/val/images/3595_20210629_3_1_a9_3_2_13_1_244.jpg,1,1
308325_20210914_3_0_0_3_2_11_0_225,/content/drive/MyDrive/CD2_DSA/raw/val/images/308325_20210914_3_0_0_3_2_11_0_225.jpg,0,0
307981_20210914_3_0_0_5_2_11_0_178,/content/drive/MyDrive/CD2_DSA/raw/val/images/307981_20210914_3_0_0_5_2_11_0_178.jpg,0,0
86546_20210624_3_0_0_1_2_13_0_115,/content/drive/MyDrive/CD2_DSA/raw/val/images/86546_20210624_3_0_0_1_2_13_0_115.jpg,0,0
308431_20210914_3_0_0_3_2_11_0_331,/content/drive/MyDrive/CD2_DSA/raw/val/images/308431_20210914_3_0_0_3_2_11_0_331.jpg,0,0
307773_20210914_3_0_0_3_2_11_0_373,/content/drive/MyDrive/CD2_DSA/raw/val/images/307773_20210914_3_0_0_3_2_11_0_373.jpg,0,0
108306_20210624_3_0_0_2_2_13_0_179,/content/drive/MyDrive/CD2_DSA/raw/val/images/108306_20210624_3_0_0_2_2_13_0_179.jpg,0,0
16329_20210706_3_1_a9_3_2_13_2_259,/content/drive/MyDrive/CD2_DSA/raw/val/images/16329_20210706_3_1_a9_3_2_13_2_259.jpg,1,1
307813_20210914_3_0_0_5_2_11_0_10,/content/drive/MyDrive/CD2_DSA/raw/val/images/307813_20210914_3_0_0_5_2_11_0_10.jpg,0,0
15380_20210622_3_1_a9_3_2_13_3_84,/content/drive/MyDrive/CD2_DSA/raw/val/images/15380_20210622_3_1_a9_3_2_13_3_84.jpg,1,1
308251_20210914_3_0_0_3_2_11_0_151,/content/drive/MyDrive/CD2_DSA/raw/val/images/308251_20210914_3_0_0_3_2_11_0_151.jpg,0,0
16805_20210713_3_1_a9_3_2_13_3_67,/content/drive/MyDrive/CD2_DSA/raw/val/images/16805_20210713_3_1_a9_3_2_13_3_67.jpg,1,0
125641_20210624_3_0_0_2_2_13_0_45,/content/drive/MyDrive/CD2_DSA/raw/val/images/125641_20210624_3_0_0_2_2_13_0_45.jpg,0,0
308282_20210914_3_0_0_3_2_11_0_182,/content/drive/MyDrive/CD2_DSA/raw/val/images/308282_20210914_3_0_0_3_2_11_0_182.jpg,0,0
308265_20210914_3_0_0_3_2_11_0_165,/content/drive/MyDrive/CD2_DSA/raw/val/images/308265_20210914_3_0_0_3_2_11_0_165.jpg,0,0
307565_20210914_3_0_0_3_2_11_0_165,/content/drive/MyDrive/CD2_DSA/raw/val/images/307565_20210914_3_0_0_3_2_11_0_165.jpg,0,0
16209_20210706_3_1_a9_3_2_13_2_139,/content/drive/MyDrive/CD2_DSA/raw/val/images/16209_20210706_3_1_a9_3_2_13_2_139.jpg,1,1
67602_20210624_3_0_0_1_2_13_0_173,/content/drive/MyDrive/CD2_DSA/raw/val/images/67602_20210624_3_0_0_1_2_13_0_173.jpg,0,0
307829_20210914_3_0_0_5_2_11_0_26,/content/drive/MyDrive/CD2_DSA/raw/val/images/307829_20210914_3_0_0_5_2_11_0_26.jpg,0,0
6464_20210622_3_1_a9_3_2_13_1_113,/content/drive/MyDrive/CD2_DSA/raw/val/images/6464_20210622_3_1_a9_3_2_13_1_113.jpg,1,1
15386_20210622_3_1_a9_3_2_13_3_90,/content/drive/MyDrive/CD2_DSA/raw/val/images/15386_20210622_3_1_a9_3_2_13_3_90.jpg,1,0
3191_20210629_3_1_a9_3_2_13_1_46,/content/drive/MyDrive/CD2_DSA/raw/val/images/3191_20210629_3_1_a9_3_2_13_1_46.jpg,1,1
15396_20210622_3_1_a9_3_2_13_3_100,/content/drive/MyDrive/CD2_DSA/raw/val/images/15396_20210622_3_1_a9_3_2_13_3_100.jpg,1,1
307529_20210914_3_0_0_3_2_11_0_129,/content/drive/MyDrive/CD2_DSA/raw/val/images/307529_20210914_3_0_0_3_2_11_0_129.jpg,0,0
304108_20210913_3_0_0_3_2_11_0_345,/content/drive/MyDrive/CD2_DSA/raw/val/images/304108_20210913_3_0_0_3_2_11_0_345.jpg,0,0
123877_20210624_3_0_0_4_2_13_0_41,/content/drive/MyDrive/CD2_DSA/raw/val/images/123877_20210624_3_0_0_4_2_13_0_41.jpg,0,0
15879_20210622_3_1_a9_3_2_13_2_120,/content/drive/MyDrive/CD2_DSA/raw/val/images/15879_20210622_3_1_a9_3_2_13_2_120.jpg,1,1
2459_20210624_3_0_0_4_2_13_0_46,/content/drive/MyDrive/CD2_DSA/raw/val/images/2459_20210624_3_0_0_4_2_13_0_46.jpg,0,0
307740_20210914_3_0_0_3_2_11_0_340,/content/drive/MyDrive/CD2_DSA/raw/val/images/307740_20210914_3_0_0_3_2_11_0_340.jpg,0,0
307424_20210914_3_0_0_3_2_11_0_24,/content/drive/MyDrive/CD2_DSA/raw/val/images/307424_20210914_3_0_0_3_2_11_0_24.jpg,0,0
311719_20210803_3_0_0_3_2_11_0_51,/content/drive/MyDrive/CD2_DSA/raw/val/images/311719_20210803_3_0_0_3_2_11_0_51.jpg,0,0
308713_20210914_3_0_0_5_2_11_0_190,/content/drive/MyDrive/CD2_DSA/raw/val/images/308713_20210914_3_0_0_5_2_11_0_190.jpg,0,0
10542_20210624_3_0_0_3_2_13_0_48,/content/drive/MyDrive/CD2_DSA/raw/val/images/10542_20210624_3_0_0_3_2_13_0_48.jpg,0,0
125680_20210624_3_0_0_2_2_13_0_84,/content/drive/MyDrive/CD2_DSA/raw/val/images/125680_20210624_3_0_0_2_2_13_0_84.jpg,0,0
71211_20210624_3_0_0_3_2_13_0_64,/content/drive/MyDrive/CD2_DSA/raw/val/images/71211_20210624_3_0_0_3_2_13_0_64.jpg,0,0
16767_20210713_3_1_a9_3_2_13_3_29,/content/drive/MyDrive/CD2_DSA/raw/val/images/16767_20210713_3_1_a9_3_2_13_3_29.jpg,1,0
26085_20210624_3_0_0_5_2_13_0_134,/content/drive/MyDrive/CD2_DSA/raw/val/images/26085_20210624_3_0_0_5_2_13_0_134.jpg,0,0
7123_20210624_3_0_0_1_2_13_0_167,/content/drive/MyDrive/CD2_DSA/raw/val/images/7123_20210624_3_0_0_1_2_13_0_167.jpg,0,0
16541_20210706_3_1_a9_3_2_13_3_56,/content/drive/MyDrive/CD2_DSA/raw/val/images/16541_20210706_3_1_a9_3_2_13_3_56.jpg,1,1
307492_20210914_3_0_0_3_2_11_0_92,/content/drive/MyDrive/CD2_DSA/raw/val/images/307492_20210914_3_0_0_3_2_11_0_92.jpg,0,0
67494_20210624_3_0_0_1_2_13_0_95,/content/drive/MyDrive/CD2_DSA/raw/val/images/67494_20210624_3_0_0_1_2_13_0_95.jpg,0,0
308270_20210914_3_0_0_3_2_11_0_170,/content/drive/MyDrive/CD2_DSA/raw/val/images/308270_20210914_3_0_0_3_2_11_0_170.jpg,0,0
308399_20210914_3_0_0_3_2_11_0_299,/content/drive/MyDrive/CD2_DSA/raw/val/images/308399_20210914_3_0_0_3_2_11_0_299.jpg,0,0
308104_20210914_3_0_0_3_2_11_0_4,/content/drive/MyDrive/CD2_DSA/raw/val/images/308104_20210914_3_0_0_3_2_11_0_4.jpg,0,0
312068_20210914_3_0_0_3_2_11_0_191,/content/drive/MyDrive/CD2_DSA/raw/val/images/312068_20210914_3_0_0_3_2_11_0_191.jpg,0,0
3839_20210629_3_1_a9_3_2_13_3_48,/content/drive/MyDrive/CD2_DSA/raw/val/images/3839_20210629_3_1_a9_3_2_13_3_48.jpg,1,1
95243_20210624_3_0_0_1_2_13_0_64,/content/drive/MyDrive/CD2_DSA/raw/val/images/95243_20210624_3_0_0_1_2_13_0_64.jpg,0,0
308730_20210914_3_0_0_5_2_11_0_206,/content/drive/MyDrive/CD2_DSA/raw/val/images/308730_20210914_3_0_0_5_2_11_0_206.jpg,0,0
311975_20210914_3_0_0_3_2_11_0_98,/content/drive/MyDrive/CD2_DSA/raw/val/images/311975_20210914_3_0_0_3_2_11_0_98.jpg,0,0
1597_20210622_3_1_a9_3_2_13_2_169,/content/drive/MyDrive/CD2_DSA/raw/val/images/1597_20210622_3_1_a9_3_2_13_2_169.jpg,1,1
95206_20210624_3_0_0_1_2_13_0_27,/content/drive/MyDrive/CD2_DSA/raw/val/images/95206_20210624_3_0_0_1_2_13_0_27.jpg,0,0
86586_20210624_3_0_0_1_2_13_0_155,/content/drive/MyDrive/CD2_DSA/raw/val/images/86586_20210624_3_0_0_1_2_13_0_155.jpg,0,0
71161_20210624_3_0_0_3_2_13_0_14,/content/drive/MyDrive/CD2_DSA/raw/val/images/71161_20210624_3_0_0_3_2_13_0_14.jpg,0,0
15593_20210706_3_1_a9_3_2_13_3_24,/content/drive/MyDrive/CD2_DSA/raw/val/images/15593_20210706_3_1_a9_3_2_13_3_24.jpg,1,1
311700_20210803_3_0_0_3_2_11_0_32,/content/drive/MyDrive/CD2_DSA/raw/val/images/311700_20210803_3_0_0_3_2_11_0_32.jpg,0,0
16790_20210713_3_1_a9_3_2_13_3_52,/content/drive/MyDrive/CD2_DSA/raw/val/images/16790_20210713_3_1_a9_3_2_13_3_52.jpg,1,1
66261_20210624_3_0_0_4_2_13_0_162,/content/drive/MyDrive/CD2_DSA/raw/val/images/66261_20210624_3_0_0_4_2_13_0_162.jpg,0,0
307500_20210914_3_0_0_3_2_11_0_100,/content/drive/MyDrive/CD2_DSA/raw/val/images/307500_20210914_3_0_0_3_2_11_0_100.jpg,0,0
3738_20210622_3_1_a9_3_2_13_3_16,/content/drive/MyDrive/CD2_DSA/raw/val/images/3738_20210622_3_1_a9_3_2_13_3_16.jpg,1,1
308015_20210914_3_0_0_5_2_11_0_212,/content/drive/MyDrive/CD2_DSA/raw/val/images/308015_20210914_3_0_0_5_2_11_0_212.jpg,0,0
308074_20210914_3_0_0_5_2_11_0_271,/content/drive/MyDrive/CD2_DSA/raw/val/images/308074_20210914_3_0_0_5_2_11_0_271.jpg,0,0
312199_20210914_3_0_0_3_2_11_0_322,/content/drive/MyDrive/CD2_DSA/raw/val/images/312199_20210914_3_0_0_3_2_11_0_322.jpg,0,0
308605_20210914_3_0_0_5_2_11_0_81,/content/drive/MyDrive/CD2_DSA/raw/val/images/308605_20210914_3_0_0_5_2_11_0_81.jpg,0,0
15397_20210622_3_1_a9_3_2_13_3_101,/content/drive/MyDrive/CD2_DSA/raw/val/images/15397_20210622_3_1_a9_3_2_13_3_101.jpg,1,1
11563_20210624_3_0_0_1_2_13_0_118,/content/drive/MyDrive/CD2_DSA/raw/val/images/11563_20210624_3_0_0_1_2_13_0_118.jpg,0,0
66274_20210624_3_0_0_4_2_13_0_175,/content/drive/MyDrive/CD2_DSA/raw/val/images/66274_20210624_3_0_0_4_2_13_0_175.jpg,0,0
15878_20210622_3_1_a9_3_2_13_2_119,/content/drive/MyDrive/CD2_DSA/raw/val/images/15878_20210622_3_1_a9_3_2_13_2_119.jpg,1,1
1133_20210624_3_0_0_1_2_13_0_188,/content/drive/MyDrive/CD2_DSA/raw/val/images/1133_20210624_3_0_0_1_2_13_0_188.jpg,0,0
4734_20210622_3_1_a9_3_2_13_2_102,/content/drive/MyDrive/CD2_DSA/raw/val/images/4734_20210622_3_1_a9_3_2_13_2_102.jpg,1,1
6461_20210622_3_1_a9_3_2_13_1_110,/content/drive/MyDrive/CD2_DSA/raw/val/images/6461_20210622_3_1_a9_3_2_13_1_110.jpg,1,1
16320_20210706_3_1_a9_3_2_13_2_250,/content/drive/MyDrive/CD2_DSA/raw/val/images/16320_20210706_3_1_a9_3_2_13_2_250.jpg,1,1
1502_20210622_3_1_a9_3_2_13_2_74,/content/drive/MyDrive/CD2_DSA/raw/val/images/1502_20210622_3_1_a9_3_2_13_2_74.jpg,1,1
125678_20210624_3_0_0_2_2_13_0_82,/content/drive/MyDrive/CD2_DSA/raw/val/images/125678_20210624_3_0_0_2_2_13_0_82.jpg,0,0
899_20210622_3_1_a9_3_2_13_3_97,/content/drive/MyDrive/CD2_DSA/raw/val/images/899_20210622_3_1_a9_3_2_13_3_97.jpg,1,1
308748_20210914_3_0_0_5_2_11_0_224,/content/drive/MyDrive/CD2_DSA/raw/val/images/308748_20210914_3_0_0_5_2_11_0_224.jpg,0,0
3583_20210629_3_1_a9_3_2_13_1_232,/content/drive/MyDrive/CD2_DSA/raw/val/images/3583_20210629_3_1_a9_3_2_13_1_232.jpg,1,0
15371_20210622_3_1_a9_3_2_13_3_75,/content/drive/MyDrive/CD2_DSA/raw/val/images/15371_20210622_3_1_a9_3_2_13_3_75.jpg,1,0
16705_20210706_3_1_a9_3_2_13_2_556,/content/drive/MyDrive/CD2_DSA/raw/val/images/16705_20210706_3_1_a9_3_2_13_2_556.jpg,1,1
68543_20210624_3_0_0_2_2_13_0_53,/content/drive/MyDrive/CD2_DSA/raw/val/images/68543_20210624_3_0_0_2_2_13_0_53.jpg,0,0
308394_20210914_3_0_0_3_2_11_0_294,/content/drive/MyDrive/CD2_DSA/raw/val/images/308394_20210914_3_0_0_3_2_11_0_294.jpg,0,0
307837_20210914_3_0_0_5_2_11_0_34,/content/drive/MyDrive/CD2_DSA/raw/val/images/307837_20210914_3_0_0_5_2_11_0_34.jpg,0,0
1628_20210622_3_1_a9_3_2_13_2_200,/content/drive/MyDrive/CD2_DSA/raw/val/images/1628_20210622_3_1_a9_3_2_13_2_200.jpg,1,1
304209_20210913_3_0_0_3_2_11_0_446,/content/drive/MyDrive/CD2_DSA/raw/val/images/304209_20210913_3_0_0_3_2_11_0_446.jpg,0,0
68522_20210624_3_0_0_2_2_13_0_32,/content/drive/MyDrive/CD2_DSA/raw/val/images/68522_20210624_3_0_0_2_2_13_0_32.jpg,0,0
7168_20210624_3_0_0_1_2_13_0_212,/content/drive/MyDrive/CD2_DSA/raw/val/images/7168_20210624_3_0_0_1_2_13_0_212.jpg,0,0
308157_20210914_3_0_0_3_2_11_0_57,/content/drive/MyDrive/CD2_DSA/raw/val/images/308157_20210914_3_0_0_3_2_11_0_57.jpg,0,0
106612_20210624_3_0_0_1_2_13_0_209,/content/drive/MyDrive/CD2_DSA/raw/val/images/106612_20210624_3_0_0_1_2_13_0_209.jpg,0,0
1670_20210622_3_1_a9_3_2_13_2_242,/content/drive/MyDrive/CD2_DSA/raw/val/images/1670_20210622_3_1_a9_3_2_13_2_242.jpg,1,1
3781_20210629_3_1_a9_3_2_13_2_111,/content/drive/MyDrive/CD2_DSA/raw/val/images/3781_20210629_3_1_a9_3_2_13_2_111.jpg,1,1
1105_20210624_3_0_0_1_2_13_0_160,/content/drive/MyDrive/CD2_DSA/raw/val/images/1105_20210624_3_0_0_1_2_13_0_160.jpg,0,0
311889_20210914_3_0_0_3_2_11_0_12,/content/drive/MyDrive/CD2_DSA/raw/val/images/311889_20210914_3_0_0_3_2_11_0_12.jpg,0,0
67441_20210624_3_0_0_1_2_13_0_42,/content/drive/MyDrive/CD2_DSA/raw/val/images/67441_20210624_3_0_0_1_2_13_0_42.jpg,0,0
16202_20210706_3_1_a9_3_2_13_2_132,/content/drive/MyDrive/CD2_DSA/raw/val/images/16202_20210706_3_1_a9_3_2_13_2_132.jpg,1,1
308529_20210914_3_0_0_5_2_11_0_5,/content/drive/MyDrive/CD2_DSA/raw/val/images/308529_20210914_3_0_0_5_2_11_0_5.jpg,0,0
16989_20210622_3_1_a9_3_2_13_1_110,/content/drive/MyDrive/CD2_DSA/raw/val/images/16989_20210622_3_1_a9_3_2_13_1_110.jpg,1,1
95871_20210624_3_0_0_3_2_13_0_15,/content/drive/MyDrive/CD2_DSA/raw/val/images/95871_20210624_3_0_0_3_2_13_0_15.jpg,0,0
16016_20210706_3_1_a9_3_2_13_2_26,/content/drive/MyDrive/CD2_DSA/raw/val/images/16016_20210706_3_1_a9_3_2_13_2_26.jpg,1,1
826_20210622_3_1_a9_3_2_13_3_24,/content/drive/MyDrive/CD2_DSA/raw/val/images/826_20210622_3_1_a9_3_2_13_3_24.jpg,1,1
15421_20210622_3_1_a9_3_2_13_3_125,/content/drive/MyDrive/CD2_DSA/raw/val/images/15421_20210622_3_1_a9_3_2_13_3_125.jpg,1,0
3567_20210629_3_1_a9_3_2_13_1_216,/content/drive/MyDrive/CD2_DSA/raw/val/images/3567_20210629_3_1_a9_3_2_13_1_216.jpg,1,1
4195_20210622_3_1_a9_3_2_13_2_26,/content/drive/MyDrive/CD2_DSA/raw/val/images/4195_20210622_3_1_a9_3_2_13_2_26.jpg,1,1
4495_20210622_3_1_a9_3_2_13_2_63,/content/drive/MyDrive/CD2_DSA/raw/val/images/4495_20210622_3_1_a9_3_2_13_2_63.jpg,1,0
16274_20210706_3_1_a9_3_2_13_2_204,/content/drive/MyDrive/CD2_DSA/raw/val/images/16274_20210706_3_1_a9_3_2_13_2_204.jpg,1,1
34075_20210624_3_0_0_3_2_13_0_23,/content/drive/MyDrive/CD2_DSA/raw/val/images/34075_20210624_3_0_0_3_2_13_0_23.jpg,0,0
308386_20210914_3_0_0_3_2_11_0_286,/content/drive/MyDrive/CD2_DSA/raw/val/images/308386_20210914_3_0_0_3_2_11_0_286.jpg,0,0
125086_20210624_3_0_0_1_2_13_0_117,/content/drive/MyDrive/CD2_DSA/raw/val/images/125086_20210624_3_0_0_1_2_13_0_117.jpg,0,0
67535_20210624_3_0_0_1_2_13_0_136,/content/drive/MyDrive/CD2_DSA/raw/val/images/67535_20210624_3_0_0_1_2_13_0_136.jpg,0,0
3413_20210629_3_1_a9_3_2_13_1_168,/content/drive/MyDrive/CD2_DSA/raw/val/images/3413_20210629_3_1_a9_3_2_13_1_168.jpg,1,1
6035_20210622_3_1_a9_3_2_13_1_84,/content/drive/MyDrive/CD2_DSA/raw/val/images/6035_20210622_3_1_a9_3_2_13_1_84.jpg,1,1
86860_20210624_3_0_0_1_2_13_0_185,/content/drive/MyDrive/CD2_DSA/raw/val/images/86860_20210624_3_0_0_1_2_13_0_185.jpg,0,0
3788_20210629_3_1_a9_3_2_13_2_118,/content/drive/MyDrive/CD2_DSA/raw/val/images/3788_20210629_3_1_a9_3_2_13_2_118.jpg,1,1
7776_20210622_3_1_a9_3_2_13_1_227,/content/drive/MyDrive/CD2_DSA/raw/val/images/7776_20210622_3_1_a9_3_2_13_1_227.jpg,1,1
307446_20210914_3_0_0_3_2_11_0_46,/content/drive/MyDrive/CD2_DSA/raw/val/images/307446_20210914_3_0_0_3_2_11_0_46.jpg,0,0
3627_20210629_3_1_a9_3_2_13_2_6,/content/drive/MyDrive/CD2_DSA/raw/val/images/3627_20210629_3_1_a9_3_2_13_2_6.jpg,1,1
312190_20210914_3_0_0_3_2_11_0_313,/content/drive/MyDrive/CD2_DSA/raw/val/images/312190_20210914_3_0_0_3_2_11_0_313.jpg,0,0
15117_20210622_3_1_a9_3_2_13_3_28,/content/drive/MyDrive/CD2_DSA/raw/val/images/15117_20210622_3_1_a9_3_2_13_3_28.jpg,1,1
3639_20210629_3_1_a9_3_2_13_2_18,/content/drive/MyDrive/CD2_DSA/raw/val/images/3639_20210629_3_1_a9_3_2_13_2_18.jpg,1,1
15496_20210622_3_1_a9_3_2_13_3_200,/content/drive/MyDrive/CD2_DSA/raw/val/images/15496_20210622_3_1_a9_3_2_13_3_200.jpg,1,1
5849_20210622_3_1_a9_3_2_13_1_34,/content/drive/MyDrive/CD2_DSA/raw/val/images/5849_20210622_3_1_a9_3_2_13_1_34.jpg,1,1
15698_20210706_3_1_a9_3_2_13_3_129,/content/drive/MyDrive/CD2_DSA/raw/val/images/15698_20210706_3_1_a9_3_2_13_3_129.jpg,1,1
312157_20210914_3_0_0_3_2_11_0_280,/content/drive/MyDrive/CD2_DSA/raw/val/images/312157_20210914_3_0_0_3_2_11_0_280.jpg,0,0
304032_20210913_3_0_0_3_2_11_0_269,/content/drive/MyDrive/CD2_DSA/raw/val/images/304032_20210913_3_0_0_3_2_11_0_269.jpg,0,0
7170_20210624_3_0_0_1_2_13_0_214,/content/drive/MyDrive/CD2_DSA/raw/val/images/7170_20210624_3_0_0_1_2_13_0_214.jpg,0,0
86557_20210624_3_0_0_1_2_13_0_126,/content/drive/MyDrive/CD2_DSA/raw/val/images/86557_20210624_3_0_0_1_2_13_0_126.jpg,0,0
6832_20210624_3_0_0_1_2_13_0_57,/content/drive/MyDrive/CD2_DSA/raw/val/images/6832_20210624_3_0_0_1_2_13_0_57.jpg,0,0
307944_20210914_3_0_0_5_2_11_0_141,/content/drive/MyDrive/CD2_DSA/raw/val/images/307944_20210914_3_0_0_5_2_11_0_141.jpg,0,0
3179_20210629_3_1_a9_3_2_13_1_34,/content/drive/MyDrive/CD2_DSA/raw/val/images/3179_20210629_3_1_a9_3_2_13_1_34.jpg,1,0
308079_20210914_3_0_0_5_2_11_0_276,/content/drive/MyDrive/CD2_DSA/raw/val/images/308079_20210914_3_0_0_5_2_11_0_276.jpg,0,0
15587_20210706_3_1_a9_3_2_13_3_18,/content/drive/MyDrive/CD2_DSA/raw/val/images/15587_20210706_3_1_a9_3_2_13_3_18.jpg,1,0
95964_20210624_3_0_0_3_2_13_0_108,/content/drive/MyDrive/CD2_DSA/raw/val/images/95964_20210624_3_0_0_3_2_13_0_108.jpg,0,0
67519_20210624_3_0_0_1_2_13_0_120,/content/drive/MyDrive/CD2_DSA/raw/val/images/67519_20210624_3_0_0_1_2_13_0_120.jpg,0,0
307601_20210914_3_0_0_3_2_11_0_201,/content/drive/MyDrive/CD2_DSA/raw/val/images/307601_20210914_3_0_0_3_2_11_0_201.jpg,0,0
7228_20210622_3_1_a9_3_2_13_1_194,/content/drive/MyDrive/CD2_DSA/raw/val/images/7228_20210622_3_1_a9_3_2_13_1_194.jpg,1,1
67481_20210624_3_0_0_1_2_13_0_82,/content/drive/MyDrive/CD2_DSA/raw/val/images/67481_20210624_3_0_0_1_2_13_0_82.jpg,0,0
16579_20210706_3_1_a9_3_2_13_2_430,/content/drive/MyDrive/CD2_DSA/raw/val/images/16579_20210706_3_1_a9_3_2_13_2_430.jpg,1,1
1108_20210624_3_0_0_1_2_13_0_163,/content/drive/MyDrive/CD2_DSA/raw/val/images/1108_20210624_3_0_0_1_2_13_0_163.jpg,0,0
6898_20210624_3_0_0_1_2_13_0_123,/content/drive/MyDrive/CD2_DSA/raw/val/images/6898_20210624_3_0_0_1_2_13_0_123.jpg,0,0
311711_20210803_3_0_0_3_2_11_0_43,/content/drive/MyDrive/CD2_DSA/raw/val/images/311711_20210803_3_0_0_3_2_11_0_43.jpg,0,0
16018_20210706_3_1_a9_3_2_13_2_28,/content/drive/MyDrive/CD2_DSA/raw/val/images/16018_20210706_3_1_a9_3_2_13_2_28.jpg,1,1
7157_20210624_3_0_0_1_2_13_0_201,/content/drive/MyDrive/CD2_DSA/raw/val/images/7157_20210624_3_0_0_1_2_13_0_201.jpg,0,0
86562_20210624_3_0_0_1_2_13_0_131,/content/drive/MyDrive/CD2_DSA/raw/val/images/86562_20210624_3_0_0_1_2_13_0_131.jpg,0,0
15445_20210622_3_1_a9_3_2_13_3_149,/content/drive/MyDrive/CD2_DSA/raw/val/images/15445_20210622_3_1_a9_3_2_13_3_149.jpg,1,0
308840_20210914_3_0_0_5_2_11_0_316,/content/drive/MyDrive/CD2_DSA/raw/val/images/308840_20210914_3_0_0_5_2_11_0_316.jpg,0,0
16347_20210706_3_1_a9_3_2_13_2_277,/content/drive/MyDrive/CD2_DSA/raw/val/images/16347_20210706_3_1_a9_3_2_13_2_277.jpg,1,1
304247_20210913_3_0_0_3_2_11_0_484,/content/drive/MyDrive/CD2_DSA/raw/val/images/304247_20210913_3_0_0_3_2_11_0_484.jpg,0,0
15580_20210706_3_1_a9_3_2_13_3_11,/content/drive/MyDrive/CD2_DSA/raw/val/images/15580_20210706_3_1_a9_3_2_13_3_11.jpg,1,1
7161_20210624_3_0_0_1_2_13_0_205,/content/drive/MyDrive/CD2_DSA/raw/val/images/7161_20210624_3_0_0_1_2_13_0_205.jpg,0,0
125693_20210624_3_0_0_2_2_13_0_97,/content/drive/MyDrive/CD2_DSA/raw/val/images/125693_20210624_3_0_0_2_2_13_0_97.jpg,0,0
15672_20210706_3_1_a9_3_2_13_3_103,/content/drive/MyDrive/CD2_DSA/raw/val/images/15672_20210706_3_1_a9_3_2_13_3_103.jpg,1,1
49105_20210624_3_0_0_1_2_13_0_179,/content/drive/MyDrive/CD2_DSA/raw/val/images/49105_20210624_3_0_0_1_2_13_0_179.jpg,0,0
170874_20210624_3_0_0_5_2_13_0_68,/content/drive/MyDrive/CD2_DSA/raw/val/images/170874_20210624_3_0_0_5_2_13_0_68.jpg,0,0
16993_20210622_3_1_a9_3_2_13_1_114,/content/drive/MyDrive/CD2_DSA/raw/val/images/16993_20210622_3_1_a9_3_2_13_1_114.jpg,1,1
304303_20210913_3_0_0_3_2_11_0_540,/content/drive/MyDrive/CD2_DSA/raw/val/images/304303_20210913_3_0_0_3_2_11_0_540.jpg,0,0
26102_20210624_3_0_0_5_2_13_0_151,/content/drive/MyDrive/CD2_DSA/raw/val/images/26102_20210624_3_0_0_5_2_13_0_151.jpg,0,0
3575_20210629_3_1_a9_3_2_13_1_224,/content/drive/MyDrive/CD2_DSA/raw/val/images/3575_20210629_3_1_a9_3_2_13_1_224.jpg,1,1
15473_20210622_3_1_a9_3_2_13_3_177,/content/drive/MyDrive/CD2_DSA/raw/val/images/15473_20210622_3_1_a9_3_2_13_3_177.jpg,1,1
308482_20210914_3_0_0_3_2_11_0_382,/content/drive/MyDrive/CD2_DSA/raw/val/images/308482_20210914_3_0_0_3_2_11_0_382.jpg,0,0
86389_20210624_3_0_0_1_2_13_0_58,/content/drive/MyDrive/CD2_DSA/raw/val/images/86389_20210624_3_0_0_1_2_13_0_58.jpg,0,0
106250_20210624_3_0_0_1_2_13_0_47,/content/drive/MyDrive/CD2_DSA/raw/val/images/106250_20210624_3_0_0_1_2_13_0_47.jpg,0,0
126099_20210624_3_0_0_5_2_13_0_34,/content/drive/MyDrive/CD2_DSA/raw/val/images/126099_20210624_3_0_0_5_2_13_0_34.jpg,0,0
7781_20210622_3_1_a9_3_2_13_1_230,/content/drive/MyDrive/CD2_DSA/raw/val/images/7781_20210622_3_1_a9_3_2_13_1_230.jpg,1,1
6620_20210622_3_1_a9_3_2_13_1_148,/content/drive/MyDrive/CD2_DSA/raw/val/images/6620_20210622_3_1_a9_3_2_13_1_148.jpg,1,0
858_20210622_3_1_a9_3_2_13_3_56,/content/drive/MyDrive/CD2_DSA/raw/val/images/858_20210622_3_1_a9_3_2_13_3_56.jpg,1,0
1138_20210624_3_0_0_1_2_13_0_193,/content/drive/MyDrive/CD2_DSA/raw/val/images/1138_20210624_3_0_0_1_2_13_0_193.jpg,0,0
304096_20210913_3_0_0_3_2_11_0_333,/content/drive/MyDrive/CD2_DSA/raw/val/images/304096_20210913_3_0_0_3_2_11_0_333.jpg,0,0
311931_20210914_3_0_0_3_2_11_0_54,/content/drive/MyDrive/CD2_DSA/raw/val/images/311931_20210914_3_0_0_3_2_11_0_54.jpg,0,0
304232_20210913_3_0_0_3_2_11_0_469,/content/drive/MyDrive/CD2_DSA/raw/val/images/304232_20210913_3_0_0_3_2_11_0_469.jpg,0,0
312143_20210914_3_0_0_3_2_11_0_266,/content/drive/MyDrive/CD2_DSA/raw/val/images/312143_20210914_3_0_0_3_2_11_0_266.jpg,0,0
10471_20210624_3_0_0_1_2_13_0_20,/content/drive/MyDrive/CD2_DSA/raw/val/images/10471_20210624_3_0_0_1_2_13_0_20.jpg,0,0
15111_20210622_3_1_a9_3_2_13_3_22,/content/drive/MyDrive/CD2_DSA/raw/val/images/15111_20210622_3_1_a9_3_2_13_3_22.jpg,1,0
125070_20210624_3_0_0_1_2_13_0_101,/content/drive/MyDrive/CD2_DSA/raw/val/images/125070_20210624_3_0_0_1_2_13_0_101.jpg,0,0
170911_20210624_3_0_0_5_2_13_0_105,/content/drive/MyDrive/CD2_DSA/raw/val/images/170911_20210624_3_0_0_5_2_13_0_105.jpg,0,0
1713_20210622_3_1_a9_3_2_13_2_285,/content/drive/MyDrive/CD2_DSA/raw/val/images/1713_20210622_3_1_a9_3_2_13_2_285.jpg,1,1
25680_20210624_3_0_0_5_2_13_0_104,/content/drive/MyDrive/CD2_DSA/raw/val/images/25680_20210624_3_0_0_5_2_13_0_104.jpg,0,0
307917_20210914_3_0_0_5_2_11_0_114,/content/drive/MyDrive/CD2_DSA/raw/val/images/307917_20210914_3_0_0_5_2_11_0_114.jpg,0,0
311683_20210803_3_0_0_3_2_11_0_15,/content/drive/MyDrive/CD2_DSA/raw/val/images/311683_20210803_3_0_0_3_2_11_0_15.jpg,0,0
17048_20210622_3_1_a9_3_2_13_1_169,/content/drive/MyDrive/CD2_DSA/raw/val/images/17048_20210622_3_1_a9_3_2_13_1_169.jpg,1,0
64653_20210624_3_0_0_1_2_13_0_17,/content/drive/MyDrive/CD2_DSA/raw/val/images/64653_20210624_3_0_0_1_2_13_0_17.jpg,0,0
17008_20210622_3_1_a9_3_2_13_1_129,/content/drive/MyDrive/CD2_DSA/raw/val/images/17008_20210622_3_1_a9_3_2_13_1_129.jpg,1,1
125674_20210624_3_0_0_2_2_13_0_78,/content/drive/MyDrive/CD2_DSA/raw/val/images/125674_20210624_3_0_0_2_2_13_0_78.jpg,0,0
304163_20210913_3_0_0_3_2_11_0_400,/content/drive/MyDrive/CD2_DSA/raw/val/images/304163_20210913_3_0_0_3_2_11_0_400.jpg,0,0
3819_20210629_3_1_a9_3_2_13_3_28,/content/drive/MyDrive/CD2_DSA/raw/val/images/3819_20210629_3_1_a9_3_2_13_3_28.jpg,1,1
4309_20210622_3_1_a9_3_2_13_2_40,/content/drive/MyDrive/CD2_DSA/raw/val/images/4309_20210622_3_1_a9_3_2_13_2_40.jpg,1,1
308124_20210914_3_0_0_3_2_11_0_24,/content/drive/MyDrive/CD2_DSA/raw/val/images/308124_20210914_3_0_0_3_2_11_0_24.jpg,0,0
311746_20210803_3_0_0_3_2_11_0_78,/content/drive/MyDrive/CD2_DSA/raw/val/images/311746_20210803_3_0_0_3_2_11_0_78.jpg,0,0
307727_20210914_3_0_0_3_2_11_0_327,/content/drive/MyDrive/CD2_DSA/raw/val/images/307727_20210914_3_0_0_3_2_11_0_327.jpg,0,0
68492_20210624_3_0_0_2_2_13_0_2,/content/drive/MyDrive/CD2_DSA/raw/val/images/68492_20210624_3_0_0_2_2_13_0_2.jpg,0,0
3983_20210622_3_1_a9_3_2_13_2_14,/content/drive/MyDrive/CD2_DSA/raw/val/images/3983_20210622_3_1_a9_3_2_13_2_14.jpg,1,0
83322_20210624_3_0_0_1_2_13_0_205,/content/drive/MyDrive/CD2_DSA/raw/val/images/83322_20210624_3_0_0_1_2_13_0_205.jpg,0,0
16921_20210622_3_1_a9_3_2_13_2_11,/content/drive/MyDrive/CD2_DSA/raw/val/images/16921_20210622_3_1_a9_3_2_13_2_11.jpg,1,0
308811_20210914_3_0_0_5_2_11_0_287,/content/drive/MyDrive/CD2_DSA/raw/val/images/308811_20210914_3_0_0_5_2_11_0_287.jpg,0,0
307634_20210914_3_0_0_3_2_11_0_234,/content/drive/MyDrive/CD2_DSA/raw/val/images/307634_20210914_3_0_0_3_2_11_0_234.jpg,0,0
65883_20210624_3_0_0_4_2_13_0_14,/content/drive/MyDrive/CD2_DSA/raw/val/images/65883_20210624_3_0_0_4_2_13_0_14.jpg,0,0
304012_20210913_3_0_0_3_2_11_0_249,/content/drive/MyDrive/CD2_DSA/raw/val/images/304012_20210913_3_0_0_3_2_11_0_249.jpg,0,0
95483_20210624_3_0_0_1_2_13_0_149,/content/drive/MyDrive/CD2_DSA/raw/val/images/95483_20210624_3_0_0_1_2_13_0_149.jpg,0,0
307701_20210914_3_0_0_3_2_11_0_301,/content/drive/MyDrive/CD2_DSA/raw/val/images/307701_20210914_3_0_0_3_2_11_0_301.jpg,0,0
49108_20210624_3_0_0_1_2_13_0_182,/content/drive/MyDrive/CD2_DSA/raw/val/images/49108_20210624_3_0_0_1_2_13_0_182.jpg,0,0
95928_20210624_3_0_0_3_2_13_0_72,/content/drive/MyDrive/CD2_DSA/raw/val/images/95928_20210624_3_0_0_3_2_13_0_72.jpg,0,0
307604_20210914_3_0_0_3_2_11_0_204,/content/drive/MyDrive/CD2_DSA/raw/val/images/307604_20210914_3_0_0_3_2_11_0_204.jpg,0,0
308322_20210914_3_0_0_3_2_11_0_222,/content/drive/MyDrive/CD2_DSA/raw/val/images/308322_20210914_3_0_0_3_2_11_0_222.jpg,0,0
308133_20210914_3_0_0_3_2_11_0_33,/content/drive/MyDrive/CD2_DSA/raw/val/images/308133_20210914_3_0_0_3_2_11_0_33.jpg,0,0
312052_20210914_3_0_0_3_2_11_0_175,/content/drive/MyDrive/CD2_DSA/raw/val/images/312052_20210914_3_0_0_3_2_11_0_175.jpg,0,0
4202_20210622_3_1_a9_3_2_13_2_33,/content/drive/MyDrive/CD2_DSA/raw/val/images/4202_20210622_3_1_a9_3_2_13_2_33.jpg,1,1
16823_20210713_3_1_a9_3_2_13_3_85,/content/drive/MyDrive/CD2_DSA/raw/val/images/16823_20210713_3_1_a9_3_2_13_3_85.jpg,1,1
14616_20210624_3_0_0_3_2_13_0_128,/content/drive/MyDrive/CD2_DSA/raw/val/images/14616_20210624_3_0_0_3_2_13_0_128.jpg,0,0
49104_20210624_3_0_0_1_2_13_0_178,/content/drive/MyDrive/CD2_DSA/raw/val/images/49104_20210624_3_0_0_1_2_13_0_178.jpg,0,0
311727_20210803_3_0_0_3_2_11_0_59,/content/drive/MyDrive/CD2_DSA/raw/val/images/311727_20210803_3_0_0_3_2_11_0_59.jpg,0,0
16699_20210706_3_1_a9_3_2_13_2_550,/content/drive/MyDrive/CD2_DSA/raw/val/images/16699_20210706_3_1_a9_3_2_13_2_550.jpg,1,1
49102_20210624_3_0_0_1_2_13_0_176,/content/drive/MyDrive/CD2_DSA/raw/val/images/49102_20210624_3_0_0_1_2_13_0_176.jpg,0,0
49046_20210624_3_0_0_1_2_13_0_120,/content/drive/MyDrive/CD2_DSA/raw/val/images/49046_20210624_3_0_0_1_2_13_0_120.jpg,0,0
304047_20210913_3_0_0_3_2_11_0_284,/content/drive/MyDrive/CD2_DSA/raw/val/images/304047_20210913_3_0_0_3_2_11_0_284.jpg,0,0
312221_20210914_3_0_0_3_2_11_0_344,/content/drive/MyDrive/CD2_DSA/raw/val/images/312221_20210914_3_0_0_3_2_11_0_344.jpg,0,0
308418_20210914_3_0_0_3_2_11_0_318,/content/drive/MyDrive/CD2_DSA/raw/val/images/308418_20210914_3_0_0_3_2_11_0_318.jpg,0,0
1490_20210622_3_1_a9_3_2_13_2_62,/content/drive/MyDrive/CD2_DSA/raw/val/images/1490_20210622_3_1_a9_3_2_13_2_62.jpg,1,1
308006_20210914_3_0_0_5_2_11_0_203,/content/drive/MyDrive/CD2_DSA/raw/val/images/308006_20210914_3_0_0_5_2_11_0_203.jpg,0,0
125137_20210624_3_0_0_1_2_13_0_168,/content/drive/MyDrive/CD2_DSA/raw/val/images/125137_20210624_3_0_0_1_2_13_0_168.jpg,0,0
5615_20210622_3_1_a9_3_2_13_1_0,/content/drive/MyDrive/CD2_DSA/raw/val/images/5615_20210622_3_1_a9_3_2_13_1_0.jpg,1,1
16626_20210706_3_1_a9_3_2_13_2_477,/content/drive/MyDrive/CD2_DSA/raw/val/images/16626_20210706_3_1_a9_3_2_13_2_477.jpg,1,1
1555_20210622_3_1_a9_3_2_13_2_127,/content/drive/MyDrive/CD2_DSA/raw/val/images/1555_20210622_3_1_a9_3_2_13_2_127.jpg,1,1
308755_20210914_3_0_0_5_2_11_0_231,/content/drive/MyDrive/CD2_DSA/raw/val/images/308755_20210914_3_0_0_5_2_11_0_231.jpg,0,0
308234_20210914_3_0_0_3_2_11_0_134,/content/drive/MyDrive/CD2_DSA/raw/val/images/308234_20210914_3_0_0_3_2_11_0_134.jpg,0,0
25684_20210624_3_0_0_5_2_13_0_108,/content/drive/MyDrive/CD2_DSA/raw/val/images/25684_20210624_3_0_0_5_2_13_0_108.jpg,0,0
170866_20210624_3_0_0_5_2_13_0_60,/content/drive/MyDrive/CD2_DSA/raw/val/images/170866_20210624_3_0_0_5_2_13_0_60.jpg,0,0
14678_20210624_3_0_0_3_2_13_0_190,/content/drive/MyDrive/CD2_DSA/raw/val/images/14678_20210624_3_0_0_3_2_13_0_190.jpg,0,0
82896_20210624_3_0_0_1_2_13_0_67,/content/drive/MyDrive/CD2_DSA/raw/val/images/82896_20210624_3_0_0_1_2_13_0_67.jpg,0,0
16410_20210706_3_1_a9_3_2_13_2_326,/content/drive/MyDrive/CD2_DSA/raw/val/images/16410_20210706_3_1_a9_3_2_13_2_326.jpg,1,1
304162_20210913_3_0_0_3_2_11_0_399,/content/drive/MyDrive/CD2_DSA/raw/val/images/304162_20210913_3_0_0_3_2_11_0_399.jpg,0,0
982_20210624_3_0_0_1_2_13_0_37,/content/drive/MyDrive/CD2_DSA/raw/val/images/982_20210624_3_0_0_1_2_13_0_37.jpg,0,0
1067_20210624_3_0_0_1_2_13_0_122,/content/drive/MyDrive/CD2_DSA/raw/val/images/1067_20210624_3_0_0_1_2_13_0_122.jpg,0,0
1507_20210622_3_1_a9_3_2_13_2_79,/content/drive/MyDrive/CD2_DSA/raw/val/images/1507_20210622_3_1_a9_3_2_13_2_79.jpg,1,0
88982_20210624_3_0_0_3_2_13_0_5,/content/drive/MyDrive/CD2_DSA/raw/val/images/88982_20210624_3_0_0_3_2_13_0_5.jpg,0,0
308618_20210914_3_0_0_5_2_11_0_94,/content/drive/MyDrive/CD2_DSA/raw/val/images/308618_20210914_3_0_0_5_2_11_0_94.jpg,0,0
95195_20210624_3_0_0_1_2_13_0_16,/content/drive/MyDrive/CD2_DSA/raw/val/images/95195_20210624_3_0_0_1_2_13_0_16.jpg,0,0
308699_20210914_3_0_0_5_2_11_0_176,/content/drive/MyDrive/CD2_DSA/raw/val/images/308699_20210914_3_0_0_5_2_11_0_176.jpg,0,0
14623_20210624_3_0_0_3_2_13_0_135,/content/drive/MyDrive/CD2_DSA/raw/val/images/14623_20210624_3_0_0_3_2_13_0_135.jpg,0,0
308357_20210914_3_0_0_3_2_11_0_257,/content/drive/MyDrive/CD2_DSA/raw/val/images/308357_20210914_3_0_0_3_2_11_0_257.jpg,0,0
84103_20210708_3_0_0_1_2_13_0_169,/content/drive/MyDrive/CD2_DSA/raw/val/images/84103_20210708_3_0_0_1_2_13_0_169.jpg,0,0
304099_20210913_3_0_0_3_2_11_0_336,/content/drive/MyDrive/CD2_DSA/raw/val/images/304099_20210913_3_0_0_3_2_11_0_336.jpg,0,0
86836_20210624_3_0_0_1_2_13_0_161,/content/drive/MyDrive/CD2_DSA/raw/val/images/86836_20210624_3_0_0_1_2_13_0_161.jpg,0,0
16357_20210706_3_1_a9_3_2_13_2_287,/content/drive/MyDrive/CD2_DSA/raw/val/images/16357_20210706_3_1_a9_3_2_13_2_287.jpg,1,0
125102_20210624_3_0_0_1_2_13_0_133,/content/drive/MyDrive/CD2_DSA/raw/val/images/125102_20210624_3_0_0_1_2_13_0_133.jpg,0,0
304079_20210913_3_0_0_3_2_11_0_316,/content/drive/MyDrive/CD2_DSA/raw/val/images/304079_20210913_3_0_0_3_2_11_0_316.jpg,0,0
16681_20210706_3_1_a9_3_2_13_2_532,/content/drive/MyDrive/CD2_DSA/raw/val/images/16681_20210706_3_1_a9_3_2_13_2_532.jpg,1,1
67642_20210624_3_0_0_1_2_13_0_213,/content/drive/MyDrive/CD2_DSA/raw/val/images/67642_20210624_3_0_0_1_2_13_0_213.jpg,0,0
311669_20210803_3_0_0_3_2_11_0_1,/content/drive/MyDrive/CD2_DSA/raw/val/images/311669_20210803_3_0_0_3_2_11_0_1.jpg,0,0
1050_20210624_3_0_0_1_2_13_0_105,/content/drive/MyDrive/CD2_DSA/raw/val/images/1050_20210624_3_0_0_1_2_13_0_105.jpg,0,0
3673_20210629_3_1_a9_3_2_13_2_52,/content/drive/MyDrive/CD2_DSA/raw/val/images/3673_20210629_3_1_a9_3_2_13_2_52.jpg,1,1
16843_20210622_3_1_a9_3_2_13_1_3,/content/drive/MyDrive/CD2_DSA/raw/val/images/16843_20210622_3_1_a9_3_2_13_1_3.jpg,1,1
2314_20210624_3_0_0_3_2_13_0_1,/content/drive/MyDrive/CD2_DSA/raw/val/images/2314_20210624_3_0_0_3_2_13_0_1.jpg,0,0
95271_20210624_3_0_0_1_2_13_0_92,/content/drive/MyDrive/CD2_DSA/raw/val/images/95271_20210624_3_0_0_1_2_13_0_92.jpg,0,0
304264_20210913_3_0_0_3_2_11_0_501,/content/drive/MyDrive/CD2_DSA/raw/val/images/304264_20210913_3_0_0_3_2_11_0_501.jpg,0,0
86560_20210624_3_0_0_1_2_13_0_129,/content/drive/MyDrive/CD2_DSA/raw/val/images/86560_20210624_3_0_0_1_2_13_0_129.jpg,0,0
16340_20210706_3_1_a9_3_2_13_2_270,/content/drive/MyDrive/CD2_DSA/raw/val/images/16340_20210706_3_1_a9_3_2_13_2_270.jpg,1,1
15493_20210622_3_1_a9_3_2_13_3_197,/content/drive/MyDrive/CD2_DSA/raw/val/images/15493_20210622_3_1_a9_3_2_13_3_197.jpg,1,0
125669_20210624_3_0_0_2_2_13_0_73,/content/drive/MyDrive/CD2_DSA/raw/val/images/125669_20210624_3_0_0_2_2_13_0_73.jpg,0,0
307726_20210914_3_0_0_3_2_11_0_326,/content/drive/MyDrive/CD2_DSA/raw/val/images/307726_20210914_3_0_0_3_2_11_0_326.jpg,0,0
308745_20210914_3_0_0_5_2_11_0_221,/content/drive/MyDrive/CD2_DSA/raw/val/images/308745_20210914_3_0_0_5_2_11_0_221.jpg,0,0
312044_20210914_3_0_0_3_2_11_0_167,/content/drive/MyDrive/CD2_DSA/raw/val/images/312044_20210914_3_0_0_3_2_11_0_167.jpg,0,0
106592_20210624_3_0_0_1_2_13_0_189,/content/drive/MyDrive/CD2_DSA/raw/val/images/106592_20210624_3_0_0_1_2_13_0_189.jpg,0,0
308614_20210914_3_0_0_5_2_11_0_90,/content/drive/MyDrive/CD2_DSA/raw/val/images/308614_20210914_3_0_0_5_2_11_0_90.jpg,0,0
25166_20210624_3_0_0_5_2_13_0_34,/content/drive/MyDrive/CD2_DSA/raw/val/images/25166_20210624_3_0_0_5_2_13_0_34.jpg,0,0
308267_20210914_3_0_0_3_2_11_0_167,/content/drive/MyDrive/CD2_DSA/raw/val/images/308267_20210914_3_0_0_3_2_11_0_167.jpg,0,0
3148_20210629_3_1_a9_3_2_13_1_3,/content/drive/MyDrive/CD2_DSA/raw/val/images/3148_20210629_3_1_a9_3_2_13_1_3.jpg,1,0
1493_20210622_3_1_a9_3_2_13_2_65,/content/drive/MyDrive/CD2_DSA/raw/val/images/1493_20210622_3_1_a9_3_2_13_2_65.jpg,1,1
308170_20210914_3_0_0_3_2_11_0_70,/content/drive/MyDrive/CD2_DSA/raw/val/images/308170_20210914_3_0_0_3_2_11_0_70.jpg,0,0
10488_20210624_3_0_0_1_2_13_0_37,/content/drive/MyDrive/CD2_DSA/raw/val/images/10488_20210624_3_0_0_1_2_13_0_37.jpg,0,0
106551_20210624_3_0_0_1_2_13_0_148,/content/drive/MyDrive/CD2_DSA/raw/val/images/106551_20210624_3_0_0_1_2_13_0_148.jpg,0,0
67617_20210624_3_0_0_1_2_13_0_188,/content/drive/MyDrive/CD2_DSA/raw/val/images/67617_20210624_3_0_0_1_2_13_0_188.jpg,0,0
15382_20210622_3_1_a9_3_2_13_3_86,/content/drive/MyDrive/CD2_DSA/raw/val/images/15382_20210622_3_1_a9_3_2_13_3_86.jpg,1,1
308453_20210914_3_0_0_3_2_11_0_353,/content/drive/MyDrive/CD2_DSA/raw/val/images/308453_20210914_3_0_0_3_2_11_0_353.jpg,0,0
83223_20210624_3_0_0_1_2_13_0_136,/content/drive/MyDrive/CD2_DSA/raw/val/images/83223_20210624_3_0_0_1_2_13_0_136.jpg,0,0
16302_20210706_3_1_a9_3_2_13_2_232,/content/drive/MyDrive/CD2_DSA/raw/val/images/16302_20210706_3_1_a9_3_2_13_2_232.jpg,1,1
16022_20210706_3_1_a9_3_2_13_2_32,/content/drive/MyDrive/CD2_DSA/raw/val/images/16022_20210706_3_1_a9_3_2_13_2_32.jpg,1,1
16640_20210706_3_1_a9_3_2_13_2_491,/content/drive/MyDrive/CD2_DSA/raw/val/images/16640_20210706_3_1_a9_3_2_13_2_491.jpg,1,1
9210_20210624_3_0_0_2_2_13_0_204,/content/drive/MyDrive/CD2_DSA/raw/val/images/9210_20210624_3_0_0_2_2_13_0_204.jpg,0,0
15501_20210622_3_1_a9_3_2_13_3_205,/content/drive/MyDrive/CD2_DSA/raw/val/images/15501_20210622_3_1_a9_3_2_13_3_205.jpg,1,1
16782_20210713_3_1_a9_3_2_13_3_44,/content/drive/MyDrive/CD2_DSA/raw/val/images/16782_20210713_3_1_a9_3_2_13_3_44.jpg,1,0
3849_20210629_3_1_a9_3_2_13_3_58,/content/drive/MyDrive/CD2_DSA/raw/val/images/3849_20210629_3_1_a9_3_2_13_3_58.jpg,1,1
307681_20210914_3_0_0_3_2_11_0_281,/content/drive/MyDrive/CD2_DSA/raw/val/images/307681_20210914_3_0_0_3_2_11_0_281.jpg,0,0
25673_20210624_3_0_0_5_2_13_0_97,/content/drive/MyDrive/CD2_DSA/raw/val/images/25673_20210624_3_0_0_5_2_13_0_97.jpg,0,0
308841_20210914_3_0_0_5_2_11_0_317,/content/drive/MyDrive/CD2_DSA/raw/val/images/308841_20210914_3_0_0_5_2_11_0_317.jpg,0,0
15098_20210622_3_1_a9_3_2_13_3_9,/content/drive/MyDrive/CD2_DSA/raw/val/images/15098_20210622_3_1_a9_3_2_13_3_9.jpg,1,0
17075_20210622_3_1_a9_3_2_13_1_196,/content/drive/MyDrive/CD2_DSA/raw/val/images/17075_20210622_3_1_a9_3_2_13_1_196.jpg,1,1
308035_20210914_3_0_0_5_2_11_0_232,/content/drive/MyDrive/CD2_DSA/raw/val/images/308035_20210914_3_0_0_5_2_11_0_232.jpg,0,0
15148_20210622_3_1_a9_3_2_13_3_59,/content/drive/MyDrive/CD2_DSA/raw/val/images/15148_20210622_3_1_a9_3_2_13_3_59.jpg,1,0
32300_20210624_3_0_0_4_2_13_0_3,/content/drive/MyDrive/CD2_DSA/raw/val/images/32300_20210624_3_0_0_4_2_13_0_3.jpg,0,0
9160_20210624_3_0_0_2_2_13_0_154,/content/drive/MyDrive/CD2_DSA/raw/val/images/9160_20210624_3_0_0_2_2_13_0_154.jpg,0,0
125616_20210624_3_0_0_2_2_13_0_20,/content/drive/MyDrive/CD2_DSA/raw/val/images/125616_20210624_3_0_0_2_2_13_0_20.jpg,0,0
2693_20210624_3_0_0_4_2_13_0_162,/content/drive/MyDrive/CD2_DSA/raw/val/images/2693_20210624_3_0_0_4_2_13_0_162.jpg,0,0
3765_20210622_3_1_a9_3_2_13_3_43,/content/drive/MyDrive/CD2_DSA/raw/val/images/3765_20210622_3_1_a9_3_2_13_3_43.jpg,1,1
49074_20210624_3_0_0_1_2_13_0_148,/content/drive/MyDrive/CD2_DSA/raw/val/images/49074_20210624_3_0_0_1_2_13_0_148.jpg,0,0
6490_20210622_3_1_a9_3_2_13_1_118,/content/drive/MyDrive/CD2_DSA/raw/val/images/6490_20210622_3_1_a9_3_2_13_1_118.jpg,1,1
170829_20210624_3_0_0_5_2_13_0_23,/content/drive/MyDrive/CD2_DSA/raw/val/images/170829_20210624_3_0_0_5_2_13_0_23.jpg,0,0
2538_20210624_3_0_0_3_2_13_0_124,/content/drive/MyDrive/CD2_DSA/raw/val/images/2538_20210624_3_0_0_3_2_13_0_124.jpg,0,0
6770_20210622_3_1_a9_3_2_13_1_166,/content/drive/MyDrive/CD2_DSA/raw/val/images/6770_20210622_3_1_a9_3_2_13_1_166.jpg,1,1
308255_20210914_3_0_0_3_2_11_0_155,/content/drive/MyDrive/CD2_DSA/raw/val/images/308255_20210914_3_0_0_3_2_11_0_155.jpg,0,0
3372_20210629_3_1_a9_3_2_13_1_127,/content/drive/MyDrive/CD2_DSA/raw/val/images/3372_20210629_3_1_a9_3_2_13_1_127.jpg,1,0
3566_20210629_3_1_a9_3_2_13_1_215,/content/drive/MyDrive/CD2_DSA/raw/val/images/3566_20210629_3_1_a9_3_2_13_1_215.jpg,1,0
95503_20210624_3_0_0_1_2_13_0_169,/content/drive/MyDrive/CD2_DSA/raw/val/images/95503_20210624_3_0_0_1_2_13_0_169.jpg,0,0
15591_20210706_3_1_a9_3_2_13_3_22,/content/drive/MyDrive/CD2_DSA/raw/val/images/15591_20210706_3_1_a9_3_2_13_3_22.jpg,1,1
170813_20210624_3_0_0_5_2_13_0_7,/content/drive/MyDrive/CD2_DSA/raw/val/images/170813_20210624_3_0_0_5_2_13_0_7.jpg,0,0
312139_20210914_3_0_0_3_2_11_0_262,/content/drive/MyDrive/CD2_DSA/raw/val/images/312139_20210914_3_0_0_3_2_11_0_262.jpg,0,0
308033_20210914_3_0_0_5_2_11_0_230,/content/drive/MyDrive/CD2_DSA/raw/val/images/308033_20210914_3_0_0_5_2_11_0_230.jpg,0,0
16871_20210622_3_1_a9_3_2_13_1_31,/content/drive/MyDrive/CD2_DSA/raw/val/images/16871_20210622_3_1_a9_3_2_13_1_31.jpg,1,1
6762_20210622_3_1_a9_3_2_13_1_158,/content/drive/MyDrive/CD2_DSA/raw/val/images/6762_20210622_3_1_a9_3_2_13_1_158.jpg,1,1
34071_20210624_3_0_0_3_2_13_0_19,/content/drive/MyDrive/CD2_DSA/raw/val/images/34071_20210624_3_0_0_3_2_13_0_19.jpg,0,0
304043_20210913_3_0_0_3_2_11_0_280,/content/drive/MyDrive/CD2_DSA/raw/val/images/304043_20210913_3_0_0_3_2_11_0_280.jpg,0,0
16001_20210706_3_1_a9_3_2_13_2_11,/content/drive/MyDrive/CD2_DSA/raw/val/images/16001_20210706_3_1_a9_3_2_13_2_11.jpg,1,1
32328_20210624_3_0_0_4_2_13_0_31,/content/drive/MyDrive/CD2_DSA/raw/val/images/32328_20210624_3_0_0_4_2_13_0_31.jpg,0,0
5864_20210622_3_1_a9_3_2_13_1_53,/content/drive/MyDrive/CD2_DSA/raw/val/images/5864_20210622_3_1_a9_3_2_13_1_53.jpg,1,1
308278_20210914_3_0_0_3_2_11_0_178,/content/drive/MyDrive/CD2_DSA/raw/val/images/308278_20210914_3_0_0_3_2_11_0_178.jpg,0,0
3415_20210629_3_1_a9_3_2_13_1_170,/content/drive/MyDrive/CD2_DSA/raw/val/images/3415_20210629_3_1_a9_3_2_13_1_170.jpg,1,1
308045_20210914_3_0_0_5_2_11_0_242,/content/drive/MyDrive/CD2_DSA/raw/val/images/308045_20210914_3_0_0_5_2_11_0_242.jpg,0,0
308351_20210914_3_0_0_3_2_11_0_251,/content/drive/MyDrive/CD2_DSA/raw/val/images/308351_20210914_3_0_0_3_2_11_0_251.jpg,0,0
991_20210624_3_0_0_1_2_13_0_46,/content/drive/MyDrive/CD2_DSA/raw/val/images/991_20210624_3_0_0_1_2_13_0_46.jpg,0,0
15453_20210622_3_1_a9_3_2_13_3_157,/content/drive/MyDrive/CD2_DSA/raw/val/images/15453_20210622_3_1_a9_3_2_13_3_157.jpg,1,1
311937_20210914_3_0_0_3_2_11_0_60,/content/drive/MyDrive/CD2_DSA/raw/val/images/311937_20210914_3_0_0_3_2_11_0_60.jpg,0,0
3404_20210629_3_1_a9_3_2_13_1_159,/content/drive/MyDrive/CD2_DSA/raw/val/images/3404_20210629_3_1_a9_3_2_13_1_159.jpg,1,0
26218_20210624_3_0_0_5_2_13_0_179,/content/drive/MyDrive/CD2_DSA/raw/val/images/26218_20210624_3_0_0_5_2_13_0_179.jpg,0,0
312038_20210914_3_0_0_3_2_11_0_161,/content/drive/MyDrive/CD2_DSA/raw/val/images/312038_20210914_3_0_0_3_2_11_0_161.jpg,0,0
308596_20210914_3_0_0_5_2_11_0_72,/content/drive/MyDrive/CD2_DSA/raw/val/images/308596_20210914_3_0_0_5_2_11_0_72.jpg,0,0
124651_20210624_3_0_0_1_2_13_0_2,/content/drive/MyDrive/CD2_DSA/raw/val/images/124651_20210624_3_0_0_1_2_13_0_2.jpg,0,0
16869_20210622_3_1_a9_3_2_13_1_29,/content/drive/MyDrive/CD2_DSA/raw/val/images/16869_20210622_3_1_a9_3_2_13_1_29.jpg,1,1
1016_20210624_3_0_0_1_2_13_0_71,/content/drive/MyDrive/CD2_DSA/raw/val/images/1016_20210624_3_0_0_1_2_13_0_71.jpg,0,0
125101_20210624_3_0_0_1_2_13_0_132,/content/drive/MyDrive/CD2_DSA/raw/val/images/125101_20210624_3_0_0_1_2_13_0_132.jpg,0,0
308165_20210914_3_0_0_3_2_11_0_65,/content/drive/MyDrive/CD2_DSA/raw/val/images/308165_20210914_3_0_0_3_2_11_0_65.jpg,0,0
49122_20210624_3_0_0_1_2_13_0_196,/content/drive/MyDrive/CD2_DSA/raw/val/images/49122_20210624_3_0_0_1_2_13_0_196.jpg,0,0
308023_20210914_3_0_0_5_2_11_0_220,/content/drive/MyDrive/CD2_DSA/raw/val/images/308023_20210914_3_0_0_5_2_11_0_220.jpg,0,0
16976_20210622_3_1_a9_3_2_13_1_97,/content/drive/MyDrive/CD2_DSA/raw/val/images/16976_20210622_3_1_a9_3_2_13_1_97.jpg,1,1
312213_20210914_3_0_0_3_2_11_0_336,/content/drive/MyDrive/CD2_DSA/raw/val/images/312213_20210914_3_0_0_3_2_11_0_336.jpg,0,0
15407_20210622_3_1_a9_3_2_13_3_111,/content/drive/MyDrive/CD2_DSA/raw/val/images/15407_20210622_3_1_a9_3_2_13_3_111.jpg,1,1
95489_20210624_3_0_0_1_2_13_0_155,/content/drive/MyDrive/CD2_DSA/raw/val/images/95489_20210624_3_0_0_1_2_13_0_155.jpg,0,0
311905_20210914_3_0_0_3_2_11_0_28,/content/drive/MyDrive/CD2_DSA/raw/val/images/311905_20210914_3_0_0_3_2_11_0_28.jpg,0,0
3843_20210629_3_1_a9_3_2_13_3_52,/content/drive/MyDrive/CD2_DSA/raw/val/images/3843_20210629_3_1_a9_3_2_13_3_52.jpg,1,1
774_20210622_3_1_a9_3_2_13_1_139,/content/drive/MyDrive/CD2_DSA/raw/val/images/774_20210622_3_1_a9_3_2_13_1_139.jpg,1,1
3756_20210622_3_1_a9_3_2_13_3_34,/content/drive/MyDrive/CD2_DSA/raw/val/images/3756_20210622_3_1_a9_3_2_13_3_34.jpg,1,0
307512_20210914_3_0_0_3_2_11_0_112,/content/drive/MyDrive/CD2_DSA/raw/val/images/307512_20210914_3_0_0_3_2_11_0_112.jpg,0,0
3649_20210629_3_1_a9_3_2_13_2_28,/content/drive/MyDrive/CD2_DSA/raw/val/images/3649_20210629_3_1_a9_3_2_13_2_28.jpg,1,1
126090_20210624_3_0_0_5_2_13_0_25,/content/drive/MyDrive/CD2_DSA/raw/val/images/126090_20210624_3_0_0_5_2_13_0_25.jpg,0,0
308366_20210914_3_0_0_3_2_11_0_266,/content/drive/MyDrive/CD2_DSA/raw/val/images/308366_20210914_3_0_0_3_2_11_0_266.jpg,0,0
3730_20210622_3_1_a9_3_2_13_3_8,/content/drive/MyDrive/CD2_DSA/raw/val/images/3730_20210622_3_1_a9_3_2_13_3_8.jpg,1,0
6906_20210624_3_0_0_1_2_13_0_131,/content/drive/MyDrive/CD2_DSA/raw/val/images/6906_20210624_3_0_0_1_2_13_0_131.jpg,0,0
308640_20210914_3_0_0_5_2_11_0_117,/content/drive/MyDrive/CD2_DSA/raw/val/images/308640_20210914_3_0_0_5_2_11_0_117.jpg,0,0
88980_20210624_3_0_0_3_2_13_0_3,/content/drive/MyDrive/CD2_DSA/raw/val/images/88980_20210624_3_0_0_3_2_13_0_3.jpg,0,0
307978_20210914_3_0_0_5_2_11_0_175,/content/drive/MyDrive/CD2_DSA/raw/val/images/307978_20210914_3_0_0_5_2_11_0_175.jpg,0,0
123874_20210624_3_0_0_4_2_13_0_38,/content/drive/MyDrive/CD2_DSA/raw/val/images/123874_20210624_3_0_0_4_2_13_0_38.jpg,0,0
882_20210622_3_1_a9_3_2_13_3_80,/content/drive/MyDrive/CD2_DSA/raw/val/images/882_20210622_3_1_a9_3_2_13_3_80.jpg,1,1
66280_20210624_3_0_0_4_2_13_0_181,/content/drive/MyDrive/CD2_DSA/raw/val/images/66280_20210624_3_0_0_4_2_13_0_181.jpg,0,0
67413_20210624_3_0_0_1_2_13_0_14,/content/drive/MyDrive/CD2_DSA/raw/val/images/67413_20210624_3_0_0_1_2_13_0_14.jpg,0,0
49040_20210624_3_0_0_1_2_13_0_114,/content/drive/MyDrive/CD2_DSA/raw/val/images/49040_20210624_3_0_0_1_2_13_0_114.jpg,0,0
307815_20210914_3_0_0_5_2_11_0_12,/content/drive/MyDrive/CD2_DSA/raw/val/images/307815_20210914_3_0_0_5_2_11_0_12.jpg,0,0
12109_20210624_3_0_0_1_2_13_0_154,/content/drive/MyDrive/CD2_DSA/raw/val/images/12109_20210624_3_0_0_1_2_13_0_154.jpg,0,0
312155_20210914_3_0_0_3_2_11_0_278,/content/drive/MyDrive/CD2_DSA/raw/val/images/312155_20210914_3_0_0_3_2_11_0_278.jpg,0,0
307838_20210914_3_0_0_5_2_11_0_35,/content/drive/MyDrive/CD2_DSA/raw/val/images/307838_20210914_3_0_0_5_2_11_0_35.jpg,0,0
307985_20210914_3_0_0_5_2_11_0_182,/content/drive/MyDrive/CD2_DSA/raw/val/images/307985_20210914_3_0_0_5_2_11_0_182.jpg,0,0
15454_20210622_3_1_a9_3_2_13_3_158,/content/drive/MyDrive/CD2_DSA/raw/val/images/15454_20210622_3_1_a9_3_2_13_3_158.jpg,1,1
308524_20210914_3_0_0_5_2_11_0_0,/content/drive/MyDrive/CD2_DSA/raw/val/images/308524_20210914_3_0_0_5_2_11_0_0.jpg,0,0
9167_20210624_3_0_0_2_2_13_0_161,/content/drive/MyDrive/CD2_DSA/raw/val/images/9167_20210624_3_0_0_2_2_13_0_161.jpg,0,0
5243_20210622_3_1_a9_3_2_13_2_119,/content/drive/MyDrive/CD2_DSA/raw/val/images/5243_20210622_3_1_a9_3_2_13_2_119.jpg,1,1
5995_20210622_3_1_a9_3_2_13_1_64,/content/drive/MyDrive/CD2_DSA/raw/val/images/5995_20210622_3_1_a9_3_2_13_1_64.jpg,1,0
67418_20210624_3_0_0_1_2_13_0_19,/content/drive/MyDrive/CD2_DSA/raw/val/images/67418_20210624_3_0_0_1_2_13_0_19.jpg,0,0
308353_20210914_3_0_0_3_2_11_0_253,/content/drive/MyDrive/CD2_DSA/raw/val/images/308353_20210914_3_0_0_3_2_11_0_253.jpg,0,0
125681_20210624_3_0_0_2_2_13_0_85,/content/drive/MyDrive/CD2_DSA/raw/val/images/125681_20210624_3_0_0_2_2_13_0_85.jpg,0,0
308870_20210914_3_0_0_5_2_11_0_346,/content/drive/MyDrive/CD2_DSA/raw/val/images/308870_20210914_3_0_0_5_2_11_0_346.jpg,0,0
170869_20210624_3_0_0_5_2_13_0_63,/content/drive/MyDrive/CD2_DSA/raw/val/images/170869_20210624_3_0_0_5_2_13_0_63.jpg,0,0
67521_20210624_3_0_0_1_2_13_0_122,/content/drive/MyDrive/CD2_DSA/raw/val/images/67521_20210624_3_0_0_1_2_13_0_122.jpg,0,0
304270_20210913_3_0_0_3_2_11_0_507,/content/drive/MyDrive/CD2_DSA/raw/val/images/304270_20210913_3_0_0_3_2_11_0_507.jpg,0,0
16923_20210622_3_1_a9_3_2_13_2_13,/content/drive/MyDrive/CD2_DSA/raw/val/images/16923_20210622_3_1_a9_3_2_13_2_13.jpg,1,0
308178_20210914_3_0_0_3_2_11_0_78,/content/drive/MyDrive/CD2_DSA/raw/val/images/308178_20210914_3_0_0_3_2_11_0_78.jpg,0,0
7114_20210624_3_0_0_1_2_13_0_158,/content/drive/MyDrive/CD2_DSA/raw/val/images/7114_20210624_3_0_0_1_2_13_0_158.jpg,0,0
16424_20210706_3_1_a9_3_2_13_2_340,/content/drive/MyDrive/CD2_DSA/raw/val/images/16424_20210706_3_1_a9_3_2_13_2_340.jpg,1,1
3565_20210629_3_1_a9_3_2_13_1_214,/content/drive/MyDrive/CD2_DSA/raw/val/images/3565_20210629_3_1_a9_3_2_13_1_214.jpg,1,0
125596_20210624_3_0_0_2_2_13_0_0,/content/drive/MyDrive/CD2_DSA/raw/val/images/125596_20210624_3_0_0_2_2_13_0_0.jpg,0,0
86859_20210624_3_0_0_1_2_13_0_184,/content/drive/MyDrive/CD2_DSA/raw/val/images/86859_20210624_3_0_0_1_2_13_0_184.jpg,0,0
307741_20210914_3_0_0_3_2_11_0_341,/content/drive/MyDrive/CD2_DSA/raw/val/images/307741_20210914_3_0_0_3_2_11_0_341.jpg,0,0
307515_20210914_3_0_0_3_2_11_0_115,/content/drive/MyDrive/CD2_DSA/raw/val/images/307515_20210914_3_0_0_3_2_11_0_115.jpg,0,0
312223_20210914_3_0_0_3_2_11_0_346,/content/drive/MyDrive/CD2_DSA/raw/val/images/312223_20210914_3_0_0_3_2_11_0_346.jpg,0,0
6777_20210624_3_0_0_1_2_13_0_2,/content/drive/MyDrive/CD2_DSA/raw/val/images/6777_20210624_3_0_0_1_2_13_0_2.jpg,0,0
14667_20210624_3_0_0_3_2_13_0_179,/content/drive/MyDrive/CD2_DSA/raw/val/images/14667_20210624_3_0_0_3_2_13_0_179.jpg,0,0
16244_20210706_3_1_a9_3_2_13_2_174,/content/drive/MyDrive/CD2_DSA/raw/val/images/16244_20210706_3_1_a9_3_2_13_2_174.jpg,1,1
304171_20210913_3_0_0_3_2_11_0_408,/content/drive/MyDrive/CD2_DSA/raw/val/images/304171_20210913_3_0_0_3_2_11_0_408.jpg,0,0
308287_20210914_3_0_0_3_2_11_0_187,/content/drive/MyDrive/CD2_DSA/raw/val/images/308287_20210914_3_0_0_3_2_11_0_187.jpg,0,0
1014_20210624_3_0_0_1_2_13_0_69,/content/drive/MyDrive/CD2_DSA/raw/val/images/1014_20210624_3_0_0_1_2_13_0_69.jpg,0,0
17061_20210622_3_1_a9_3_2_13_1_182,/content/drive/MyDrive/CD2_DSA/raw/val/images/17061_20210622_3_1_a9_3_2_13_1_182.jpg,1,0
311678_20210803_3_0_0_3_2_11_0_10,/content/drive/MyDrive/CD2_DSA/raw/val/images/311678_20210803_3_0_0_3_2_11_0_10.jpg,0,0
15400_20210622_3_1_a9_3_2_13_3_104,/content/drive/MyDrive/CD2_DSA/raw/val/images/15400_20210622_3_1_a9_3_2_13_3_104.jpg,1,1
3558_20210629_3_1_a9_3_2_13_1_207,/content/drive/MyDrive/CD2_DSA/raw/val/images/3558_20210629_3_1_a9_3_2_13_1_207.jpg,1,0
304198_20210913_3_0_0_3_2_11_0_435,/content/drive/MyDrive/CD2_DSA/raw/val/images/304198_20210913_3_0_0_3_2_11_0_435.jpg,0,0
6462_20210622_3_1_a9_3_2_13_1_111,/content/drive/MyDrive/CD2_DSA/raw/val/images/6462_20210622_3_1_a9_3_2_13_1_111.jpg,1,1
1749_20210622_3_1_a9_3_2_13_2_321,/content/drive/MyDrive/CD2_DSA/raw/val/images/1749_20210622_3_1_a9_3_2_13_2_321.jpg,1,1
16965_20210622_3_1_a9_3_2_13_1_86,/content/drive/MyDrive/CD2_DSA/raw/val/images/16965_20210622_3_1_a9_3_2_13_1_86.jpg,1,1
307834_20210914_3_0_0_5_2_11_0_31,/content/drive/MyDrive/CD2_DSA/raw/val/images/307834_20210914_3_0_0_5_2_11_0_31.jpg,0,0
308417_20210914_3_0_0_3_2_11_0_317,/content/drive/MyDrive/CD2_DSA/raw/val/images/308417_20210914_3_0_0_3_2_11_0_317.jpg,0,0
124697_20210624_3_0_0_1_2_13_0_48,/content/drive/MyDrive/CD2_DSA/raw/val/images/124697_20210624_3_0_0_1_2_13_0_48.jpg,0,0
304130_20210913_3_0_0_3_2_11_0_367,/content/drive/MyDrive/CD2_DSA/raw/val/images/304130_20210913_3_0_0_3_2_11_0_367.jpg,0,0
49066_20210624_3_0_0_1_2_13_0_140,/content/drive/MyDrive/CD2_DSA/raw/val/images/49066_20210624_3_0_0_1_2_13_0_140.jpg,0,0
307404_20210914_3_0_0_3_2_11_0_4,/content/drive/MyDrive/CD2_DSA/raw/val/images/307404_20210914_3_0_0_3_2_11_0_4.jpg,0,0
307676_20210914_3_0_0_3_2_11_0_276,/content/drive/MyDrive/CD2_DSA/raw/val/images/307676_20210914_3_0_0_3_2_11_0_276.jpg,0,0
67424_20210624_3_0_0_1_2_13_0_25,/content/drive/MyDrive/CD2_DSA/raw/val/images/67424_20210624_3_0_0_1_2_13_0_25.jpg,0,0
308225_20210914_3_0_0_3_2_11_0_125,/content/drive/MyDrive/CD2_DSA/raw/val/images/308225_20210914_3_0_0_3_2_11_0_125.jpg,0,0
16733_20210706_3_1_a9_3_2_13_2_584,/content/drive/MyDrive/CD2_DSA/raw/val/images/16733_20210706_3_1_a9_3_2_13_2_584.jpg,1,1
6502_20210622_3_1_a9_3_2_13_1_130,/content/drive/MyDrive/CD2_DSA/raw/val/images/6502_20210622_3_1_a9_3_2_13_1_130.jpg,1,1
108282_20210624_3_0_0_2_2_13_0_155,/content/drive/MyDrive/CD2_DSA/raw/val/images/108282_20210624_3_0_0_2_2_13_0_155.jpg,0,0
68521_20210624_3_0_0_2_2_13_0_31,/content/drive/MyDrive/CD2_DSA/raw/val/images/68521_20210624_3_0_0_2_2_13_0_31.jpg,0,0
15361_20210622_3_1_a9_3_2_13_3_65,/content/drive/MyDrive/CD2_DSA/raw/val/images/15361_20210622_3_1_a9_3_2_13_3_65.jpg,1,0
307876_20210914_3_0_0_5_2_11_0_73,/content/drive/MyDrive/CD2_DSA/raw/val/images/307876_20210914_3_0_0_5_2_11_0_73.jpg,0,0
66004_20210624_3_0_0_4_2_13_0_135,/content/drive/MyDrive/CD2_DSA/raw/val/images/66004_20210624_3_0_0_4_2_13_0_135.jpg,0,0
3789_20210629_3_1_a9_3_2_13_2_119,/content/drive/MyDrive/CD2_DSA/raw/val/images/3789_20210629_3_1_a9_3_2_13_2_119.jpg,1,1
307449_20210914_3_0_0_3_2_11_0_49,/content/drive/MyDrive/CD2_DSA/raw/val/images/307449_20210914_3_0_0_3_2_11_0_49.jpg,0,0
1572_20210622_3_1_a9_3_2_13_2_144,/content/drive/MyDrive/CD2_DSA/raw/val/images/1572_20210622_3_1_a9_3_2_13_2_144.jpg,1,1
67623_20210624_3_0_0_1_2_13_0_194,/content/drive/MyDrive/CD2_DSA/raw/val/images/67623_20210624_3_0_0_1_2_13_0_194.jpg,0,0
16980_20210622_3_1_a9_3_2_13_1_101,/content/drive/MyDrive/CD2_DSA/raw/val/images/16980_20210622_3_1_a9_3_2_13_1_101.jpg,1,0
312097_20210914_3_0_0_3_2_11_0_220,/content/drive/MyDrive/CD2_DSA/raw/val/images/312097_20210914_3_0_0_3_2_11_0_220.jpg,0,0
16391_20210706_3_1_a9_3_2_13_2_307,/content/drive/MyDrive/CD2_DSA/raw/val/images/16391_20210706_3_1_a9_3_2_13_2_307.jpg,1,0
307902_20210914_3_0_0_5_2_11_0_99,/content/drive/MyDrive/CD2_DSA/raw/val/images/307902_20210914_3_0_0_5_2_11_0_99.jpg,0,0
10545_20210624_3_0_0_3_2_13_0_51,/content/drive/MyDrive/CD2_DSA/raw/val/images/10545_20210624_3_0_0_3_2_13_0_51.jpg,0,0
15876_20210622_3_1_a9_3_2_13_2_117,/content/drive/MyDrive/CD2_DSA/raw/val/images/15876_20210622_3_1_a9_3_2_13_2_117.jpg,1,0
15615_20210706_3_1_a9_3_2_13_3_46,/content/drive/MyDrive/CD2_DSA/raw/val/images/15615_20210706_3_1_a9_3_2_13_3_46.jpg,1,1
307594_20210914_3_0_0_3_2_11_0_194,/content/drive/MyDrive/CD2_DSA/raw/val/images/307594_20210914_3_0_0_3_2_11_0_194.jpg,0,0
95475_20210624_3_0_0_1_2_13_0_141,/content/drive/MyDrive/CD2_DSA/raw/val/images/95475_20210624_3_0_0_1_2_13_0_141.jpg,0,0
307673_20210914_3_0_0_3_2_11_0_273,/content/drive/MyDrive/CD2_DSA/raw/val/images/307673_20210914_3_0_0_3_2_11_0_273.jpg,0,0
13670_20210624_3_0_0_1_2_13_0_196,/content/drive/MyDrive/CD2_DSA/raw/val/images/13670_20210624_3_0_0_1_2_13_0_196.jpg,0,0
16797_20210713_3_1_a9_3_2_13_3_59,/content/drive/MyDrive/CD2_DSA/raw/val/images/16797_20210713_3_1_a9_3_2_13_3_59.jpg,1,1
49073_20210624_3_0_0_1_2_13_0_147,/content/drive/MyDrive/CD2_DSA/raw/val/images/49073_20210624_3_0_0_1_2_13_0_147.jpg,0,0
6880_20210624_3_0_0_1_2_13_0_105,/content/drive/MyDrive/CD2_DSA/raw/val/images/6880_20210624_3_0_0_1_2_13_0_105.jpg,0,0
311986_20210914_3_0_0_3_2_11_0_109,/content/drive/MyDrive/CD2_DSA/raw/val/images/311986_20210914_3_0_0_3_2_11_0_109.jpg,0,0
95468_20210624_3_0_0_1_2_13_0_134,/content/drive/MyDrive/CD2_DSA/raw/val/images/95468_20210624_3_0_0_1_2_13_0_134.jpg,0,0
308637_20210914_3_0_0_5_2_11_0_114,/content/drive/MyDrive/CD2_DSA/raw/val/images/308637_20210914_3_0_0_5_2_11_0_114.jpg,0,0
125118_20210624_3_0_0_1_2_13_0_149,/content/drive/MyDrive/CD2_DSA/raw/val/images/125118_20210624_3_0_0_1_2_13_0_149.jpg,0,0
1542_20210622_3_1_a9_3_2_13_2_114,/content/drive/MyDrive/CD2_DSA/raw/val/images/1542_20210622_3_1_a9_3_2_13_2_114.jpg,1,1
308691_20210914_3_0_0_5_2_11_0_168,/content/drive/MyDrive/CD2_DSA/raw/val/images/308691_20210914_3_0_0_5_2_11_0_168.jpg,0,0
311927_20210914_3_0_0_3_2_11_0_50,/content/drive/MyDrive/CD2_DSA/raw/val/images/311927_20210914_3_0_0_3_2_11_0_50.jpg,0,0
304015_20210913_3_0_0_3_2_11_0_252,/content/drive/MyDrive/CD2_DSA/raw/val/images/304015_20210913_3_0_0_3_2_11_0_252.jpg,0,0
125602_20210624_3_0_0_2_2_13_0_6,/content/drive/MyDrive/CD2_DSA/raw/val/images/125602_20210624_3_0_0_2_2_13_0_6.jpg,0,0
304218_20210913_3_0_0_3_2_11_0_455,/content/drive/MyDrive/CD2_DSA/raw/val/images/304218_20210913_3_0_0_3_2_11_0_455.jpg,0,0
1714_20210622_3_1_a9_3_2_13_2_286,/content/drive/MyDrive/CD2_DSA/raw/val/images/1714_20210622_3_1_a9_3_2_13_2_286.jpg,1,1
1097_20210624_3_0_0_1_2_13_0_152,/content/drive/MyDrive/CD2_DSA/raw/val/images/1097_20210624_3_0_0_1_2_13_0_152.jpg,0,0
16728_20210706_3_1_a9_3_2_13_2_579,/content/drive/MyDrive/CD2_DSA/raw/val/images/16728_20210706_3_1_a9_3_2_13_2_579.jpg,1,1
1667_20210622_3_1_a9_3_2_13_2_239,/content/drive/MyDrive/CD2_DSA/raw/val/images/1667_20210622_3_1_a9_3_2_13_2_239.jpg,1,1
1625_20210622_3_1_a9_3_2_13_2_197,/content/drive/MyDrive/CD2_DSA/raw/val/images/1625_20210622_3_1_a9_3_2_13_2_197.jpg,1,1
304208_20210913_3_0_0_3_2_11_0_445,/content/drive/MyDrive/CD2_DSA/raw/val/images/304208_20210913_3_0_0_3_2_11_0_445.jpg,0,0
3748_20210622_3_1_a9_3_2_13_3_26,/content/drive/MyDrive/CD2_DSA/raw/val/images/3748_20210622_3_1_a9_3_2_13_3_26.jpg,1,1
307728_20210914_3_0_0_3_2_11_0_328,/content/drive/MyDrive/CD2_DSA/raw/val/images/307728_20210914_3_0_0_3_2_11_0_328.jpg,0,0
125129_20210624_3_0_0_1_2_13_0_160,/content/drive/MyDrive/CD2_DSA/raw/val/images/125129_20210624_3_0_0_1_2_13_0_160.jpg,0,0
67428_20210624_3_0_0_1_2_13_0_29,/content/drive/MyDrive/CD2_DSA/raw/val/images/67428_20210624_3_0_0_1_2_13_0_29.jpg,0,0
307875_20210914_3_0_0_5_2_11_0_72,/content/drive/MyDrive/CD2_DSA/raw/val/images/307875_20210914_3_0_0_5_2_11_0_72.jpg,0,0
1106_20210624_3_0_0_1_2_13_0_161,/content/drive/MyDrive/CD2_DSA/raw/val/images/1106_20210624_3_0_0_1_2_13_0_161.jpg,0,0
17000_20210622_3_1_a9_3_2_13_1_121,/content/drive/MyDrive/CD2_DSA/raw/val/images/17000_20210622_3_1_a9_3_2_13_1_121.jpg,1,1
106578_20210624_3_0_0_1_2_13_0_175,/content/drive/MyDrive/CD2_DSA/raw/val/images/106578_20210624_3_0_0_1_2_13_0_175.jpg,0,0
308093_20210914_3_0_0_5_2_11_0_290,/content/drive/MyDrive/CD2_DSA/raw/val/images/308093_20210914_3_0_0_5_2_11_0_290.jpg,0,0
109399_20210624_3_0_0_3_2_13_0_13,/content/drive/MyDrive/CD2_DSA/raw/val/images/109399_20210624_3_0_0_3_2_13_0_13.jpg,0,0
640_20210622_3_1_a9_3_2_13_1_5,/content/drive/MyDrive/CD2_DSA/raw/val/images/640_20210622_3_1_a9_3_2_13_1_5.jpg,1,1
312028_20210914_3_0_0_3_2_11_0_151,/content/drive/MyDrive/CD2_DSA/raw/val/images/312028_20210914_3_0_0_3_2_11_0_151.jpg,0,0
304262_20210913_3_0_0_3_2_11_0_499,/content/drive/MyDrive/CD2_DSA/raw/val/images/304262_20210913_3_0_0_3_2_11_0_499.jpg,0,0
308651_20210914_3_0_0_5_2_11_0_128,/content/drive/MyDrive/CD2_DSA/raw/val/images/308651_20210914_3_0_0_5_2_11_0_128.jpg,0,0
16339_20210706_3_1_a9_3_2_13_2_269,/content/drive/MyDrive/CD2_DSA/raw/val/images/16339_20210706_3_1_a9_3_2_13_2_269.jpg,1,1
7152_20210624_3_0_0_1_2_13_0_196,/content/drive/MyDrive/CD2_DSA/raw/val/images/7152_20210624_3_0_0_1_2_13_0_196.jpg,0,0
16574_20210706_3_1_a9_3_2_13_2_425,/content/drive/MyDrive/CD2_DSA/raw/val/images/16574_20210706_3_1_a9_3_2_13_2_425.jpg,1,1
16934_20210622_3_1_a9_3_2_13_2_24,/content/drive/MyDrive/CD2_DSA/raw/val/images/16934_20210622_3_1_a9_3_2_13_2_24.jpg,1,1
308804_20210914_3_0_0_5_2_11_0_280,/content/drive/MyDrive/CD2_DSA/raw/val/images/308804_20210914_3_0_0_5_2_11_0_280.jpg,0,0
48937_20210624_3_0_0_1_2_13_0_11,/content/drive/MyDrive/CD2_DSA/raw/val/images/48937_20210624_3_0_0_1_2_13_0_11.jpg,0,0
16886_20210622_3_1_a9_3_2_13_1_46,/content/drive/MyDrive/CD2_DSA/raw/val/images/16886_20210622_3_1_a9_3_2_13_1_46.jpg,1,1
307659_20210914_3_0_0_3_2_11_0_259,/content/drive/MyDrive/CD2_DSA/raw/val/images/307659_20210914_3_0_0_3_2_11_0_259.jpg,0,0
16523_20210706_3_1_a9_3_2_13_3_38,/content/drive/MyDrive/CD2_DSA/raw/val/images/16523_20210706_3_1_a9_3_2_13_3_38.jpg,1,0
1060_20210624_3_0_0_1_2_13_0_115,/content/drive/MyDrive/CD2_DSA/raw/val/images/1060_20210624_3_0_0_1_2_13_0_115.jpg,0,0
307575_20210914_3_0_0_3_2_11_0_175,/content/drive/MyDrive/CD2_DSA/raw/val/images/307575_20210914_3_0_0_3_2_11_0_175.jpg,0,0
308536_20210914_3_0_0_5_2_11_0_12,/content/drive/MyDrive/CD2_DSA/raw/val/images/308536_20210914_3_0_0_5_2_11_0_12.jpg,0,0
67648_20210624_3_0_0_1_2_13_0_219,/content/drive/MyDrive/CD2_DSA/raw/val/images/67648_20210624_3_0_0_1_2_13_0_219.jpg,0,0
15670_20210706_3_1_a9_3_2_13_3_101,/content/drive/MyDrive/CD2_DSA/raw/val/images/15670_20210706_3_1_a9_3_2_13_3_101.jpg,1,1
304147_20210913_3_0_0_3_2_11_0_384,/content/drive/MyDrive/CD2_DSA/raw/val/images/304147_20210913_3_0_0_3_2_11_0_384.jpg,0,0
126092_20210624_3_0_0_5_2_13_0_27,/content/drive/MyDrive/CD2_DSA/raw/val/images/126092_20210624_3_0_0_5_2_13_0_27.jpg,0,0
170861_20210624_3_0_0_5_2_13_0_55,/content/drive/MyDrive/CD2_DSA/raw/val/images/170861_20210624_3_0_0_5_2_13_0_55.jpg,0,0
65894_20210624_3_0_0_4_2_13_0_25,/content/drive/MyDrive/CD2_DSA/raw/val/images/65894_20210624_3_0_0_4_2_13_0_25.jpg,0,0
691_20210622_3_1_a9_3_2_13_1_56,/content/drive/MyDrive/CD2_DSA/raw/val/images/691_20210622_3_1_a9_3_2_13_1_56.jpg,1,1
34077_20210624_3_0_0_3_2_13_0_25,/content/drive/MyDrive/CD2_DSA/raw/val/images/34077_20210624_3_0_0_3_2_13_0_25.jpg,0,0
307800_20210914_3_0_0_3_2_11_0_400,/content/drive/MyDrive/CD2_DSA/raw/val/images/307800_20210914_3_0_0_3_2_11_0_400.jpg,0,0
312222_20210914_3_0_0_3_2_11_0_345,/content/drive/MyDrive/CD2_DSA/raw/val/images/312222_20210914_3_0_0_3_2_11_0_345.jpg,0,0
106571_20210624_3_0_0_1_2_13_0_168,/content/drive/MyDrive/CD2_DSA/raw/val/images/106571_20210624_3_0_0_1_2_13_0_168.jpg,0,0
15484_20210622_3_1_a9_3_2_13_3_188,/content/drive/MyDrive/CD2_DSA/raw/val/images/15484_20210622_3_1_a9_3_2_13_3_188.jpg,1,1
16701_20210706_3_1_a9_3_2_13_2_552,/content/drive/MyDrive/CD2_DSA/raw/val/images/16701_20210706_3_1_a9_3_2_13_2_552.jpg,1,1
95237_20210624_3_0_0_1_2_13_0_58,/content/drive/MyDrive/CD2_DSA/raw/val/images/95237_20210624_3_0_0_1_2_13_0_58.jpg,0,0
10606_20210624_3_0_0_1_2_13_0_55,/content/drive/MyDrive/CD2_DSA/raw/val/images/10606_20210624_3_0_0_1_2_13_0_55.jpg,0,0
308301_20210914_3_0_0_3_2_11_0_201,/content/drive/MyDrive/CD2_DSA/raw/val/images/308301_20210914_3_0_0_3_2_11_0_201.jpg,0,0
5866_20210622_3_1_a9_3_2_13_1_55,/content/drive/MyDrive/CD2_DSA/raw/val/images/5866_20210622_3_1_a9_3_2_13_1_55.jpg,1,0
16895_20210622_3_1_a9_3_2_13_1_55,/content/drive/MyDrive/CD2_DSA/raw/val/images/16895_20210622_3_1_a9_3_2_13_1_55.jpg,1,1
68542_20210624_3_0_0_2_2_13_0_52,/content/drive/MyDrive/CD2_DSA/raw/val/images/68542_20210624_3_0_0_2_2_13_0_52.jpg,0,0
95486_20210624_3_0_0_1_2_13_0_152,/content/drive/MyDrive/CD2_DSA/raw/val/images/95486_20210624_3_0_0_1_2_13_0_152.jpg,0,0
308388_20210914_3_0_0_3_2_11_0_288,/content/drive/MyDrive/CD2_DSA/raw/val/images/308388_20210914_3_0_0_3_2_11_0_288.jpg,0,0
125660_20210624_3_0_0_2_2_13_0_64,/content/drive/MyDrive/CD2_DSA/raw/val/images/125660_20210624_3_0_0_2_2_13_0_64.jpg,0,0
15998_20210706_3_1_a9_3_2_13_2_8,/content/drive/MyDrive/CD2_DSA/raw/val/images/15998_20210706_3_1_a9_3_2_13_2_8.jpg,1,1
2655_20210624_3_0_0_4_2_13_0_124,/content/drive/MyDrive/CD2_DSA/raw/val/images/2655_20210624_3_0_0_4_2_13_0_124.jpg,0,0
307948_20210914_3_0_0_5_2_11_0_145,/content/drive/MyDrive/CD2_DSA/raw/val/images/307948_20210914_3_0_0_5_2_11_0_145.jpg,0,0
16897_20210622_3_1_a9_3_2_13_1_57,/content/drive/MyDrive/CD2_DSA/raw/val/images/16897_20210622_3_1_a9_3_2_13_1_57.jpg,1,1
68510_20210624_3_0_0_2_2_13_0_20,/content/drive/MyDrive/CD2_DSA/raw/val/images/68510_20210624_3_0_0_2_2_13_0_20.jpg,0,0
16982_20210622_3_1_a9_3_2_13_1_103,/content/drive/MyDrive/CD2_DSA/raw/val/images/16982_20210622_3_1_a9_3_2_13_1_103.jpg,1,1
1091_20210624_3_0_0_1_2_13_0_146,/content/drive/MyDrive/CD2_DSA/raw/val/images/1091_20210624_3_0_0_1_2_13_0_146.jpg,0,0
16321_20210706_3_1_a9_3_2_13_2_251,/content/drive/MyDrive/CD2_DSA/raw/val/images/16321_20210706_3_1_a9_3_2_13_2_251.jpg,1,0
307474_20210914_3_0_0_3_2_11_0_74,/content/drive/MyDrive/CD2_DSA/raw/val/images/307474_20210914_3_0_0_3_2_11_0_74.jpg,0,0
3602_20210629_3_1_a9_3_2_13_1_251,/content/drive/MyDrive/CD2_DSA/raw/val/images/3602_20210629_3_1_a9_3_2_13_1_251.jpg,1,0
1661_20210622_3_1_a9_3_2_13_2_233,/content/drive/MyDrive/CD2_DSA/raw/val/images/1661_20210622_3_1_a9_3_2_13_2_233.jpg,1,1
307988_20210914_3_0_0_5_2_11_0_185,/content/drive/MyDrive/CD2_DSA/raw/val/images/307988_20210914_3_0_0_5_2_11_0_185.jpg,0,0
170907_20210624_3_0_0_5_2_13_0_101,/content/drive/MyDrive/CD2_DSA/raw/val/images/170907_20210624_3_0_0_5_2_13_0_101.jpg,0,0
1504_20210622_3_1_a9_3_2_13_2_76,/content/drive/MyDrive/CD2_DSA/raw/val/images/1504_20210622_3_1_a9_3_2_13_2_76.jpg,1,1
307540_20210914_3_0_0_3_2_11_0_140,/content/drive/MyDrive/CD2_DSA/raw/val/images/307540_20210914_3_0_0_3_2_11_0_140.jpg,0,0
308027_20210914_3_0_0_5_2_11_0_224,/content/drive/MyDrive/CD2_DSA/raw/val/images/308027_20210914_3_0_0_5_2_11_0_224.jpg,0,0
308726_20210914_3_0_0_5_2_11_0_202,/content/drive/MyDrive/CD2_DSA/raw/val/images/308726_20210914_3_0_0_5_2_11_0_202.jpg,0,0
32313_20210624_3_0_0_4_2_13_0_16,/content/drive/MyDrive/CD2_DSA/raw/val/images/32313_20210624_3_0_0_4_2_13_0_16.jpg,0,0
308791_20210914_3_0_0_5_2_11_0_267,/content/drive/MyDrive/CD2_DSA/raw/val/images/308791_20210914_3_0_0_5_2_11_0_267.jpg,0,0
17002_20210622_3_1_a9_3_2_13_1_123,/content/drive/MyDrive/CD2_DSA/raw/val/images/17002_20210622_3_1_a9_3_2_13_1_123.jpg,1,1
312138_20210914_3_0_0_3_2_11_0_261,/content/drive/MyDrive/CD2_DSA/raw/val/images/312138_20210914_3_0_0_3_2_11_0_261.jpg,0,0
86873_20210624_3_0_0_1_2_13_0_198,/content/drive/MyDrive/CD2_DSA/raw/val/images/86873_20210624_3_0_0_1_2_13_0_198.jpg,0,0
16816_20210713_3_1_a9_3_2_13_3_78,/content/drive/MyDrive/CD2_DSA/raw/val/images/16816_20210713_3_1_a9_3_2_13_3_78.jpg,1,0
3757_20210622_3_1_a9_3_2_13_3_35,/content/drive/MyDrive/CD2_DSA/raw/val/images/3757_20210622_3_1_a9_3_2_13_3_35.jpg,1,1
86466_20210624_3_0_0_5_2_13_0_45,/content/drive/MyDrive/CD2_DSA/raw/val/images/86466_20210624_3_0_0_5_2_13_0_45.jpg,0,0
6799_20210624_3_0_0_1_2_13_0_24,/content/drive/MyDrive/CD2_DSA/raw/val/images/6799_20210624_3_0_0_1_2_13_0_24.jpg,0,0
6878_20210624_3_0_0_1_2_13_0_103,/content/drive/MyDrive/CD2_DSA/raw/val/images/6878_20210624_3_0_0_1_2_13_0_103.jpg,0,0
6908_20210624_3_0_0_1_2_13_0_133,/content/drive/MyDrive/CD2_DSA/raw/val/images/6908_20210624_3_0_0_1_2_13_0_133.jpg,0,0
170892_20210624_3_0_0_5_2_13_0_86,/content/drive/MyDrive/CD2_DSA/raw/val/images/170892_20210624_3_0_0_5_2_13_0_86.jpg,0,0
108276_20210624_3_0_0_2_2_13_0_149,/content/drive/MyDrive/CD2_DSA/raw/val/images/108276_20210624_3_0_0_2_2_13_0_149.jpg,0,0
3399_20210629_3_1_a9_3_2_13_1_154,/content/drive/MyDrive/CD2_DSA/raw/val/images/3399_20210629_3_1_a9_3_2_13_1_154.jpg,1,1
16844_20210622_3_1_a9_3_2_13_1_4,/content/drive/MyDrive/CD2_DSA/raw/val/images/16844_20210622_3_1_a9_3_2_13_1_4.jpg,1,1
15142_20210622_3_1_a9_3_2_13_3_53,/content/drive/MyDrive/CD2_DSA/raw/val/images/15142_20210622_3_1_a9_3_2_13_3_53.jpg,1,0
308280_20210914_3_0_0_3_2_11_0_180,/content/drive/MyDrive/CD2_DSA/raw/val/images/308280_20210914_3_0_0_3_2_11_0_180.jpg,0,0
7127_20210624_3_0_0_1_2_13_0_171,/content/drive/MyDrive/CD2_DSA/raw/val/images/7127_20210624_3_0_0_1_2_13_0_171.jpg,0,0
308697_20210914_3_0_0_5_2_11_0_174,/content/drive/MyDrive/CD2_DSA/raw/val/images/308697_20210914_3_0_0_5_2_11_0_174.jpg,0,0
307589_20210914_3_0_0_3_2_11_0_189,/content/drive/MyDrive/CD2_DSA/raw/val/images/307589_20210914_3_0_0_3_2_11_0_189.jpg,0,0
6026_20210622_3_1_a9_3_2_13_1_75,/content/drive/MyDrive/CD2_DSA/raw/val/images/6026_20210622_3_1_a9_3_2_13_1_75.jpg,1,1
308462_20210914_3_0_0_3_2_11_0_362,/content/drive/MyDrive/CD2_DSA/raw/val/images/308462_20210914_3_0_0_3_2_11_0_362.jpg,0,0
15586_20210706_3_1_a9_3_2_13_3_17,/content/drive/MyDrive/CD2_DSA/raw/val/images/15586_20210706_3_1_a9_3_2_13_3_17.jpg,1,0
307637_20210914_3_0_0_3_2_11_0_237,/content/drive/MyDrive/CD2_DSA/raw/val/images/307637_20210914_3_0_0_3_2_11_0_237.jpg,0,0
3371_20210629_3_1_a9_3_2_13_1_126,/content/drive/MyDrive/CD2_DSA/raw/val/images/3371_20210629_3_1_a9_3_2_13_1_126.jpg,1,1
307925_20210914_3_0_0_5_2_11_0_122,/content/drive/MyDrive/CD2_DSA/raw/val/images/307925_20210914_3_0_0_5_2_11_0_122.jpg,0,0
16283_20210706_3_1_a9_3_2_13_2_213,/content/drive/MyDrive/CD2_DSA/raw/val/images/16283_20210706_3_1_a9_3_2_13_2_213.jpg,1,1
16971_20210622_3_1_a9_3_2_13_1_92,/content/drive/MyDrive/CD2_DSA/raw/val/images/16971_20210622_3_1_a9_3_2_13_1_92.jpg,1,0
16044_20210706_3_1_a9_3_2_13_2_54,/content/drive/MyDrive/CD2_DSA/raw/val/images/16044_20210706_3_1_a9_3_2_13_2_54.jpg,1,1
16233_20210706_3_1_a9_3_2_13_2_163,/content/drive/MyDrive/CD2_DSA/raw/val/images/16233_20210706_3_1_a9_3_2_13_2_163.jpg,1,0
15570_20210706_3_1_a9_3_2_13_3_1,/content/drive/MyDrive/CD2_DSA/raw/val/images/15570_20210706_3_1_a9_3_2_13_3_1.jpg,1,1
124710_20210624_3_0_0_1_2_13_0_61,/content/drive/MyDrive/CD2_DSA/raw/val/images/124710_20210624_3_0_0_1_2_13_0_61.jpg,0,0
67538_20210624_3_0_0_1_2_13_0_139,/content/drive/MyDrive/CD2_DSA/raw/val/images/67538_20210624_3_0_0_1_2_13_0_139.jpg,0,0
125087_20210624_3_0_0_1_2_13_0_118,/content/drive/MyDrive/CD2_DSA/raw/val/images/125087_20210624_3_0_0_1_2_13_0_118.jpg,0,0
17066_20210622_3_1_a9_3_2_13_1_187,/content/drive/MyDrive/CD2_DSA/raw/val/images/17066_20210622_3_1_a9_3_2_13_1_187.jpg,1,1
304115_20210913_3_0_0_3_2_11_0_352,/content/drive/MyDrive/CD2_DSA/raw/val/images/304115_20210913_3_0_0_3_2_11_0_352.jpg,0,0
106316_20210624_3_0_0_1_2_13_0_113,/content/drive/MyDrive/CD2_DSA/raw/val/images/106316_20210624_3_0_0_1_2_13_0_113.jpg,0,0
833_20210622_3_1_a9_3_2_13_3_31,/content/drive/MyDrive/CD2_DSA/raw/val/images/833_20210622_3_1_a9_3_2_13_3_31.jpg,1,1
71203_20210624_3_0_0_3_2_13_0_56,/content/drive/MyDrive/CD2_DSA/raw/val/images/71203_20210624_3_0_0_3_2_13_0_56.jpg,0,0
312047_20210914_3_0_0_3_2_11_0_170,/content/drive/MyDrive/CD2_DSA/raw/val/images/312047_20210914_3_0_0_3_2_11_0_170.jpg,0,0
1570_20210622_3_1_a9_3_2_13_2_142,/content/drive/MyDrive/CD2_DSA/raw/val/images/1570_20210622_3_1_a9_3_2_13_2_142.jpg,1,1
95490_20210624_3_0_0_1_2_13_0_156,/content/drive/MyDrive/CD2_DSA/raw/val/images/95490_20210624_3_0_0_1_2_13_0_156.jpg,0,0
26101_20210624_3_0_0_5_2_13_0_150,/content/drive/MyDrive/CD2_DSA/raw/val/images/26101_20210624_3_0_0_5_2_13_0_150.jpg,0,0
106610_20210624_3_0_0_1_2_13_0_207,/content/drive/MyDrive/CD2_DSA/raw/val/images/106610_20210624_3_0_0_1_2_13_0_207.jpg,0,0
308433_20210914_3_0_0_3_2_11_0_333,/content/drive/MyDrive/CD2_DSA/raw/val/images/308433_20210914_3_0_0_3_2_11_0_333.jpg,0,0
16343_20210706_3_1_a9_3_2_13_2_273,/content/drive/MyDrive/CD2_DSA/raw/val/images/16343_20210706_3_1_a9_3_2_13_2_273.jpg,1,1
16669_20210706_3_1_a9_3_2_13_2_520,/content/drive/MyDrive/CD2_DSA/raw/val/images/16669_20210706_3_1_a9_3_2_13_2_520.jpg,1,0
308195_20210914_3_0_0_3_2_11_0_95,/content/drive/MyDrive/CD2_DSA/raw/val/images/308195_20210914_3_0_0_3_2_11_0_95.jpg,0,0
308396_20210914_3_0_0_3_2_11_0_296,/content/drive/MyDrive/CD2_DSA/raw/val/images/308396_20210914_3_0_0_3_2_11_0_296.jpg,0,0
16334_20210706_3_1_a9_3_2_13_2_264,/content/drive/MyDrive/CD2_DSA/raw/val/images/16334_20210706_3_1_a9_3_2_13_2_264.jpg,1,1
125105_20210624_3_0_0_1_2_13_0_136,/content/drive/MyDrive/CD2_DSA/raw/val/images/125105_20210624_3_0_0_1_2_13_0_136.jpg,0,0
745_20210622_3_1_a9_3_2_13_1_110,/content/drive/MyDrive/CD2_DSA/raw/val/images/745_20210622_3_1_a9_3_2_13_1_110.jpg,1,1
10517_20210624_3_0_0_3_2_13_0_23,/content/drive/MyDrive/CD2_DSA/raw/val/images/10517_20210624_3_0_0_3_2_13_0_23.jpg,0,0
311692_20210803_3_0_0_3_2_11_0_24,/content/drive/MyDrive/CD2_DSA/raw/val/images/311692_20210803_3_0_0_3_2_11_0_24.jpg,0,0
1120_20210624_3_0_0_1_2_13_0_175,/content/drive/MyDrive/CD2_DSA/raw/val/images/1120_20210624_3_0_0_1_2_13_0_175.jpg,0,0
126107_20210624_3_0_0_5_2_13_0_42,/content/drive/MyDrive/CD2_DSA/raw/val/images/126107_20210624_3_0_0_5_2_13_0_42.jpg,0,0
307886_20210914_3_0_0_5_2_11_0_83,/content/drive/MyDrive/CD2_DSA/raw/val/images/307886_20210914_3_0_0_5_2_11_0_83.jpg,0,0
16338_20210706_3_1_a9_3_2_13_2_268,/content/drive/MyDrive/CD2_DSA/raw/val/images/16338_20210706_3_1_a9_3_2_13_2_268.jpg,1,1
15851_20210622_3_1_a9_3_2_13_2_92,/content/drive/MyDrive/CD2_DSA/raw/val/images/15851_20210622_3_1_a9_3_2_13_2_92.jpg,1,0
109501_20210624_3_0_0_3_2_13_0_115,/content/drive/MyDrive/CD2_DSA/raw/val/images/109501_20210624_3_0_0_3_2_13_0_115.jpg,0,0
7224_20210622_3_1_a9_3_2_13_1_190,/content/drive/MyDrive/CD2_DSA/raw/val/images/7224_20210622_3_1_a9_3_2_13_1_190.jpg,1,0
125642_20210624_3_0_0_2_2_13_0_46,/content/drive/MyDrive/CD2_DSA/raw/val/images/125642_20210624_3_0_0_2_2_13_0_46.jpg,0,0
67633_20210624_3_0_0_1_2_13_0_204,/content/drive/MyDrive/CD2_DSA/raw/val/images/67633_20210624_3_0_0_1_2_13_0_204.jpg,0,0
931_20210622_3_1_a9_3_2_13_3_129,/content/drive/MyDrive/CD2_DSA/raw/val/images/931_20210622_3_1_a9_3_2_13_3_129.jpg,1,1
304250_20210913_3_0_0_3_2_11_0_487,/content/drive/MyDrive/CD2_DSA/raw/val/images/304250_20210913_3_0_0_3_2_11_0_487.jpg,0,0
106309_20210624_3_0_0_1_2_13_0_106,/content/drive/MyDrive/CD2_DSA/raw/val/images/106309_20210624_3_0_0_1_2_13_0_106.jpg,0,0
16830_20210713_3_1_a9_3_2_13_3_92,/content/drive/MyDrive/CD2_DSA/raw/val/images/16830_20210713_3_1_a9_3_2_13_3_92.jpg,1,1
86534_20210624_3_0_0_1_2_13_0_103,/content/drive/MyDrive/CD2_DSA/raw/val/images/86534_20210624_3_0_0_1_2_13_0_103.jpg,0,0
15597_20210706_3_1_a9_3_2_13_3_28,/content/drive/MyDrive/CD2_DSA/raw/val/images/15597_20210706_3_1_a9_3_2_13_3_28.jpg,1,1
170823_20210624_3_0_0_5_2_13_0_17,/content/drive/MyDrive/CD2_DSA/raw/val/images/170823_20210624_3_0_0_5_2_13_0_17.jpg,0,0
95458_20210624_3_0_0_1_2_13_0_124,/content/drive/MyDrive/CD2_DSA/raw/val/images/95458_20210624_3_0_0_1_2_13_0_124.jpg,0,0
17064_20210622_3_1_a9_3_2_13_1_185,/content/drive/MyDrive/CD2_DSA/raw/val/images/17064_20210622_3_1_a9_3_2_13_1_185.jpg,1,0
308510_20210914_3_0_0_3_2_11_0_410,/content/drive/MyDrive/CD2_DSA/raw/val/images/308510_20210914_3_0_0_3_2_11_0_410.jpg,0,0
125679_20210624_3_0_0_2_2_13_0_83,/content/drive/MyDrive/CD2_DSA/raw/val/images/125679_20210624_3_0_0_2_2_13_0_83.jpg,0,0
16085_20210706_3_1_a9_3_2_13_2_95,/content/drive/MyDrive/CD2_DSA/raw/val/images/16085_20210706_3_1_a9_3_2_13_2_95.jpg,1,1
26214_20210624_3_0_0_5_2_13_0_175,/content/drive/MyDrive/CD2_DSA/raw/val/images/26214_20210624_3_0_0_5_2_13_0_175.jpg,0,0
3777_20210629_3_1_a9_3_2_13_2_107,/content/drive/MyDrive/CD2_DSA/raw/val/images/3777_20210629_3_1_a9_3_2_13_2_107.jpg,1,0
307593_20210914_3_0_0_3_2_11_0_193,/content/drive/MyDrive/CD2_DSA/raw/val/images/307593_20210914_3_0_0_3_2_11_0_193.jpg,0,0
311939_20210914_3_0_0_3_2_11_0_62,/content/drive/MyDrive/CD2_DSA/raw/val/images/311939_20210914_3_0_0_3_2_11_0_62.jpg,0,0
3810_20210629_3_1_a9_3_2_13_3_19,/content/drive/MyDrive/CD2_DSA/raw/val/images/3810_20210629_3_1_a9_3_2_13_3_19.jpg,1,1
311676_20210803_3_0_0_3_2_11_0_8,/content/drive/MyDrive/CD2_DSA/raw/val/images/311676_20210803_3_0_0_3_2_11_0_8.jpg,0,0
15674_20210706_3_1_a9_3_2_13_3_105,/content/drive/MyDrive/CD2_DSA/raw/val/images/15674_20210706_3_1_a9_3_2_13_3_105.jpg,1,1
67427_20210624_3_0_0_1_2_13_0_28,/content/drive/MyDrive/CD2_DSA/raw/val/images/67427_20210624_3_0_0_1_2_13_0_28.jpg,0,0
308512_20210914_3_0_0_3_2_11_0_412,/content/drive/MyDrive/CD2_DSA/raw/val/images/308512_20210914_3_0_0_3_2_11_0_412.jpg,0,0
1733_20210622_3_1_a9_3_2_13_2_305,/content/drive/MyDrive/CD2_DSA/raw/val/images/1733_20210622_3_1_a9_3_2_13_2_305.jpg,1,1
34055_20210624_3_0_0_3_2_13_0_3,/content/drive/MyDrive/CD2_DSA/raw/val/images/34055_20210624_3_0_0_3_2_13_0_3.jpg,0,0
312224_20210914_3_0_0_3_2_11_0_347,/content/drive/MyDrive/CD2_DSA/raw/val/images/312224_20210914_3_0_0_3_2_11_0_347.jpg,0,0
126076_20210624_3_0_0_5_2_13_0_11,/content/drive/MyDrive/CD2_DSA/raw/val/images/126076_20210624_3_0_0_5_2_13_0_11.jpg,0,0
308764_20210914_3_0_0_5_2_11_0_240,/content/drive/MyDrive/CD2_DSA/raw/val/images/308764_20210914_3_0_0_5_2_11_0_240.jpg,0,0
308560_20210914_3_0_0_5_2_11_0_36,/content/drive/MyDrive/CD2_DSA/raw/val/images/308560_20210914_3_0_0_5_2_11_0_36.jpg,0,0
106605_20210624_3_0_0_1_2_13_0_202,/content/drive/MyDrive/CD2_DSA/raw/val/images/106605_20210624_3_0_0_1_2_13_0_202.jpg,0,0
308111_20210914_3_0_0_3_2_11_0_11,/content/drive/MyDrive/CD2_DSA/raw/val/images/308111_20210914_3_0_0_3_2_11_0_11.jpg,0,0
7096_20210624_3_0_0_1_2_13_0_140,/content/drive/MyDrive/CD2_DSA/raw/val/images/7096_20210624_3_0_0_1_2_13_0_140.jpg,0,0
311696_20210803_3_0_0_3_2_11_0_28,/content/drive/MyDrive/CD2_DSA/raw/val/images/311696_20210803_3_0_0_3_2_11_0_28.jpg,0,0
12521_20210624_3_0_0_1_2_13_0_162,/content/drive/MyDrive/CD2_DSA/raw/val/images/12521_20210624_3_0_0_1_2_13_0_162.jpg,0,0
88981_20210624_3_0_0_3_2_13_0_4,/content/drive/MyDrive/CD2_DSA/raw/val/images/88981_20210624_3_0_0_3_2_13_0_4.jpg,0,0
124659_20210624_3_0_0_1_2_13_0_10,/content/drive/MyDrive/CD2_DSA/raw/val/images/124659_20210624_3_0_0_1_2_13_0_10.jpg,0,0
66013_20210624_3_0_0_4_2_13_0_144,/content/drive/MyDrive/CD2_DSA/raw/val/images/66013_20210624_3_0_0_4_2_13_0_144.jpg,0,0
10649_20210624_3_0_0_3_2_13_0_143,/content/drive/MyDrive/CD2_DSA/raw/val/images/10649_20210624_3_0_0_3_2_13_0_143.jpg,0,0
25685_20210624_3_0_0_5_2_13_0_109,/content/drive/MyDrive/CD2_DSA/raw/val/images/25685_20210624_3_0_0_5_2_13_0_109.jpg,0,0
312132_20210914_3_0_0_3_2_11_0_255,/content/drive/MyDrive/CD2_DSA/raw/val/images/312132_20210914_3_0_0_3_2_11_0_255.jpg,0,0
16053_20210706_3_1_a9_3_2_13_2_63,/content/drive/MyDrive/CD2_DSA/raw/val/images/16053_20210706_3_1_a9_3_2_13_2_63.jpg,1,1
307426_20210914_3_0_0_3_2_11_0_26,/content/drive/MyDrive/CD2_DSA/raw/val/images/307426_20210914_3_0_0_3_2_11_0_26.jpg,0,0
67465_20210624_3_0_0_1_2_13_0_66,/content/drive/MyDrive/CD2_DSA/raw/val/images/67465_20210624_3_0_0_1_2_13_0_66.jpg,0,0
307494_20210914_3_0_0_3_2_11_0_94,/content/drive/MyDrive/CD2_DSA/raw/val/images/307494_20210914_3_0_0_3_2_11_0_94.jpg,0,0
49029_20210624_3_0_0_1_2_13_0_103,/content/drive/MyDrive/CD2_DSA/raw/val/images/49029_20210624_3_0_0_1_2_13_0_103.jpg,0,0
7232_20210622_3_1_a9_3_2_13_1_198,/content/drive/MyDrive/CD2_DSA/raw/val/images/7232_20210622_3_1_a9_3_2_13_1_198.jpg,1,1
16539_20210706_3_1_a9_3_2_13_3_54,/content/drive/MyDrive/CD2_DSA/raw/val/images/16539_20210706_3_1_a9_3_2_13_3_54.jpg,1,1
16261_20210706_3_1_a9_3_2_13_2_191,/content/drive/MyDrive/CD2_DSA/raw/val/images/16261_20210706_3_1_a9_3_2_13_2_191.jpg,1,1
3421_20210629_3_1_a9_3_2_13_1_176,/content/drive/MyDrive/CD2_DSA/raw/val/images/3421_20210629_3_1_a9_3_2_13_1_176.jpg,1,1
308114_20210914_3_0_0_3_2_11_0_14,/content/drive/MyDrive/CD2_DSA/raw/val/images/308114_20210914_3_0_0_3_2_11_0_14.jpg,0,0
1685_20210622_3_1_a9_3_2_13_2_257,/content/drive/MyDrive/CD2_DSA/raw/val/images/1685_20210622_3_1_a9_3_2_13_2_257.jpg,1,1
15449_20210622_3_1_a9_3_2_13_3_153,/content/drive/MyDrive/CD2_DSA/raw/val/images/15449_20210622_3_1_a9_3_2_13_3_153.jpg,1,0
16783_20210713_3_1_a9_3_2_13_3_45,/content/drive/MyDrive/CD2_DSA/raw/val/images/16783_20210713_3_1_a9_3_2_13_3_45.jpg,1,0
304003_20210913_3_0_0_3_2_11_0_240,/content/drive/MyDrive/CD2_DSA/raw/val/images/304003_20210913_3_0_0_3_2_11_0_240.jpg,0,0
16117_20210706_3_1_a9_3_2_13_2_127,/content/drive/MyDrive/CD2_DSA/raw/val/images/16117_20210706_3_1_a9_3_2_13_2_127.jpg,1,1
307453_20210914_3_0_0_3_2_11_0_53,/content/drive/MyDrive/CD2_DSA/raw/val/images/307453_20210914_3_0_0_3_2_11_0_53.jpg,0,0
16287_20210706_3_1_a9_3_2_13_2_217,/content/drive/MyDrive/CD2_DSA/raw/val/images/16287_20210706_3_1_a9_3_2_13_2_217.jpg,1,1
312226_20210914_3_0_0_3_2_11_0_349,/content/drive/MyDrive/CD2_DSA/raw/val/images/312226_20210914_3_0_0_3_2_11_0_349.jpg,0,0
15606_20210706_3_1_a9_3_2_13_3_37,/content/drive/MyDrive/CD2_DSA/raw/val/images/15606_20210706_3_1_a9_3_2_13_3_37.jpg,1,1
4384_20210622_3_1_a9_3_2_13_2_52,/content/drive/MyDrive/CD2_DSA/raw/val/images/4384_20210622_3_1_a9_3_2_13_2_52.jpg,1,1
170834_20210624_3_0_0_5_2_13_0_28,/content/drive/MyDrive/CD2_DSA/raw/val/images/170834_20210624_3_0_0_5_2_13_0_28.jpg,0,0
16248_20210706_3_1_a9_3_2_13_2_178,/content/drive/MyDrive/CD2_DSA/raw/val/images/16248_20210706_3_1_a9_3_2_13_2_178.jpg,1,1
906_20210622_3_1_a9_3_2_13_3_104,/content/drive/MyDrive/CD2_DSA/raw/val/images/906_20210622_3_1_a9_3_2_13_3_104.jpg,1,1
304140_20210913_3_0_0_3_2_11_0_377,/content/drive/MyDrive/CD2_DSA/raw/val/images/304140_20210913_3_0_0_3_2_11_0_377.jpg,0,0
312180_20210914_3_0_0_3_2_11_0_303,/content/drive/MyDrive/CD2_DSA/raw/val/images/312180_20210914_3_0_0_3_2_11_0_303.jpg,0,0
128833_20210624_3_0_0_1_2_13_0_23,/content/drive/MyDrive/CD2_DSA/raw/val/images/128833_20210624_3_0_0_1_2_13_0_23.jpg,0,0
3822_20210629_3_1_a9_3_2_13_3_31,/content/drive/MyDrive/CD2_DSA/raw/val/images/3822_20210629_3_1_a9_3_2_13_3_31.jpg,1,1
10572_20210624_3_0_0_3_2_13_0_78,/content/drive/MyDrive/CD2_DSA/raw/val/images/10572_20210624_3_0_0_3_2_13_0_78.jpg,0,0
304234_20210913_3_0_0_3_2_11_0_471,/content/drive/MyDrive/CD2_DSA/raw/val/images/304234_20210913_3_0_0_3_2_11_0_471.jpg,0,0
106590_20210624_3_0_0_1_2_13_0_187,/content/drive/MyDrive/CD2_DSA/raw/val/images/106590_20210624_3_0_0_1_2_13_0_187.jpg,0,0
106542_20210624_3_0_0_1_2_13_0_139,/content/drive/MyDrive/CD2_DSA/raw/val/images/106542_20210624_3_0_0_1_2_13_0_139.jpg,0,0
106246_20210624_3_0_0_1_2_13_0_43,/content/drive/MyDrive/CD2_DSA/raw/val/images/106246_20210624_3_0_0_1_2_13_0_43.jpg,0,0
16080_20210706_3_1_a9_3_2_13_2_90,/content/drive/MyDrive/CD2_DSA/raw/val/images/16080_20210706_3_1_a9_3_2_13_2_90.jpg,1,1
307900_20210914_3_0_0_5_2_11_0_97,/content/drive/MyDrive/CD2_DSA/raw/val/images/307900_20210914_3_0_0_5_2_11_0_97.jpg,0,0
312020_20210914_3_0_0_3_2_11_0_143,/content/drive/MyDrive/CD2_DSA/raw/val/images/312020_20210914_3_0_0_3_2_11_0_143.jpg,0,0
15636_20210706_3_1_a9_3_2_13_3_67,/content/drive/MyDrive/CD2_DSA/raw/val/images/15636_20210706_3_1_a9_3_2_13_3_67.jpg,1,1
124649_20210624_3_0_0_1_2_13_0_0,/content/drive/MyDrive/CD2_DSA/raw/val/images/124649_20210624_3_0_0_1_2_13_0_0.jpg,0,0
17003_20210622_3_1_a9_3_2_13_1_124,/content/drive/MyDrive/CD2_DSA/raw/val/images/17003_20210622_3_1_a9_3_2_13_1_124.jpg,1,1
3210_20210629_3_1_a9_3_2_13_1_65,/content/drive/MyDrive/CD2_DSA/raw/val/images/3210_20210629_3_1_a9_3_2_13_1_65.jpg,1,0
7213_20210624_3_0_0_1_2_13_0_257,/content/drive/MyDrive/CD2_DSA/raw/val/images/7213_20210624_3_0_0_1_2_13_0_257.jpg,0,0
106562_20210624_3_0_0_1_2_13_0_159,/content/drive/MyDrive/CD2_DSA/raw/val/images/106562_20210624_3_0_0_1_2_13_0_159.jpg,0,0
864_20210622_3_1_a9_3_2_13_3_62,/content/drive/MyDrive/CD2_DSA/raw/val/images/864_20210622_3_1_a9_3_2_13_3_62.jpg,1,1
109695_20210624_3_0_0_3_2_13_0_178,/content/drive/MyDrive/CD2_DSA/raw/val/images/109695_20210624_3_0_0_3_2_13_0_178.jpg,0,0
308527_20210914_3_0_0_5_2_11_0_3,/content/drive/MyDrive/CD2_DSA/raw/val/images/308527_20210914_3_0_0_5_2_11_0_3.jpg,0,0
4514_20210622_3_1_a9_3_2_13_2_82,/content/drive/MyDrive/CD2_DSA/raw/val/images/4514_20210622_3_1_a9_3_2_13_2_82.jpg,1,1
95235_20210624_3_0_0_1_2_13_0_56,/content/drive/MyDrive/CD2_DSA/raw/val/images/95235_20210624_3_0_0_1_2_13_0_56.jpg,0,0
7120_20210624_3_0_0_1_2_13_0_164,/content/drive/MyDrive/CD2_DSA/raw/val/images/7120_20210624_3_0_0_1_2_13_0_164.jpg,0,0
307953_20210914_3_0_0_5_2_11_0_150,/content/drive/MyDrive/CD2_DSA/raw/val/images/307953_20210914_3_0_0_5_2_11_0_150.jpg,0,0
308185_20210914_3_0_0_3_2_11_0_85,/content/drive/MyDrive/CD2_DSA/raw/val/images/308185_20210914_3_0_0_3_2_11_0_85.jpg,0,0
16494_20210706_3_1_a9_3_2_13_3_9,/content/drive/MyDrive/CD2_DSA/raw/val/images/16494_20210706_3_1_a9_3_2_13_3_9.jpg,1,0
16765_20210713_3_1_a9_3_2_13_3_27,/content/drive/MyDrive/CD2_DSA/raw/val/images/16765_20210713_3_1_a9_3_2_13_3_27.jpg,1,0
16444_20210706_3_1_a9_3_2_13_2_360,/content/drive/MyDrive/CD2_DSA/raw/val/images/16444_20210706_3_1_a9_3_2_13_2_360.jpg,1,1
71218_20210624_3_0_0_3_2_13_0_71,/content/drive/MyDrive/CD2_DSA/raw/val/images/71218_20210624_3_0_0_3_2_13_0_71.jpg,0,0
312150_20210914_3_0_0_3_2_11_0_273,/content/drive/MyDrive/CD2_DSA/raw/val/images/312150_20210914_3_0_0_3_2_11_0_273.jpg,0,0
3774_20210629_3_1_a9_3_2_13_2_104,/content/drive/MyDrive/CD2_DSA/raw/val/images/3774_20210629_3_1_a9_3_2_13_2_104.jpg,1,1
83206_20210624_3_0_0_1_2_13_0_119,/content/drive/MyDrive/CD2_DSA/raw/val/images/83206_20210624_3_0_0_1_2_13_0_119.jpg,0,0
67593_20210624_3_0_0_1_2_13_0_164,/content/drive/MyDrive/CD2_DSA/raw/val/images/67593_20210624_3_0_0_1_2_13_0_164.jpg,0,0
312198_20210914_3_0_0_3_2_11_0_321,/content/drive/MyDrive/CD2_DSA/raw/val/images/312198_20210914_3_0_0_3_2_11_0_321.jpg,0,0
95182_20210624_3_0_0_1_2_13_0_3,/content/drive/MyDrive/CD2_DSA/raw/val/images/95182_20210624_3_0_0_1_2_13_0_3.jpg,0,0
307809_20210914_3_0_0_5_2_11_0_6,/content/drive/MyDrive/CD2_DSA/raw/val/images/307809_20210914_3_0_0_5_2_11_0_6.jpg,0,0
86802_20210624_3_0_0_5_2_13_0_171,/content/drive/MyDrive/CD2_DSA/raw/val/images/86802_20210624_3_0_0_5_2_13_0_171.jpg,0,0
308047_20210914_3_0_0_5_2_11_0_244,/content/drive/MyDrive/CD2_DSA/raw/val/images/308047_20210914_3_0_0_5_2_11_0_244.jpg,0,0
304324_20210913_3_0_0_3_2_11_0_561,/content/drive/MyDrive/CD2_DSA/raw/val/images/304324_20210913_3_0_0_3_2_11_0_561.jpg,0,0
66262_20210624_3_0_0_4_2_13_0_163,/content/drive/MyDrive/CD2_DSA/raw/val/images/66262_20210624_3_0_0_4_2_13_0_163.jpg,0,0
687_20210622_3_1_a9_3_2_13_1_52,/content/drive/MyDrive/CD2_DSA/raw/val/images/687_20210622_3_1_a9_3_2_13_1_52.jpg,1,1
307509_20210914_3_0_0_3_2_11_0_109,/content/drive/MyDrive/CD2_DSA/raw/val/images/307509_20210914_3_0_0_3_2_11_0_109.jpg,0,0
1744_20210622_3_1_a9_3_2_13_2_316,/content/drive/MyDrive/CD2_DSA/raw/val/images/1744_20210622_3_1_a9_3_2_13_2_316.jpg,1,1
3702_20210629_3_1_a9_3_2_13_2_81,/content/drive/MyDrive/CD2_DSA/raw/val/images/3702_20210629_3_1_a9_3_2_13_2_81.jpg,1,1
5735_20210622_3_1_a9_3_2_13_1_20,/content/drive/MyDrive/CD2_DSA/raw/val/images/5735_20210622_3_1_a9_3_2_13_1_20.jpg,1,0
3224_20210629_3_1_a9_3_2_13_1_79,/content/drive/MyDrive/CD2_DSA/raw/val/images/3224_20210629_3_1_a9_3_2_13_1_79.jpg,1,1
16552_20210706_3_1_a9_3_2_13_2_403,/content/drive/MyDrive/CD2_DSA/raw/val/images/16552_20210706_3_1_a9_3_2_13_2_403.jpg,1,0
7116_20210624_3_0_0_1_2_13_0_160,/content/drive/MyDrive/CD2_DSA/raw/val/images/7116_20210624_3_0_0_1_2_13_0_160.jpg,0,0
170906_20210624_3_0_0_5_2_13_0_100,/content/drive/MyDrive/CD2_DSA/raw/val/images/170906_20210624_3_0_0_5_2_13_0_100.jpg,0,0
308010_20210914_3_0_0_5_2_11_0_207,/content/drive/MyDrive/CD2_DSA/raw/val/images/308010_20210914_3_0_0_5_2_11_0_207.jpg,0,0
16405_20210706_3_1_a9_3_2_13_2_321,/content/drive/MyDrive/CD2_DSA/raw/val/images/16405_20210706_3_1_a9_3_2_13_2_321.jpg,1,1
1476_20210622_3_1_a9_3_2_13_2_48,/content/drive/MyDrive/CD2_DSA/raw/val/images/1476_20210622_3_1_a9_3_2_13_2_48.jpg,1,1
16580_20210706_3_1_a9_3_2_13_2_431,/content/drive/MyDrive/CD2_DSA/raw/val/images/16580_20210706_3_1_a9_3_2_13_2_431.jpg,1,1
71219_20210624_3_0_0_3_2_13_0_72,/content/drive/MyDrive/CD2_DSA/raw/val/images/71219_20210624_3_0_0_3_2_13_0_72.jpg,0,0
16262_20210706_3_1_a9_3_2_13_2_192,/content/drive/MyDrive/CD2_DSA/raw/val/images/16262_20210706_3_1_a9_3_2_13_2_192.jpg,1,1
308198_20210914_3_0_0_3_2_11_0_98,/content/drive/MyDrive/CD2_DSA/raw/val/images/308198_20210914_3_0_0_3_2_11_0_98.jpg,0,0
307707_20210914_3_0_0_3_2_11_0_307,/content/drive/MyDrive/CD2_DSA/raw/val/images/307707_20210914_3_0_0_3_2_11_0_307.jpg,0,0
308749_20210914_3_0_0_5_2_11_0_225,/content/drive/MyDrive/CD2_DSA/raw/val/images/308749_20210914_3_0_0_5_2_11_0_225.jpg,0,0
4496_20210622_3_1_a9_3_2_13_2_64,/content/drive/MyDrive/CD2_DSA/raw/val/images/4496_20210622_3_1_a9_3_2_13_2_64.jpg,1,1
312000_20210914_3_0_0_3_2_11_0_123,/content/drive/MyDrive/CD2_DSA/raw/val/images/312000_20210914_3_0_0_3_2_11_0_123.jpg,0,0
308321_20210914_3_0_0_3_2_11_0_221,/content/drive/MyDrive/CD2_DSA/raw/val/images/308321_20210914_3_0_0_3_2_11_0_221.jpg,0,0
6503_20210622_3_1_a9_3_2_13_1_131,/content/drive/MyDrive/CD2_DSA/raw/val/images/6503_20210622_3_1_a9_3_2_13_1_131.jpg,1,1
86870_20210624_3_0_0_1_2_13_0_195,/content/drive/MyDrive/CD2_DSA/raw/val/images/86870_20210624_3_0_0_1_2_13_0_195.jpg,0,0
1672_20210622_3_1_a9_3_2_13_2_244,/content/drive/MyDrive/CD2_DSA/raw/val/images/1672_20210622_3_1_a9_3_2_13_2_244.jpg,1,1
16563_20210706_3_1_a9_3_2_13_2_414,/content/drive/MyDrive/CD2_DSA/raw/val/images/16563_20210706_3_1_a9_3_2_13_2_414.jpg,1,1
1566_20210622_3_1_a9_3_2_13_2_138,/content/drive/MyDrive/CD2_DSA/raw/val/images/1566_20210622_3_1_a9_3_2_13_2_138.jpg,1,1
67461_20210624_3_0_0_1_2_13_0_62,/content/drive/MyDrive/CD2_DSA/raw/val/images/67461_20210624_3_0_0_1_2_13_0_62.jpg,0,0
15487_20210622_3_1_a9_3_2_13_3_191,/content/drive/MyDrive/CD2_DSA/raw/val/images/15487_20210622_3_1_a9_3_2_13_3_191.jpg,1,1
6030_20210622_3_1_a9_3_2_13_1_79,/content/drive/MyDrive/CD2_DSA/raw/val/images/6030_20210622_3_1_a9_3_2_13_1_79.jpg,1,1
311942_20210914_3_0_0_3_2_11_0_65,/content/drive/MyDrive/CD2_DSA/raw/val/images/311942_20210914_3_0_0_3_2_11_0_65.jpg,0,0
10520_20210624_3_0_0_3_2_13_0_26,/content/drive/MyDrive/CD2_DSA/raw/val/images/10520_20210624_3_0_0_3_2_13_0_26.jpg,0,0
16402_20210706_3_1_a9_3_2_13_2_318,/content/drive/MyDrive/CD2_DSA/raw/val/images/16402_20210706_3_1_a9_3_2_13_2_318.jpg,1,1
311883_20210914_3_0_0_3_2_11_0_6,/content/drive/MyDrive/CD2_DSA/raw/val/images/311883_20210914_3_0_0_3_2_11_0_6.jpg,0,0
10469_20210624_3_0_0_1_2_13_0_18,/content/drive/MyDrive/CD2_DSA/raw/val/images/10469_20210624_3_0_0_1_2_13_0_18.jpg,0,0
11448_20210624_3_0_0_1_2_13_0_104,/content/drive/MyDrive/CD2_DSA/raw/val/images/11448_20210624_3_0_0_1_2_13_0_104.jpg,0,0
123871_20210624_3_0_0_4_2_13_0_35,/content/drive/MyDrive/CD2_DSA/raw/val/images/123871_20210624_3_0_0_4_2_13_0_35.jpg,0,0
308327_20210914_3_0_0_3_2_11_0_227,/content/drive/MyDrive/CD2_DSA/raw/val/images/308327_20210914_3_0_0_3_2_11_0_227.jpg,0,0
16386_20210706_3_1_a9_3_2_13_2_302,/content/drive/MyDrive/CD2_DSA/raw/val/images/16386_20210706_3_1_a9_3_2_13_2_302.jpg,1,0
645_20210622_3_1_a9_3_2_13_1_10,/content/drive/MyDrive/CD2_DSA/raw/val/images/645_20210622_3_1_a9_3_2_13_1_10.jpg,1,1
10713_20210624_3_0_0_1_2_13_0_61,/content/drive/MyDrive/CD2_DSA/raw/val/images/10713_20210624_3_0_0_1_2_13_0_61.jpg,0,0
3830_20210629_3_1_a9_3_2_13_3_39,/content/drive/MyDrive/CD2_DSA/raw/val/images/3830_20210629_3_1_a9_3_2_13_3_39.jpg,1,1
16100_20210706_3_1_a9_3_2_13_2_110,/content/drive/MyDrive/CD2_DSA/raw/val/images/16100_20210706_3_1_a9_3_2_13_2_110.jpg,1,1
307850_20210914_3_0_0_5_2_11_0_47,/content/drive/MyDrive/CD2_DSA/raw/val/images/307850_20210914_3_0_0_5_2_11_0_47.jpg,0,0
15660_20210706_3_1_a9_3_2_13_3_91,/content/drive/MyDrive/CD2_DSA/raw/val/images/15660_20210706_3_1_a9_3_2_13_3_91.jpg,1,1
307961_20210914_3_0_0_5_2_11_0_158,/content/drive/MyDrive/CD2_DSA/raw/val/images/307961_20210914_3_0_0_5_2_11_0_158.jpg,0,0
95916_20210624_3_0_0_3_2_13_0_60,/content/drive/MyDrive/CD2_DSA/raw/val/images/95916_20210624_3_0_0_3_2_13_0_60.jpg,0,0
67587_20210624_3_0_0_1_2_13_0_158,/content/drive/MyDrive/CD2_DSA/raw/val/images/67587_20210624_3_0_0_1_2_13_0_158.jpg,0,0
307522_20210914_3_0_0_3_2_11_0_122,/content/drive/MyDrive/CD2_DSA/raw/val/images/307522_20210914_3_0_0_3_2_11_0_122.jpg,0,0
86455_20210624_3_0_0_5_2_13_0_34,/content/drive/MyDrive/CD2_DSA/raw/val/images/86455_20210624_3_0_0_5_2_13_0_34.jpg,0,0
83190_20210624_3_0_0_1_2_13_0_103,/content/drive/MyDrive/CD2_DSA/raw/val/images/83190_20210624_3_0_0_1_2_13_0_103.jpg,0,0
312005_20210914_3_0_0_3_2_11_0_128,/content/drive/MyDrive/CD2_DSA/raw/val/images/312005_20210914_3_0_0_3_2_11_0_128.jpg,0,0
106589_20210624_3_0_0_1_2_13_0_186,/content/drive/MyDrive/CD2_DSA/raw/val/images/106589_20210624_3_0_0_1_2_13_0_186.jpg,0,0
86422_20210624_3_0_0_5_2_13_0_1,/content/drive/MyDrive/CD2_DSA/raw/val/images/86422_20210624_3_0_0_5_2_13_0_1.jpg,0,0
902_20210622_3_1_a9_3_2_13_3_100,/content/drive/MyDrive/CD2_DSA/raw/val/images/902_20210622_3_1_a9_3_2_13_3_100.jpg,1,1
16974_20210622_3_1_a9_3_2_13_1_95,/content/drive/MyDrive/CD2_DSA/raw/val/images/16974_20210622_3_1_a9_3_2_13_1_95.jpg,1,0
308473_20210914_3_0_0_3_2_11_0_373,/content/drive/MyDrive/CD2_DSA/raw/val/images/308473_20210914_3_0_0_3_2_11_0_373.jpg,0,0
307463_20210914_3_0_0_3_2_11_0_63,/content/drive/MyDrive/CD2_DSA/raw/val/images/307463_20210914_3_0_0_3_2_11_0_63.jpg,0,0
3626_20210629_3_1_a9_3_2_13_2_5,/content/drive/MyDrive/CD2_DSA/raw/val/images/3626_20210629_3_1_a9_3_2_13_2_5.jpg,1,0
311906_20210914_3_0_0_3_2_11_0_29,/content/drive/MyDrive/CD2_DSA/raw/val/images/311906_20210914_3_0_0_3_2_11_0_29.jpg,0,0
3596_20210629_3_1_a9_3_2_13_1_245,/content/drive/MyDrive/CD2_DSA/raw/val/images/3596_20210629_3_1_a9_3_2_13_1_245.jpg,1,1
308779_20210914_3_0_0_5_2_11_0_255,/content/drive/MyDrive/CD2_DSA/raw/val/images/308779_20210914_3_0_0_5_2_11_0_255.jpg,0,0
308598_20210914_3_0_0_5_2_11_0_74,/content/drive/MyDrive/CD2_DSA/raw/val/images/308598_20210914_3_0_0_5_2_11_0_74.jpg,0,0
877_20210622_3_1_a9_3_2_13_3_75,/content/drive/MyDrive/CD2_DSA/raw/val/images/877_20210622_3_1_a9_3_2_13_3_75.jpg,1,1
307573_20210914_3_0_0_3_2_11_0_173,/content/drive/MyDrive/CD2_DSA/raw/val/images/307573_20210914_3_0_0_3_2_11_0_173.jpg,0,0
7141_20210624_3_0_0_1_2_13_0_185,/content/drive/MyDrive/CD2_DSA/raw/val/images/7141_20210624_3_0_0_1_2_13_0_185.jpg,0,0
304114_20210913_3_0_0_3_2_11_0_351,/content/drive/MyDrive/CD2_DSA/raw/val/images/304114_20210913_3_0_0_3_2_11_0_351.jpg,0,0
925_20210622_3_1_a9_3_2_13_3_123,/content/drive/MyDrive/CD2_DSA/raw/val/images/925_20210622_3_1_a9_3_2_13_3_123.jpg,1,1
308543_20210914_3_0_0_5_2_11_0_19,/content/drive/MyDrive/CD2_DSA/raw/val/images/308543_20210914_3_0_0_5_2_11_0_19.jpg,0,0
304073_20210913_3_0_0_3_2_11_0_310,/content/drive/MyDrive/CD2_DSA/raw/val/images/304073_20210913_3_0_0_3_2_11_0_310.jpg,0,0
15437_20210622_3_1_a9_3_2_13_3_141,/content/drive/MyDrive/CD2_DSA/raw/val/images/15437_20210622_3_1_a9_3_2_13_3_141.jpg,1,0
3554_20210629_3_1_a9_3_2_13_1_203,/content/drive/MyDrive/CD2_DSA/raw/val/images/3554_20210629_3_1_a9_3_2_13_1_203.jpg,1,1
26116_20210624_3_0_0_5_2_13_0_165,/content/drive/MyDrive/CD2_DSA/raw/val/images/26116_20210624_3_0_0_5_2_13_0_165.jpg,0,0
3397_20210629_3_1_a9_3_2_13_1_152,/content/drive/MyDrive/CD2_DSA/raw/val/images/3397_20210629_3_1_a9_3_2_13_1_152.jpg,1,0
307460_20210914_3_0_0_3_2_11_0_60,/content/drive/MyDrive/CD2_DSA/raw/val/images/307460_20210914_3_0_0_3_2_11_0_60.jpg,0,0
311747_20210803_3_0_0_3_2_11_0_79,/content/drive/MyDrive/CD2_DSA/raw/val/images/311747_20210803_3_0_0_3_2_11_0_79.jpg,0,0
1037_20210624_3_0_0_1_2_13_0_92,/content/drive/MyDrive/CD2_DSA/raw/val/images/1037_20210624_3_0_0_1_2_13_0_92.jpg,0,0
25677_20210624_3_0_0_5_2_13_0_101,/content/drive/MyDrive/CD2_DSA/raw/val/images/25677_20210624_3_0_0_5_2_13_0_101.jpg,0,0
86547_20210624_3_0_0_1_2_13_0_116,/content/drive/MyDrive/CD2_DSA/raw/val/images/86547_20210624_3_0_0_1_2_13_0_116.jpg,0,0
308776_20210914_3_0_0_5_2_11_0_252,/content/drive/MyDrive/CD2_DSA/raw/val/images/308776_20210914_3_0_0_5_2_11_0_252.jpg,0,0
7772_20210622_3_1_a9_3_2_13_1_225,/content/drive/MyDrive/CD2_DSA/raw/val/images/7772_20210622_3_1_a9_3_2_13_1_225.jpg,1,1
6886_20210624_3_0_0_1_2_13_0_111,/content/drive/MyDrive/CD2_DSA/raw/val/images/6886_20210624_3_0_0_1_2_13_0_111.jpg,0,0
7225_20210622_3_1_a9_3_2_13_1_191,/content/drive/MyDrive/CD2_DSA/raw/val/images/7225_20210622_3_1_a9_3_2_13_1_191.jpg,1,1
307979_20210914_3_0_0_5_2_11_0_176,/content/drive/MyDrive/CD2_DSA/raw/val/images/307979_20210914_3_0_0_5_2_11_0_176.jpg,0,0
49092_20210624_3_0_0_1_2_13_0_166,/content/drive/MyDrive/CD2_DSA/raw/val/images/49092_20210624_3_0_0_1_2_13_0_166.jpg,0,0
49103_20210624_3_0_0_1_2_13_0_177,/content/drive/MyDrive/CD2_DSA/raw/val/images/49103_20210624_3_0_0_1_2_13_0_177.jpg,0,0
16416_20210706_3_1_a9_3_2_13_2_332,/content/drive/MyDrive/CD2_DSA/raw/val/images/16416_20210706_3_1_a9_3_2_13_2_332.jpg,1,1
48978_20210624_3_0_0_1_2_13_0_52,/content/drive/MyDrive/CD2_DSA/raw/val/images/48978_20210624_3_0_0_1_2_13_0_52.jpg,0,0
67576_20210624_3_0_0_1_2_13_0_147,/content/drive/MyDrive/CD2_DSA/raw/val/images/67576_20210624_3_0_0_1_2_13_0_147.jpg,0,0
6818_20210624_3_0_0_1_2_13_0_43,/content/drive/MyDrive/CD2_DSA/raw/val/images/6818_20210624_3_0_0_1_2_13_0_43.jpg,0,0
307633_20210914_3_0_0_3_2_11_0_233,/content/drive/MyDrive/CD2_DSA/raw/val/images/307633_20210914_3_0_0_3_2_11_0_233.jpg,0,0
664_20210622_3_1_a9_3_2_13_1_29,/content/drive/MyDrive/CD2_DSA/raw/val/images/664_20210622_3_1_a9_3_2_13_1_29.jpg,1,1
22140_20210624_3_0_0_2_2_13_0_11,/content/drive/MyDrive/CD2_DSA/raw/val/images/22140_20210624_3_0_0_2_2_13_0_11.jpg,0,0
88987_20210624_3_0_0_3_2_13_0_10,/content/drive/MyDrive/CD2_DSA/raw/val/images/88987_20210624_3_0_0_3_2_13_0_10.jpg,0,0
67603_20210624_3_0_0_1_2_13_0_174,/content/drive/MyDrive/CD2_DSA/raw/val/images/67603_20210624_3_0_0_1_2_13_0_174.jpg,0,0
312066_20210914_3_0_0_3_2_11_0_189,/content/drive/MyDrive/CD2_DSA/raw/val/images/312066_20210914_3_0_0_3_2_11_0_189.jpg,0,0
3168_20210629_3_1_a9_3_2_13_1_23,/content/drive/MyDrive/CD2_DSA/raw/val/images/3168_20210629_3_1_a9_3_2_13_1_23.jpg,1,0
83248_20210624_3_0_0_1_2_13_0_161,/content/drive/MyDrive/CD2_DSA/raw/val/images/83248_20210624_3_0_0_1_2_13_0_161.jpg,0,0
308387_20210914_3_0_0_3_2_11_0_287,/content/drive/MyDrive/CD2_DSA/raw/val/images/308387_20210914_3_0_0_3_2_11_0_287.jpg,0,0
125665_20210624_3_0_0_2_2_13_0_69,/content/drive/MyDrive/CD2_DSA/raw/val/images/125665_20210624_3_0_0_2_2_13_0_69.jpg,0,0
16506_20210706_3_1_a9_3_2_13_3_21,/content/drive/MyDrive/CD2_DSA/raw/val/images/16506_20210706_3_1_a9_3_2_13_3_21.jpg,1,1
312054_20210914_3_0_0_3_2_11_0_177,/content/drive/MyDrive/CD2_DSA/raw/val/images/312054_20210914_3_0_0_3_2_11_0_177.jpg,0,0
6876_20210624_3_0_0_1_2_13_0_101,/content/drive/MyDrive/CD2_DSA/raw/val/images/6876_20210624_3_0_0_1_2_13_0_101.jpg,0,0
15398_20210622_3_1_a9_3_2_13_3_102,/content/drive/MyDrive/CD2_DSA/raw/val/images/15398_20210622_3_1_a9_3_2_13_3_102.jpg,1,1
3978_20210622_3_1_a9_3_2_13_2_9,/content/drive/MyDrive/CD2_DSA/raw/val/images/3978_20210622_3_1_a9_3_2_13_2_9.jpg,1,1
15675_20210706_3_1_a9_3_2_13_3_106,/content/drive/MyDrive/CD2_DSA/raw/val/images/15675_20210706_3_1_a9_3_2_13_3_106.jpg,1,1
49028_20210624_3_0_0_1_2_13_0_102,/content/drive/MyDrive/CD2_DSA/raw/val/images/49028_20210624_3_0_0_1_2_13_0_102.jpg,0,0
303997_20210913_3_0_0_3_2_11_0_234,/content/drive/MyDrive/CD2_DSA/raw/val/images/303997_20210913_3_0_0_3_2_11_0_234.jpg,0,0
16959_20210622_3_1_a9_3_2_13_1_80,/content/drive/MyDrive/CD2_DSA/raw/val/images/16959_20210622_3_1_a9_3_2_13_1_80.jpg,1,0
66266_20210624_3_0_0_4_2_13_0_167,/content/drive/MyDrive/CD2_DSA/raw/val/images/66266_20210624_3_0_0_4_2_13_0_167.jpg,0,0
1665_20210622_3_1_a9_3_2_13_2_237,/content/drive/MyDrive/CD2_DSA/raw/val/images/1665_20210622_3_1_a9_3_2_13_2_237.jpg,1,1
9143_20210624_3_0_0_2_2_13_0_137,/content/drive/MyDrive/CD2_DSA/raw/val/images/9143_20210624_3_0_0_2_2_13_0_137.jpg,0,0
311903_20210914_3_0_0_3_2_11_0_26,/content/drive/MyDrive/CD2_DSA/raw/val/images/311903_20210914_3_0_0_3_2_11_0_26.jpg,0,0
32305_20210624_3_0_0_4_2_13_0_8,/content/drive/MyDrive/CD2_DSA/raw/val/images/32305_20210624_3_0_0_4_2_13_0_8.jpg,0,0
311673_20210803_3_0_0_3_2_11_0_5,/content/drive/MyDrive/CD2_DSA/raw/val/images/311673_20210803_3_0_0_3_2_11_0_5.jpg,0,0
307417_20210914_3_0_0_3_2_11_0_17,/content/drive/MyDrive/CD2_DSA/raw/val/images/307417_20210914_3_0_0_3_2_11_0_17.jpg,0,0
1494_20210622_3_1_a9_3_2_13_2_66,/content/drive/MyDrive/CD2_DSA/raw/val/images/1494_20210622_3_1_a9_3_2_13_2_66.jpg,1,1
16317_20210706_3_1_a9_3_2_13_2_247,/content/drive/MyDrive/CD2_DSA/raw/val/images/16317_20210706_3_1_a9_3_2_13_2_247.jpg,1,1
307901_20210914_3_0_0_5_2_11_0_98,/content/drive/MyDrive/CD2_DSA/raw/val/images/307901_20210914_3_0_0_5_2_11_0_98.jpg,0,0
26086_20210624_3_0_0_5_2_13_0_135,/content/drive/MyDrive/CD2_DSA/raw/val/images/26086_20210624_3_0_0_5_2_13_0_135.jpg,0,0
16067_20210706_3_1_a9_3_2_13_2_77,/content/drive/MyDrive/CD2_DSA/raw/val/images/16067_20210706_3_1_a9_3_2_13_2_77.jpg,1,1
727_20210622_3_1_a9_3_2_13_1_92,/content/drive/MyDrive/CD2_DSA/raw/val/images/727_20210622_3_1_a9_3_2_13_1_92.jpg,1,1
16054_20210706_3_1_a9_3_2_13_2_64,/content/drive/MyDrive/CD2_DSA/raw/val/images/16054_20210706_3_1_a9_3_2_13_2_64.jpg,1,1
16998_20210622_3_1_a9_3_2_13_1_119,/content/drive/MyDrive/CD2_DSA/raw/val/images/16998_20210622_3_1_a9_3_2_13_1_119.jpg,1,1
16549_20210706_3_1_a9_3_2_13_3_64,/content/drive/MyDrive/CD2_DSA/raw/val/images/16549_20210706_3_1_a9_3_2_13_3_64.jpg,1,0
308139_20210914_3_0_0_3_2_11_0_39,/content/drive/MyDrive/CD2_DSA/raw/val/images/308139_20210914_3_0_0_3_2_11_0_39.jpg,0,0
104071_20210624_3_0_0_4_2_13_0_149,/content/drive/MyDrive/CD2_DSA/raw/val/images/104071_20210624_3_0_0_4_2_13_0_149.jpg,0,0
83241_20210624_3_0_0_1_2_13_0_154,/content/drive/MyDrive/CD2_DSA/raw/val/images/83241_20210624_3_0_0_1_2_13_0_154.jpg,0,0
16866_20210622_3_1_a9_3_2_13_1_26,/content/drive/MyDrive/CD2_DSA/raw/val/images/16866_20210622_3_1_a9_3_2_13_1_26.jpg,1,1
311712_20210803_3_0_0_3_2_11_0_44,/content/drive/MyDrive/CD2_DSA/raw/val/images/311712_20210803_3_0_0_3_2_11_0_44.jpg,0,0
307708_20210914_3_0_0_3_2_11_0_308,/content/drive/MyDrive/CD2_DSA/raw/val/images/307708_20210914_3_0_0_3_2_11_0_308.jpg,0,0
3410_20210629_3_1_a9_3_2_13_1_165,/content/drive/MyDrive/CD2_DSA/raw/val/images/3410_20210629_3_1_a9_3_2_13_1_165.jpg,1,1
2315_20210624_3_0_0_3_2_13_0_2,/content/drive/MyDrive/CD2_DSA/raw/val/images/2315_20210624_3_0_0_3_2_13_0_2.jpg,0,0
126098_20210624_3_0_0_5_2_13_0_33,/content/drive/MyDrive/CD2_DSA/raw/val/images/126098_20210624_3_0_0_5_2_13_0_33.jpg,0,0
308257_20210914_3_0_0_3_2_11_0_157,/content/drive/MyDrive/CD2_DSA/raw/val/images/308257_20210914_3_0_0_3_2_11_0_157.jpg,0,0
304077_20210913_3_0_0_3_2_11_0_314,/content/drive/MyDrive/CD2_DSA/raw/val/images/304077_20210913_3_0_0_3_2_11_0_314.jpg,0,0
106580_20210624_3_0_0_1_2_13_0_177,/content/drive/MyDrive/CD2_DSA/raw/val/images/106580_20210624_3_0_0_1_2_13_0_177.jpg,0,0
6894_20210624_3_0_0_1_2_13_0_119,/content/drive/MyDrive/CD2_DSA/raw/val/images/6894_20210624_3_0_0_1_2_13_0_119.jpg,0,0
308166_20210914_3_0_0_3_2_11_0_66,/content/drive/MyDrive/CD2_DSA/raw/val/images/308166_20210914_3_0_0_3_2_11_0_66.jpg,0,0
125107_20210624_3_0_0_1_2_13_0_138,/content/drive/MyDrive/CD2_DSA/raw/val/images/125107_20210624_3_0_0_1_2_13_0_138.jpg,0,0
125604_20210624_3_0_0_2_2_13_0_8,/content/drive/MyDrive/CD2_DSA/raw/val/images/125604_20210624_3_0_0_2_2_13_0_8.jpg,0,0
125639_20210624_3_0_0_2_2_13_0_43,/content/drive/MyDrive/CD2_DSA/raw/val/images/125639_20210624_3_0_0_2_2_13_0_43.jpg,0,0
67645_20210624_3_0_0_1_2_13_0_216,/content/drive/MyDrive/CD2_DSA/raw/val/images/67645_20210624_3_0_0_1_2_13_0_216.jpg,0,0
307496_20210914_3_0_0_3_2_11_0_96,/content/drive/MyDrive/CD2_DSA/raw/val/images/307496_20210914_3_0_0_3_2_11_0_96.jpg,0,0
307757_20210914_3_0_0_3_2_11_0_357,/content/drive/MyDrive/CD2_DSA/raw/val/images/307757_20210914_3_0_0_3_2_11_0_357.jpg,0,0
17039_20210622_3_1_a9_3_2_13_1_160,/content/drive/MyDrive/CD2_DSA/raw/val/images/17039_20210622_3_1_a9_3_2_13_1_160.jpg,1,0
3407_20210629_3_1_a9_3_2_13_1_162,/content/drive/MyDrive/CD2_DSA/raw/val/images/3407_20210629_3_1_a9_3_2_13_1_162.jpg,1,1
170879_20210624_3_0_0_5_2_13_0_73,/content/drive/MyDrive/CD2_DSA/raw/val/images/170879_20210624_3_0_0_5_2_13_0_73.jpg,0,0
3701_20210629_3_1_a9_3_2_13_2_80,/content/drive/MyDrive/CD2_DSA/raw/val/images/3701_20210629_3_1_a9_3_2_13_2_80.jpg,1,1
307605_20210914_3_0_0_3_2_11_0_205,/content/drive/MyDrive/CD2_DSA/raw/val/images/307605_20210914_3_0_0_3_2_11_0_205.jpg,0,0
83226_20210624_3_0_0_1_2_13_0_139,/content/drive/MyDrive/CD2_DSA/raw/val/images/83226_20210624_3_0_0_1_2_13_0_139.jpg,0,0
307560_20210914_3_0_0_3_2_11_0_160,/content/drive/MyDrive/CD2_DSA/raw/val/images/307560_20210914_3_0_0_3_2_11_0_160.jpg,0,0
307432_20210914_3_0_0_3_2_11_0_32,/content/drive/MyDrive/CD2_DSA/raw/val/images/307432_20210914_3_0_0_3_2_11_0_32.jpg,0,0
3814_20210629_3_1_a9_3_2_13_3_23,/content/drive/MyDrive/CD2_DSA/raw/val/images/3814_20210629_3_1_a9_3_2_13_3_23.jpg,1,1
791_20210622_3_1_a9_3_2_13_1_156,/content/drive/MyDrive/CD2_DSA/raw/val/images/791_20210622_3_1_a9_3_2_13_1_156.jpg,1,0
12313_20210624_3_0_0_1_2_13_0_158,/content/drive/MyDrive/CD2_DSA/raw/val/images/12313_20210624_3_0_0_1_2_13_0_158.jpg,0,0
312049_20210914_3_0_0_3_2_11_0_172,/content/drive/MyDrive/CD2_DSA/raw/val/images/312049_20210914_3_0_0_3_2_11_0_172.jpg,0,0
1004_20210624_3_0_0_1_2_13_0_59,/content/drive/MyDrive/CD2_DSA/raw/val/images/1004_20210624_3_0_0_1_2_13_0_59.jpg,0,0
15616_20210706_3_1_a9_3_2_13_3_47,/content/drive/MyDrive/CD2_DSA/raw/val/images/15616_20210706_3_1_a9_3_2_13_3_47.jpg,1,1
307890_20210914_3_0_0_5_2_11_0_87,/content/drive/MyDrive/CD2_DSA/raw/val/images/307890_20210914_3_0_0_5_2_11_0_87.jpg,0,0
308310_20210914_3_0_0_3_2_11_0_210,/content/drive/MyDrive/CD2_DSA/raw/val/images/308310_20210914_3_0_0_3_2_11_0_210.jpg,0,0
307544_20210914_3_0_0_3_2_11_0_144,/content/drive/MyDrive/CD2_DSA/raw/val/images/307544_20210914_3_0_0_3_2_11_0_144.jpg,0,0
170859_20210624_3_0_0_5_2_13_0_53,/content/drive/MyDrive/CD2_DSA/raw/val/images/170859_20210624_3_0_0_5_2_13_0_53.jpg,0,0
5255_20210622_3_1_a9_3_2_13_2_131,/content/drive/MyDrive/CD2_DSA/raw/val/images/5255_20210622_3_1_a9_3_2_13_2_131.jpg,1,1
308404_20210914_3_0_0_3_2_11_0_304,/content/drive/MyDrive/CD2_DSA/raw/val/images/308404_20210914_3_0_0_3_2_11_0_304.jpg,0,0
307912_20210914_3_0_0_5_2_11_0_109,/content/drive/MyDrive/CD2_DSA/raw/val/images/307912_20210914_3_0_0_5_2_11_0_109.jpg,0,0
15599_20210706_3_1_a9_3_2_13_3_30,/content/drive/MyDrive/CD2_DSA/raw/val/images/15599_20210706_3_1_a9_3_2_13_3_30.jpg,1,0
304298_20210913_3_0_0_3_2_11_0_535,/content/drive/MyDrive/CD2_DSA/raw/val/images/304298_20210913_3_0_0_3_2_11_0_535.jpg,0,0
125627_20210624_3_0_0_2_2_13_0_31,/content/drive/MyDrive/CD2_DSA/raw/val/images/125627_20210624_3_0_0_2_2_13_0_31.jpg,0,0
308039_20210914_3_0_0_5_2_11_0_236,/content/drive/MyDrive/CD2_DSA/raw/val/images/308039_20210914_3_0_0_5_2_11_0_236.jpg,0,0
1137_20210624_3_0_0_1_2_13_0_192,/content/drive/MyDrive/CD2_DSA/raw/val/images/1137_20210624_3_0_0_1_2_13_0_192.jpg,0,0
307643_20210914_3_0_0_3_2_11_0_243,/content/drive/MyDrive/CD2_DSA/raw/val/images/307643_20210914_3_0_0_3_2_11_0_243.jpg,0,0
103779_20210624_3_0_0_4_2_13_0_57,/content/drive/MyDrive/CD2_DSA/raw/val/images/103779_20210624_3_0_0_4_2_13_0_57.jpg,0,0
304175_20210913_3_0_0_3_2_11_0_412,/content/drive/MyDrive/CD2_DSA/raw/val/images/304175_20210913_3_0_0_3_2_11_0_412.jpg,0,0
920_20210622_3_1_a9_3_2_13_3_118,/content/drive/MyDrive/CD2_DSA/raw/val/images/920_20210622_3_1_a9_3_2_13_3_118.jpg,1,1
71183_20210624_3_0_0_3_2_13_0_36,/content/drive/MyDrive/CD2_DSA/raw/val/images/71183_20210624_3_0_0_3_2_13_0_36.jpg,0,0
16062_20210706_3_1_a9_3_2_13_2_72,/content/drive/MyDrive/CD2_DSA/raw/val/images/16062_20210706_3_1_a9_3_2_13_2_72.jpg,1,1
3743_20210622_3_1_a9_3_2_13_3_21,/content/drive/MyDrive/CD2_DSA/raw/val/images/3743_20210622_3_1_a9_3_2_13_3_21.jpg,1,1
304307_20210913_3_0_0_3_2_11_0_544,/content/drive/MyDrive/CD2_DSA/raw/val/images/304307_20210913_3_0_0_3_2_11_0_544.jpg,0,0
312087_20210914_3_0_0_3_2_11_0_210,/content/drive/MyDrive/CD2_DSA/raw/val/images/312087_20210914_3_0_0_3_2_11_0_210.jpg,0,0
16095_20210706_3_1_a9_3_2_13_2_105,/content/drive/MyDrive/CD2_DSA/raw/val/images/16095_20210706_3_1_a9_3_2_13_2_105.jpg,1,1
308385_20210914_3_0_0_3_2_11_0_285,/content/drive/MyDrive/CD2_DSA/raw/val/images/308385_20210914_3_0_0_3_2_11_0_285.jpg,0,0
125112_20210624_3_0_0_1_2_13_0_143,/content/drive/MyDrive/CD2_DSA/raw/val/images/125112_20210624_3_0_0_1_2_13_0_143.jpg,0,0
7117_20210624_3_0_0_1_2_13_0_161,/content/drive/MyDrive/CD2_DSA/raw/val/images/7117_20210624_3_0_0_1_2_13_0_161.jpg,0,0
308738_20210914_3_0_0_5_2_11_0_214,/content/drive/MyDrive/CD2_DSA/raw/val/images/308738_20210914_3_0_0_5_2_11_0_214.jpg,0,0
974_20210624_3_0_0_1_2_13_0_29,/content/drive/MyDrive/CD2_DSA/raw/val/images/974_20210624_3_0_0_1_2_13_0_29.jpg,0,0
68514_20210624_3_0_0_2_2_13_0_24,/content/drive/MyDrive/CD2_DSA/raw/val/images/68514_20210624_3_0_0_2_2_13_0_24.jpg,0,0
312107_20210914_3_0_0_3_2_11_0_230,/content/drive/MyDrive/CD2_DSA/raw/val/images/312107_20210914_3_0_0_3_2_11_0_230.jpg,0,0
307752_20210914_3_0_0_3_2_11_0_352,/content/drive/MyDrive/CD2_DSA/raw/val/images/307752_20210914_3_0_0_3_2_11_0_352.jpg,0,0
109706_20210624_3_0_0_3_2_13_0_189,/content/drive/MyDrive/CD2_DSA/raw/val/images/109706_20210624_3_0_0_3_2_13_0_189.jpg,0,0
88988_20210624_3_0_0_3_2_13_0_11,/content/drive/MyDrive/CD2_DSA/raw/val/images/88988_20210624_3_0_0_3_2_13_0_11.jpg,0,0
108327_20210624_3_0_0_2_2_13_0_200,/content/drive/MyDrive/CD2_DSA/raw/val/images/108327_20210624_3_0_0_2_2_13_0_200.jpg,0,0
311880_20210914_3_0_0_3_2_11_0_3,/content/drive/MyDrive/CD2_DSA/raw/val/images/311880_20210914_3_0_0_3_2_11_0_3.jpg,0,0
311910_20210914_3_0_0_3_2_11_0_33,/content/drive/MyDrive/CD2_DSA/raw/val/images/311910_20210914_3_0_0_3_2_11_0_33.jpg,0,0
13348_20210624_3_0_0_1_2_13_0_181,/content/drive/MyDrive/CD2_DSA/raw/val/images/13348_20210624_3_0_0_1_2_13_0_181.jpg,0,0
16056_20210706_3_1_a9_3_2_13_2_66,/content/drive/MyDrive/CD2_DSA/raw/val/images/16056_20210706_3_1_a9_3_2_13_2_66.jpg,1,1
124661_20210624_3_0_0_1_2_13_0_12,/content/drive/MyDrive/CD2_DSA/raw/val/images/124661_20210624_3_0_0_1_2_13_0_12.jpg,0,0
699_20210622_3_1_a9_3_2_13_1_64,/content/drive/MyDrive/CD2_DSA/raw/val/images/699_20210622_3_1_a9_3_2_13_1_64.jpg,1,1
86580_20210624_3_0_0_1_2_13_0_149,/content/drive/MyDrive/CD2_DSA/raw/val/images/86580_20210624_3_0_0_1_2_13_0_149.jpg,0,0
304338_20210913_3_0_0_3_2_11_0_575,/content/drive/MyDrive/CD2_DSA/raw/val/images/304338_20210913_3_0_0_3_2_11_0_575.jpg,0,0
7531_20210622_3_1_a9_3_2_13_1_210,/content/drive/MyDrive/CD2_DSA/raw/val/images/7531_20210622_3_1_a9_3_2_13_1_210.jpg,1,1
17015_20210622_3_1_a9_3_2_13_1_136,/content/drive/MyDrive/CD2_DSA/raw/val/images/17015_20210622_3_1_a9_3_2_13_1_136.jpg,1,1
106524_20210624_3_0_0_1_2_13_0_121,/content/drive/MyDrive/CD2_DSA/raw/val/images/106524_20210624_3_0_0_1_2_13_0_121.jpg,0,0
304116_20210913_3_0_0_3_2_11_0_353,/content/drive/MyDrive/CD2_DSA/raw/val/images/304116_20210913_3_0_0_3_2_11_0_353.jpg,0,0
312030_20210914_3_0_0_3_2_11_0_153,/content/drive/MyDrive/CD2_DSA/raw/val/images/312030_20210914_3_0_0_3_2_11_0_153.jpg,0,0
83228_20210624_3_0_0_1_2_13_0_141,/content/drive/MyDrive/CD2_DSA/raw/val/images/83228_20210624_3_0_0_1_2_13_0_141.jpg,0,0
647_20210622_3_1_a9_3_2_13_1_12,/content/drive/MyDrive/CD2_DSA/raw/val/images/647_20210622_3_1_a9_3_2_13_1_12.jpg,1,1
82871_20210624_3_0_0_1_2_13_0_42,/content/drive/MyDrive/CD2_DSA/raw/val/images/82871_20210624_3_0_0_1_2_13_0_42.jpg,0,0
312151_20210914_3_0_0_3_2_11_0_274,/content/drive/MyDrive/CD2_DSA/raw/val/images/312151_20210914_3_0_0_3_2_11_0_274.jpg,0,0
304259_20210913_3_0_0_3_2_11_0_496,/content/drive/MyDrive/CD2_DSA/raw/val/images/304259_20210913_3_0_0_3_2_11_0_496.jpg,0,0
83191_20210624_3_0_0_1_2_13_0_104,/content/drive/MyDrive/CD2_DSA/raw/val/images/83191_20210624_3_0_0_1_2_13_0_104.jpg,0,0
308647_20210914_3_0_0_5_2_11_0_124,/content/drive/MyDrive/CD2_DSA/raw/val/images/308647_20210914_3_0_0_5_2_11_0_124.jpg,0,0
307808_20210914_3_0_0_5_2_11_0_5,/content/drive/MyDrive/CD2_DSA/raw/val/images/307808_20210914_3_0_0_5_2_11_0_5.jpg,0,0
308434_20210914_3_0_0_3_2_11_0_334,/content/drive/MyDrive/CD2_DSA/raw/val/images/308434_20210914_3_0_0_3_2_11_0_334.jpg,0,0
970_20210624_3_0_0_1_2_13_0_25,/content/drive/MyDrive/CD2_DSA/raw/val/images/970_20210624_3_0_0_1_2_13_0_25.jpg,0,0
16597_20210706_3_1_a9_3_2_13_2_448,/content/drive/MyDrive/CD2_DSA/raw/val/images/16597_20210706_3_1_a9_3_2_13_2_448.jpg,1,1
3429_20210629_3_1_a9_3_2_13_1_184,/content/drive/MyDrive/CD2_DSA/raw/val/images/3429_20210629_3_1_a9_3_2_13_1_184.jpg,1,1
823_20210622_3_1_a9_3_2_13_3_21,/content/drive/MyDrive/CD2_DSA/raw/val/images/823_20210622_3_1_a9_3_2_13_3_21.jpg,1,1
95457_20210624_3_0_0_1_2_13_0_123,/content/drive/MyDrive/CD2_DSA/raw/val/images/95457_20210624_3_0_0_1_2_13_0_123.jpg,0,0
307820_20210914_3_0_0_5_2_11_0_17,/content/drive/MyDrive/CD2_DSA/raw/val/images/307820_20210914_3_0_0_5_2_11_0_17.jpg,0,0
15653_20210706_3_1_a9_3_2_13_3_84,/content/drive/MyDrive/CD2_DSA/raw/val/images/15653_20210706_3_1_a9_3_2_13_3_84.jpg,1,1
26083_20210624_3_0_0_5_2_13_0_132,/content/drive/MyDrive/CD2_DSA/raw/val/images/26083_20210624_3_0_0_5_2_13_0_132.jpg,0,0
6901_20210624_3_0_0_1_2_13_0_126,/content/drive/MyDrive/CD2_DSA/raw/val/images/6901_20210624_3_0_0_1_2_13_0_126.jpg,0,0
16714_20210706_3_1_a9_3_2_13_2_565,/content/drive/MyDrive/CD2_DSA/raw/val/images/16714_20210706_3_1_a9_3_2_13_2_565.jpg,1,1
108302_20210624_3_0_0_2_2_13_0_175,/content/drive/MyDrive/CD2_DSA/raw/val/images/108302_20210624_3_0_0_2_2_13_0_175.jpg,0,0
3981_20210622_3_1_a9_3_2_13_2_12,/content/drive/MyDrive/CD2_DSA/raw/val/images/3981_20210622_3_1_a9_3_2_13_2_12.jpg,1,1
307642_20210914_3_0_0_3_2_11_0_242,/content/drive/MyDrive/CD2_DSA/raw/val/images/307642_20210914_3_0_0_3_2_11_0_242.jpg,0,0
10546_20210624_3_0_0_3_2_13_0_52,/content/drive/MyDrive/CD2_DSA/raw/val/images/10546_20210624_3_0_0_3_2_13_0_52.jpg,0,0
109509_20210624_3_0_0_3_2_13_0_123,/content/drive/MyDrive/CD2_DSA/raw/val/images/109509_20210624_3_0_0_3_2_13_0_123.jpg,0,0
7534_20210622_3_1_a9_3_2_13_1_213,/content/drive/MyDrive/CD2_DSA/raw/val/images/7534_20210622_3_1_a9_3_2_13_1_213.jpg,1,1
3679_20210629_3_1_a9_3_2_13_2_58,/content/drive/MyDrive/CD2_DSA/raw/val/images/3679_20210629_3_1_a9_3_2_13_2_58.jpg,1,1
6297_20210622_3_1_a9_3_2_13_1_96,/content/drive/MyDrive/CD2_DSA/raw/val/images/6297_20210622_3_1_a9_3_2_13_1_96.jpg,1,1
3722_20210622_3_1_a9_3_2_13_3_0,/content/drive/MyDrive/CD2_DSA/raw/val/images/3722_20210622_3_1_a9_3_2_13_3_0.jpg,1,1
16238_20210706_3_1_a9_3_2_13_2_168,/content/drive/MyDrive/CD2_DSA/raw/val/images/16238_20210706_3_1_a9_3_2_13_2_168.jpg,1,1
3368_20210629_3_1_a9_3_2_13_1_123,/content/drive/MyDrive/CD2_DSA/raw/val/images/3368_20210629_3_1_a9_3_2_13_1_123.jpg,1,0
307638_20210914_3_0_0_3_2_11_0_238,/content/drive/MyDrive/CD2_DSA/raw/val/images/307638_20210914_3_0_0_3_2_11_0_238.jpg,0,0
68535_20210624_3_0_0_2_2_13_0_45,/content/drive/MyDrive/CD2_DSA/raw/val/images/68535_20210624_3_0_0_2_2_13_0_45.jpg,0,0
16770_20210713_3_1_a9_3_2_13_3_32,/content/drive/MyDrive/CD2_DSA/raw/val/images/16770_20210713_3_1_a9_3_2_13_3_32.jpg,1,0
66316_20210624_3_0_0_4_2_13_0_217,/content/drive/MyDrive/CD2_DSA/raw/val/images/66316_20210624_3_0_0_4_2_13_0_217.jpg,0,0
49049_20210624_3_0_0_1_2_13_0_123,/content/drive/MyDrive/CD2_DSA/raw/val/images/49049_20210624_3_0_0_1_2_13_0_123.jpg,0,0
86549_20210624_3_0_0_1_2_13_0_118,/content/drive/MyDrive/CD2_DSA/raw/val/images/86549_20210624_3_0_0_1_2_13_0_118.jpg,0,0
83219_20210624_3_0_0_1_2_13_0_132,/content/drive/MyDrive/CD2_DSA/raw/val/images/83219_20210624_3_0_0_1_2_13_0_132.jpg,0,0
3411_20210629_3_1_a9_3_2_13_1_166,/content/drive/MyDrive/CD2_DSA/raw/val/images/3411_20210629_3_1_a9_3_2_13_1_166.jpg,1,1
109454_20210624_3_0_0_3_2_13_0_68,/content/drive/MyDrive/CD2_DSA/raw/val/images/109454_20210624_3_0_0_3_2_13_0_68.jpg,0,0
49121_20210624_3_0_0_1_2_13_0_195,/content/drive/MyDrive/CD2_DSA/raw/val/images/49121_20210624_3_0_0_1_2_13_0_195.jpg,0,0
2700_20210624_3_0_0_4_2_13_0_169,/content/drive/MyDrive/CD2_DSA/raw/val/images/2700_20210624_3_0_0_4_2_13_0_169.jpg,0,0
308490_20210914_3_0_0_3_2_11_0_390,/content/drive/MyDrive/CD2_DSA/raw/val/images/308490_20210914_3_0_0_3_2_11_0_390.jpg,0,0
11885_20210624_3_0_0_1_2_13_0_131,/content/drive/MyDrive/CD2_DSA/raw/val/images/11885_20210624_3_0_0_1_2_13_0_131.jpg,0,0
67435_20210624_3_0_0_1_2_13_0_36,/content/drive/MyDrive/CD2_DSA/raw/val/images/67435_20210624_3_0_0_1_2_13_0_36.jpg,0,0
6027_20210622_3_1_a9_3_2_13_1_76,/content/drive/MyDrive/CD2_DSA/raw/val/images/6027_20210622_3_1_a9_3_2_13_1_76.jpg,1,1
95436_20210624_3_0_0_1_2_13_0_102,/content/drive/MyDrive/CD2_DSA/raw/val/images/95436_20210624_3_0_0_1_2_13_0_102.jpg,0,0
304107_20210913_3_0_0_3_2_11_0_344,/content/drive/MyDrive/CD2_DSA/raw/val/images/304107_20210913_3_0_0_3_2_11_0_344.jpg,0,0
3151_20210629_3_1_a9_3_2_13_1_6,/content/drive/MyDrive/CD2_DSA/raw/val/images/3151_20210629_3_1_a9_3_2_13_1_6.jpg,1,1
83245_20210624_3_0_0_1_2_13_0_158,/content/drive/MyDrive/CD2_DSA/raw/val/images/83245_20210624_3_0_0_1_2_13_0_158.jpg,0,0
126080_20210624_3_0_0_5_2_13_0_15,/content/drive/MyDrive/CD2_DSA/raw/val/images/126080_20210624_3_0_0_5_2_13_0_15.jpg,0,0
3632_20210629_3_1_a9_3_2_13_2_11,/content/drive/MyDrive/CD2_DSA/raw/val/images/3632_20210629_3_1_a9_3_2_13_2_11.jpg,1,1
16470_20210706_3_1_a9_3_2_13_2_386,/content/drive/MyDrive/CD2_DSA/raw/val/images/16470_20210706_3_1_a9_3_2_13_2_386.jpg,1,1
12519_20210624_3_0_0_1_2_13_0_160,/content/drive/MyDrive/CD2_DSA/raw/val/images/12519_20210624_3_0_0_1_2_13_0_160.jpg,0,0
16115_20210706_3_1_a9_3_2_13_2_125,/content/drive/MyDrive/CD2_DSA/raw/val/images/16115_20210706_3_1_a9_3_2_13_2_125.jpg,1,1
311739_20210803_3_0_0_3_2_11_0_71,/content/drive/MyDrive/CD2_DSA/raw/val/images/311739_20210803_3_0_0_3_2_11_0_71.jpg,0,0
737_20210622_3_1_a9_3_2_13_1_102,/content/drive/MyDrive/CD2_DSA/raw/val/images/737_20210622_3_1_a9_3_2_13_1_102.jpg,1,1
311759_20210803_3_0_0_3_2_11_0_91,/content/drive/MyDrive/CD2_DSA/raw/val/images/311759_20210803_3_0_0_3_2_11_0_91.jpg,0,0
16631_20210706_3_1_a9_3_2_13_2_482,/content/drive/MyDrive/CD2_DSA/raw/val/images/16631_20210706_3_1_a9_3_2_13_2_482.jpg,1,1
3654_20210629_3_1_a9_3_2_13_2_33,/content/drive/MyDrive/CD2_DSA/raw/val/images/3654_20210629_3_1_a9_3_2_13_2_33.jpg,1,1
311900_20210914_3_0_0_3_2_11_0_23,/content/drive/MyDrive/CD2_DSA/raw/val/images/311900_20210914_3_0_0_3_2_11_0_23.jpg,0,0
49106_20210624_3_0_0_1_2_13_0_180,/content/drive/MyDrive/CD2_DSA/raw/val/images/49106_20210624_3_0_0_1_2_13_0_180.jpg,0,0
308711_20210914_3_0_0_5_2_11_0_188,/content/drive/MyDrive/CD2_DSA/raw/val/images/308711_20210914_3_0_0_5_2_11_0_188.jpg,0,0
308802_20210914_3_0_0_5_2_11_0_278,/content/drive/MyDrive/CD2_DSA/raw/val/images/308802_20210914_3_0_0_5_2_11_0_278.jpg,0,0
68524_20210624_3_0_0_2_2_13_0_34,/content/drive/MyDrive/CD2_DSA/raw/val/images/68524_20210624_3_0_0_2_2_13_0_34.jpg,0,0
83277_20210624_3_0_0_1_2_13_0_190,/content/drive/MyDrive/CD2_DSA/raw/val/images/83277_20210624_3_0_0_1_2_13_0_190.jpg,0,0
106549_20210624_3_0_0_1_2_13_0_146,/content/drive/MyDrive/CD2_DSA/raw/val/images/106549_20210624_3_0_0_1_2_13_0_146.jpg,0,0
67412_20210624_3_0_0_1_2_13_0_13,/content/drive/MyDrive/CD2_DSA/raw/val/images/67412_20210624_3_0_0_1_2_13_0_13.jpg,0,0
5246_20210622_3_1_a9_3_2_13_2_122,/content/drive/MyDrive/CD2_DSA/raw/val/images/5246_20210622_3_1_a9_3_2_13_2_122.jpg,1,0
308542_20210914_3_0_0_5_2_11_0_18,/content/drive/MyDrive/CD2_DSA/raw/val/images/308542_20210914_3_0_0_5_2_11_0_18.jpg,0,0
88992_20210624_3_0_0_3_2_13_0_15,/content/drive/MyDrive/CD2_DSA/raw/val/images/88992_20210624_3_0_0_3_2_13_0_15.jpg,0,0
1707_20210622_3_1_a9_3_2_13_2_279,/content/drive/MyDrive/CD2_DSA/raw/val/images/1707_20210622_3_1_a9_3_2_13_2_279.jpg,1,0
109443_20210624_3_0_0_3_2_13_0_57,/content/drive/MyDrive/CD2_DSA/raw/val/images/109443_20210624_3_0_0_3_2_13_0_57.jpg,0,0
304164_20210913_3_0_0_3_2_11_0_401,/content/drive/MyDrive/CD2_DSA/raw/val/images/304164_20210913_3_0_0_3_2_11_0_401.jpg,0,0
3720_20210629_3_1_a9_3_2_13_2_99,/content/drive/MyDrive/CD2_DSA/raw/val/images/3720_20210629_3_1_a9_3_2_13_2_99.jpg,1,1
108278_20210624_3_0_0_2_2_13_0_151,/content/drive/MyDrive/CD2_DSA/raw/val/images/108278_20210624_3_0_0_2_2_13_0_151.jpg,0,0
307704_20210914_3_0_0_3_2_11_0_304,/content/drive/MyDrive/CD2_DSA/raw/val/images/307704_20210914_3_0_0_3_2_11_0_304.jpg,0,0
832_20210622_3_1_a9_3_2_13_3_30,/content/drive/MyDrive/CD2_DSA/raw/val/images/832_20210622_3_1_a9_3_2_13_3_30.jpg,1,1
16488_20210706_3_1_a9_3_2_13_3_3,/content/drive/MyDrive/CD2_DSA/raw/val/images/16488_20210706_3_1_a9_3_2_13_3_3.jpg,1,0
128837_20210624_3_0_0_1_2_13_0_27,/content/drive/MyDrive/CD2_DSA/raw/val/images/128837_20210624_3_0_0_1_2_13_0_27.jpg,0,0
787_20210622_3_1_a9_3_2_13_1_152,/content/drive/MyDrive/CD2_DSA/raw/val/images/787_20210622_3_1_a9_3_2_13_1_152.jpg,1,1
304271_20210913_3_0_0_3_2_11_0_508,/content/drive/MyDrive/CD2_DSA/raw/val/images/304271_20210913_3_0_0_3_2_11_0_508.jpg,0,0
11769_20210624_3_0_0_1_2_13_0_123,/content/drive/MyDrive/CD2_DSA/raw/val/images/11769_20210624_3_0_0_1_2_13_0_123.jpg,0,0
308306_20210914_3_0_0_3_2_11_0_206,/content/drive/MyDrive/CD2_DSA/raw/val/images/308306_20210914_3_0_0_3_2_11_0_206.jpg,0,0
15128_20210622_3_1_a9_3_2_13_3_39,/content/drive/MyDrive/CD2_DSA/raw/val/images/15128_20210622_3_1_a9_3_2_13_3_39.jpg,1,1
1082_20210624_3_0_0_1_2_13_0_137,/content/drive/MyDrive/CD2_DSA/raw/val/images/1082_20210624_3_0_0_1_2_13_0_137.jpg,0,0
125078_20210624_3_0_0_1_2_13_0_109,/content/drive/MyDrive/CD2_DSA/raw/val/images/125078_20210624_3_0_0_1_2_13_0_109.jpg,0,0
671_20210622_3_1_a9_3_2_13_1_36,/content/drive/MyDrive/CD2_DSA/raw/val/images/671_20210622_3_1_a9_3_2_13_1_36.jpg,1,0
3724_20210622_3_1_a9_3_2_13_3_2,/content/drive/MyDrive/CD2_DSA/raw/val/images/3724_20210622_3_1_a9_3_2_13_3_2.jpg,1,1
15415_20210622_3_1_a9_3_2_13_3_119,/content/drive/MyDrive/CD2_DSA/raw/val/images/15415_20210622_3_1_a9_3_2_13_3_119.jpg,1,1
67612_20210624_3_0_0_1_2_13_0_183,/content/drive/MyDrive/CD2_DSA/raw/val/images/67612_20210624_3_0_0_1_2_13_0_183.jpg,0,0
312056_20210914_3_0_0_3_2_11_0_179,/content/drive/MyDrive/CD2_DSA/raw/val/images/312056_20210914_3_0_0_3_2_11_0_179.jpg,0,0
15685_20210706_3_1_a9_3_2_13_3_116,/content/drive/MyDrive/CD2_DSA/raw/val/images/15685_20210706_3_1_a9_3_2_13_3_116.jpg,1,1
307586_20210914_3_0_0_3_2_11_0_186,/content/drive/MyDrive/CD2_DSA/raw/val/images/307586_20210914_3_0_0_3_2_11_0_186.jpg,0,0
16882_20210622_3_1_a9_3_2_13_1_42,/content/drive/MyDrive/CD2_DSA/raw/val/images/16882_20210622_3_1_a9_3_2_13_1_42.jpg,1,0
3222_20210629_3_1_a9_3_2_13_1_77,/content/drive/MyDrive/CD2_DSA/raw/val/images/3222_20210629_3_1_a9_3_2_13_1_77.jpg,1,0
937_20210622_3_1_a9_3_2_13_3_135,/content/drive/MyDrive/CD2_DSA/raw/val/images/937_20210622_3_1_a9_3_2_13_3_135.jpg,1,1
49038_20210624_3_0_0_1_2_13_0_112,/content/drive/MyDrive/CD2_DSA/raw/val/images/49038_20210624_3_0_0_1_2_13_0_112.jpg,0,0
3746_20210622_3_1_a9_3_2_13_3_24,/content/drive/MyDrive/CD2_DSA/raw/val/images/3746_20210622_3_1_a9_3_2_13_3_24.jpg,1,1
304201_20210913_3_0_0_3_2_11_0_438,/content/drive/MyDrive/CD2_DSA/raw/val/images/304201_20210913_3_0_0_3_2_11_0_438.jpg,0,0
7125_20210624_3_0_0_1_2_13_0_169,/content/drive/MyDrive/CD2_DSA/raw/val/images/7125_20210624_3_0_0_1_2_13_0_169.jpg,0,0
304023_20210913_3_0_0_3_2_11_0_260,/content/drive/MyDrive/CD2_DSA/raw/val/images/304023_20210913_3_0_0_3_2_11_0_260.jpg,0,0
312061_20210914_3_0_0_3_2_11_0_184,/content/drive/MyDrive/CD2_DSA/raw/val/images/312061_20210914_3_0_0_3_2_11_0_184.jpg,0,0
307977_20210914_3_0_0_5_2_11_0_174,/content/drive/MyDrive/CD2_DSA/raw/val/images/307977_20210914_3_0_0_5_2_11_0_174.jpg,0,0
308715_20210914_3_0_0_5_2_11_0_192,/content/drive/MyDrive/CD2_DSA/raw/val/images/308715_20210914_3_0_0_5_2_11_0_192.jpg,0,0
308756_20210914_3_0_0_5_2_11_0_232,/content/drive/MyDrive/CD2_DSA/raw/val/images/308756_20210914_3_0_0_5_2_11_0_232.jpg,0,0
49865_20210624_3_0_0_3_2_13_0_3,/content/drive/MyDrive/CD2_DSA/raw/val/images/49865_20210624_3_0_0_3_2_13_0_3.jpg,0,0
308603_20210914_3_0_0_5_2_11_0_79,/content/drive/MyDrive/CD2_DSA/raw/val/images/308603_20210914_3_0_0_5_2_11_0_79.jpg,0,0
16730_20210706_3_1_a9_3_2_13_2_581,/content/drive/MyDrive/CD2_DSA/raw/val/images/16730_20210706_3_1_a9_3_2_13_2_581.jpg,1,1
170860_20210624_3_0_0_5_2_13_0_54,/content/drive/MyDrive/CD2_DSA/raw/val/images/170860_20210624_3_0_0_5_2_13_0_54.jpg,0,0
10685_20210624_3_0_0_3_2_13_0_179,/content/drive/MyDrive/CD2_DSA/raw/val/images/10685_20210624_3_0_0_3_2_13_0_179.jpg,0,0
95205_20210624_3_0_0_1_2_13_0_26,/content/drive/MyDrive/CD2_DSA/raw/val/images/95205_20210624_3_0_0_1_2_13_0_26.jpg,0,0
981_20210624_3_0_0_1_2_13_0_36,/content/drive/MyDrive/CD2_DSA/raw/val/images/981_20210624_3_0_0_1_2_13_0_36.jpg,0,0
304110_20210913_3_0_0_3_2_11_0_347,/content/drive/MyDrive/CD2_DSA/raw/val/images/304110_20210913_3_0_0_3_2_11_0_347.jpg,0,0
16418_20210706_3_1_a9_3_2_13_2_334,/content/drive/MyDrive/CD2_DSA/raw/val/images/16418_20210706_3_1_a9_3_2_13_2_334.jpg,1,1
308083_20210914_3_0_0_5_2_11_0_280,/content/drive/MyDrive/CD2_DSA/raw/val/images/308083_20210914_3_0_0_5_2_11_0_280.jpg,0,0
104081_20210624_3_0_0_4_2_13_0_159,/content/drive/MyDrive/CD2_DSA/raw/val/images/104081_20210624_3_0_0_4_2_13_0_159.jpg,0,0
1580_20210622_3_1_a9_3_2_13_2_152,/content/drive/MyDrive/CD2_DSA/raw/val/images/1580_20210622_3_1_a9_3_2_13_2_152.jpg,1,1
125621_20210624_3_0_0_2_2_13_0_25,/content/drive/MyDrive/CD2_DSA/raw/val/images/125621_20210624_3_0_0_2_2_13_0_25.jpg,0,0
16990_20210622_3_1_a9_3_2_13_1_111,/content/drive/MyDrive/CD2_DSA/raw/val/images/16990_20210622_3_1_a9_3_2_13_1_111.jpg,1,0
961_20210624_3_0_0_1_2_13_0_16,/content/drive/MyDrive/CD2_DSA/raw/val/images/961_20210624_3_0_0_1_2_13_0_16.jpg,0,0
4722_20210622_3_1_a9_3_2_13_2_90,/content/drive/MyDrive/CD2_DSA/raw/val/images/4722_20210622_3_1_a9_3_2_13_2_90.jpg,1,1
308335_20210914_3_0_0_3_2_11_0_235,/content/drive/MyDrive/CD2_DSA/raw/val/images/308335_20210914_3_0_0_3_2_11_0_235.jpg,0,0
312048_20210914_3_0_0_3_2_11_0_171,/content/drive/MyDrive/CD2_DSA/raw/val/images/312048_20210914_3_0_0_3_2_11_0_171.jpg,0,0
1455_20210622_3_1_a9_3_2_13_2_27,/content/drive/MyDrive/CD2_DSA/raw/val/images/1455_20210622_3_1_a9_3_2_13_2_27.jpg,1,1
16624_20210706_3_1_a9_3_2_13_2_475,/content/drive/MyDrive/CD2_DSA/raw/val/images/16624_20210706_3_1_a9_3_2_13_2_475.jpg,1,1
66265_20210624_3_0_0_4_2_13_0_166,/content/drive/MyDrive/CD2_DSA/raw/val/images/66265_20210624_3_0_0_4_2_13_0_166.jpg,0,0
10526_20210624_3_0_0_3_2_13_0_32,/content/drive/MyDrive/CD2_DSA/raw/val/images/10526_20210624_3_0_0_3_2_13_0_32.jpg,0,0
15140_20210622_3_1_a9_3_2_13_3_51,/content/drive/MyDrive/CD2_DSA/raw/val/images/15140_20210622_3_1_a9_3_2_13_3_51.jpg,1,1
17047_20210622_3_1_a9_3_2_13_1_168,/content/drive/MyDrive/CD2_DSA/raw/val/images/17047_20210622_3_1_a9_3_2_13_1_168.jpg,1,1
308861_20210914_3_0_0_5_2_11_0_337,/content/drive/MyDrive/CD2_DSA/raw/val/images/308861_20210914_3_0_0_5_2_11_0_337.jpg,0,0
312085_20210914_3_0_0_3_2_11_0_208,/content/drive/MyDrive/CD2_DSA/raw/val/images/312085_20210914_3_0_0_3_2_11_0_208.jpg,0,0
4502_20210622_3_1_a9_3_2_13_2_70,/content/drive/MyDrive/CD2_DSA/raw/val/images/4502_20210622_3_1_a9_3_2_13_2_70.jpg,1,1
312010_20210914_3_0_0_3_2_11_0_133,/content/drive/MyDrive/CD2_DSA/raw/val/images/312010_20210914_3_0_0_3_2_11_0_133.jpg,0,0
49088_20210624_3_0_0_1_2_13_0_162,/content/drive/MyDrive/CD2_DSA/raw/val/images/49088_20210624_3_0_0_1_2_13_0_162.jpg,0,0
17057_20210622_3_1_a9_3_2_13_1_178,/content/drive/MyDrive/CD2_DSA/raw/val/images/17057_20210622_3_1_a9_3_2_13_1_178.jpg,1,0
67577_20210624_3_0_0_1_2_13_0_148,/content/drive/MyDrive/CD2_DSA/raw/val/images/67577_20210624_3_0_0_1_2_13_0_148.jpg,0,0
125675_20210624_3_0_0_2_2_13_0_79,/content/drive/MyDrive/CD2_DSA/raw/val/images/125675_20210624_3_0_0_2_2_13_0_79.jpg,0,0
308246_20210914_3_0_0_3_2_11_0_146,/content/drive/MyDrive/CD2_DSA/raw/val/images/308246_20210914_3_0_0_3_2_11_0_146.jpg,0,0
307523_20210914_3_0_0_3_2_11_0_123,/content/drive/MyDrive/CD2_DSA/raw/val/images/307523_20210914_3_0_0_3_2_11_0_123.jpg,0,0
34061_20210624_3_0_0_3_2_13_0_9,/content/drive/MyDrive/CD2_DSA/raw/val/images/34061_20210624_3_0_0_3_2_13_0_9.jpg,0,0
307789_20210914_3_0_0_3_2_11_0_389,/content/drive/MyDrive/CD2_DSA/raw/val/images/307789_20210914_3_0_0_3_2_11_0_389.jpg,0,0
16625_20210706_3_1_a9_3_2_13_2_476,/content/drive/MyDrive/CD2_DSA/raw/val/images/16625_20210706_3_1_a9_3_2_13_2_476.jpg,1,1
312105_20210914_3_0_0_3_2_11_0_228,/content/drive/MyDrive/CD2_DSA/raw/val/images/312105_20210914_3_0_0_3_2_11_0_228.jpg,0,0
308012_20210914_3_0_0_5_2_11_0_209,/content/drive/MyDrive/CD2_DSA/raw/val/images/308012_20210914_3_0_0_5_2_11_0_209.jpg,0,0
67420_20210624_3_0_0_1_2_13_0_21,/content/drive/MyDrive/CD2_DSA/raw/val/images/67420_20210624_3_0_0_1_2_13_0_21.jpg,0,0
312187_20210914_3_0_0_3_2_11_0_310,/content/drive/MyDrive/CD2_DSA/raw/val/images/312187_20210914_3_0_0_3_2_11_0_310.jpg,0,0
125637_20210624_3_0_0_2_2_13_0_41,/content/drive/MyDrive/CD2_DSA/raw/val/images/125637_20210624_3_0_0_2_2_13_0_41.jpg,0,0
16572_20210706_3_1_a9_3_2_13_2_423,/content/drive/MyDrive/CD2_DSA/raw/val/images/16572_20210706_3_1_a9_3_2_13_2_423.jpg,1,1
49079_20210624_3_0_0_1_2_13_0_153,/content/drive/MyDrive/CD2_DSA/raw/val/images/49079_20210624_3_0_0_1_2_13_0_153.jpg,0,0
312191_20210914_3_0_0_3_2_11_0_314,/content/drive/MyDrive/CD2_DSA/raw/val/images/312191_20210914_3_0_0_3_2_11_0_314.jpg,0,0
307682_20210914_3_0_0_3_2_11_0_282,/content/drive/MyDrive/CD2_DSA/raw/val/images/307682_20210914_3_0_0_3_2_11_0_282.jpg,0,0
15626_20210706_3_1_a9_3_2_13_3_57,/content/drive/MyDrive/CD2_DSA/raw/val/images/15626_20210706_3_1_a9_3_2_13_3_57.jpg,1,0
34062_20210624_3_0_0_3_2_13_0_10,/content/drive/MyDrive/CD2_DSA/raw/val/images/34062_20210624_3_0_0_3_2_13_0_10.jpg,0,0
308401_20210914_3_0_0_3_2_11_0_301,/content/drive/MyDrive/CD2_DSA/raw/val/images/308401_20210914_3_0_0_3_2_11_0_301.jpg,0,0
16666_20210706_3_1_a9_3_2_13_2_517,/content/drive/MyDrive/CD2_DSA/raw/val/images/16666_20210706_3_1_a9_3_2_13_2_517.jpg,1,0
67511_20210624_3_0_0_1_2_13_0_112,/content/drive/MyDrive/CD2_DSA/raw/val/images/67511_20210624_3_0_0_1_2_13_0_112.jpg,0,0
308866_20210914_3_0_0_5_2_11_0_342,/content/drive/MyDrive/CD2_DSA/raw/val/images/308866_20210914_3_0_0_5_2_11_0_342.jpg,0,0
26095_20210624_3_0_0_5_2_13_0_144,/content/drive/MyDrive/CD2_DSA/raw/val/images/26095_20210624_3_0_0_5_2_13_0_144.jpg,0,0
307798_20210914_3_0_0_3_2_11_0_398,/content/drive/MyDrive/CD2_DSA/raw/val/images/307798_20210914_3_0_0_3_2_11_0_398.jpg,0,0
16758_20210713_3_1_a9_3_2_13_3_20,/content/drive/MyDrive/CD2_DSA/raw/val/images/16758_20210713_3_1_a9_3_2_13_3_20.jpg,1,1
307797_20210914_3_0_0_3_2_11_0_397,/content/drive/MyDrive/CD2_DSA/raw/val/images/307797_20210914_3_0_0_3_2_11_0_397.jpg,0,0
15385_20210622_3_1_a9_3_2_13_3_89,/content/drive/MyDrive/CD2_DSA/raw/val/images/15385_20210622_3_1_a9_3_2_13_3_89.jpg,1,0
71214_20210624_3_0_0_3_2_13_0_67,/content/drive/MyDrive/CD2_DSA/raw/val/images/71214_20210624_3_0_0_3_2_13_0_67.jpg,0,0
95227_20210624_3_0_0_1_2_13_0_48,/content/drive/MyDrive/CD2_DSA/raw/val/images/95227_20210624_3_0_0_1_2_13_0_48.jpg,0,0
308244_20210914_3_0_0_3_2_11_0_144,/content/drive/MyDrive/CD2_DSA/raw/val/images/308244_20210914_3_0_0_3_2_11_0_144.jpg,0,0
16024_20210706_3_1_a9_3_2_13_2_34,/content/drive/MyDrive/CD2_DSA/raw/val/images/16024_20210706_3_1_a9_3_2_13_2_34.jpg,1,1
308143_20210914_3_0_0_3_2_11_0_43,/content/drive/MyDrive/CD2_DSA/raw/val/images/308143_20210914_3_0_0_3_2_11_0_43.jpg,0,0
307715_20210914_3_0_0_3_2_11_0_315,/content/drive/MyDrive/CD2_DSA/raw/val/images/307715_20210914_3_0_0_3_2_11_0_315.jpg,0,0
1557_20210622_3_1_a9_3_2_13_2_129,/content/drive/MyDrive/CD2_DSA/raw/val/images/1557_20210622_3_1_a9_3_2_13_2_129.jpg,1,1
15100_20210622_3_1_a9_3_2_13_3_11,/content/drive/MyDrive/CD2_DSA/raw/val/images/15100_20210622_3_1_a9_3_2_13_3_11.jpg,1,1
311751_20210803_3_0_0_3_2_11_0_83,/content/drive/MyDrive/CD2_DSA/raw/val/images/311751_20210803_3_0_0_3_2_11_0_83.jpg,0,0
125653_20210624_3_0_0_2_2_13_0_57,/content/drive/MyDrive/CD2_DSA/raw/val/images/125653_20210624_3_0_0_2_2_13_0_57.jpg,0,0
15865_20210622_3_1_a9_3_2_13_2_106,/content/drive/MyDrive/CD2_DSA/raw/val/images/15865_20210622_3_1_a9_3_2_13_2_106.jpg,1,1
95452_20210624_3_0_0_1_2_13_0_118,/content/drive/MyDrive/CD2_DSA/raw/val/images/95452_20210624_3_0_0_1_2_13_0_118.jpg,0,0
95247_20210624_3_0_0_1_2_13_0_68,/content/drive/MyDrive/CD2_DSA/raw/val/images/95247_20210624_3_0_0_1_2_13_0_68.jpg,0,0
4386_20210622_3_1_a9_3_2_13_2_54,/content/drive/MyDrive/CD2_DSA/raw/val/images/4386_20210622_3_1_a9_3_2_13_2_54.jpg,1,1
312006_20210914_3_0_0_3_2_11_0_129,/content/drive/MyDrive/CD2_DSA/raw/val/images/312006_20210914_3_0_0_3_2_11_0_129.jpg,0,0
16256_20210706_3_1_a9_3_2_13_2_186,/content/drive/MyDrive/CD2_DSA/raw/val/images/16256_20210706_3_1_a9_3_2_13_2_186.jpg,1,1
16811_20210713_3_1_a9_3_2_13_3_73,/content/drive/MyDrive/CD2_DSA/raw/val/images/16811_20210713_3_1_a9_3_2_13_3_73.jpg,1,0
104080_20210624_3_0_0_4_2_13_0_158,/content/drive/MyDrive/CD2_DSA/raw/val/images/104080_20210624_3_0_0_4_2_13_0_158.jpg,0,0
5256_20210622_3_1_a9_3_2_13_2_132,/content/drive/MyDrive/CD2_DSA/raw/val/images/5256_20210622_3_1_a9_3_2_13_2_132.jpg,1,1
15682_20210706_3_1_a9_3_2_13_3_113,/content/drive/MyDrive/CD2_DSA/raw/val/images/15682_20210706_3_1_a9_3_2_13_3_113.jpg,1,1
109432_20210624_3_0_0_3_2_13_0_46,/content/drive/MyDrive/CD2_DSA/raw/val/images/109432_20210624_3_0_0_3_2_13_0_46.jpg,0,0
304166_20210913_3_0_0_3_2_11_0_403,/content/drive/MyDrive/CD2_DSA/raw/val/images/304166_20210913_3_0_0_3_2_11_0_403.jpg,0,0
15680_20210706_3_1_a9_3_2_13_3_111,/content/drive/MyDrive/CD2_DSA/raw/val/images/15680_20210706_3_1_a9_3_2_13_3_111.jpg,1,1
3723_20210622_3_1_a9_3_2_13_3_1,/content/drive/MyDrive/CD2_DSA/raw/val/images/3723_20210622_3_1_a9_3_2_13_3_1.jpg,1,1
10536_20210624_3_0_0_3_2_13_0_42,/content/drive/MyDrive/CD2_DSA/raw/val/images/10536_20210624_3_0_0_3_2_13_0_42.jpg,0,0
308190_20210914_3_0_0_3_2_11_0_90,/content/drive/MyDrive/CD2_DSA/raw/val/images/308190_20210914_3_0_0_3_2_11_0_90.jpg,0,0
106544_20210624_3_0_0_1_2_13_0_141,/content/drive/MyDrive/CD2_DSA/raw/val/images/106544_20210624_3_0_0_1_2_13_0_141.jpg,0,0
48955_20210624_3_0_0_1_2_13_0_29,/content/drive/MyDrive/CD2_DSA/raw/val/images/48955_20210624_3_0_0_1_2_13_0_29.jpg,0,0
124668_20210624_3_0_0_1_2_13_0_19,/content/drive/MyDrive/CD2_DSA/raw/val/images/124668_20210624_3_0_0_1_2_13_0_19.jpg,0,0
308579_20210914_3_0_0_5_2_11_0_55,/content/drive/MyDrive/CD2_DSA/raw/val/images/308579_20210914_3_0_0_5_2_11_0_55.jpg,0,0
308648_20210914_3_0_0_5_2_11_0_125,/content/drive/MyDrive/CD2_DSA/raw/val/images/308648_20210914_3_0_0_5_2_11_0_125.jpg,0,0
15360_20210622_3_1_a9_3_2_13_3_64,/content/drive/MyDrive/CD2_DSA/raw/val/images/15360_20210622_3_1_a9_3_2_13_3_64.jpg,1,1
17062_20210622_3_1_a9_3_2_13_1_183,/content/drive/MyDrive/CD2_DSA/raw/val/images/17062_20210622_3_1_a9_3_2_13_1_183.jpg,1,0
15691_20210706_3_1_a9_3_2_13_3_122,/content/drive/MyDrive/CD2_DSA/raw/val/images/15691_20210706_3_1_a9_3_2_13_3_122.jpg,1,1
307941_20210914_3_0_0_5_2_11_0_138,/content/drive/MyDrive/CD2_DSA/raw/val/images/307941_20210914_3_0_0_5_2_11_0_138.jpg,0,0
82843_20210624_3_0_0_1_2_13_0_14,/content/drive/MyDrive/CD2_DSA/raw/val/images/82843_20210624_3_0_0_1_2_13_0_14.jpg,0,0
646_20210622_3_1_a9_3_2_13_1_11,/content/drive/MyDrive/CD2_DSA/raw/val/images/646_20210622_3_1_a9_3_2_13_1_11.jpg,1,0
897_20210622_3_1_a9_3_2_13_3_95,/content/drive/MyDrive/CD2_DSA/raw/val/images/897_20210622_3_1_a9_3_2_13_3_95.jpg,1,0
307664_20210914_3_0_0_3_2_11_0_264,/content/drive/MyDrive/CD2_DSA/raw/val/images/307664_20210914_3_0_0_3_2_11_0_264.jpg,0,0
16589_20210706_3_1_a9_3_2_13_2_440,/content/drive/MyDrive/CD2_DSA/raw/val/images/16589_20210706_3_1_a9_3_2_13_2_440.jpg,1,1
308352_20210914_3_0_0_3_2_11_0_252,/content/drive/MyDrive/CD2_DSA/raw/val/images/308352_20210914_3_0_0_3_2_11_0_252.jpg,0,0
95193_20210624_3_0_0_1_2_13_0_14,/content/drive/MyDrive/CD2_DSA/raw/val/images/95193_20210624_3_0_0_1_2_13_0_14.jpg,0,0
26121_20210624_3_0_0_5_2_13_0_170,/content/drive/MyDrive/CD2_DSA/raw/val/images/26121_20210624_3_0_0_5_2_13_0_170.jpg,0,0
16530_20210706_3_1_a9_3_2_13_3_45,/content/drive/MyDrive/CD2_DSA/raw/val/images/16530_20210706_3_1_a9_3_2_13_3_45.jpg,1,0
16595_20210706_3_1_a9_3_2_13_2_446,/content/drive/MyDrive/CD2_DSA/raw/val/images/16595_20210706_3_1_a9_3_2_13_2_446.jpg,1,1
308634_20210914_3_0_0_5_2_11_0_111,/content/drive/MyDrive/CD2_DSA/raw/val/images/308634_20210914_3_0_0_5_2_11_0_111.jpg,0,0
66277_20210624_3_0_0_4_2_13_0_178,/content/drive/MyDrive/CD2_DSA/raw/val/images/66277_20210624_3_0_0_4_2_13_0_178.jpg,0,0
125688_20210624_3_0_0_2_2_13_0_92,/content/drive/MyDrive/CD2_DSA/raw/val/images/125688_20210624_3_0_0_2_2_13_0_92.jpg,0,0
849_20210622_3_1_a9_3_2_13_3_47,/content/drive/MyDrive/CD2_DSA/raw/val/images/849_20210622_3_1_a9_3_2_13_3_47.jpg,1,1
49099_20210624_3_0_0_1_2_13_0_173,/content/drive/MyDrive/CD2_DSA/raw/val/images/49099_20210624_3_0_0_1_2_13_0_173.jpg,0,0
15097_20210622_3_1_a9_3_2_13_3_8,/content/drive/MyDrive/CD2_DSA/raw/val/images/15097_20210622_3_1_a9_3_2_13_3_8.jpg,1,0
307652_20210914_3_0_0_3_2_11_0_252,/content/drive/MyDrive/CD2_DSA/raw/val/images/307652_20210914_3_0_0_3_2_11_0_252.jpg,0,0
7018_20210622_3_1_a9_3_2_13_1_178,/content/drive/MyDrive/CD2_DSA/raw/val/images/7018_20210622_3_1_a9_3_2_13_1_178.jpg,1,1
307753_20210914_3_0_0_3_2_11_0_353,/content/drive/MyDrive/CD2_DSA/raw/val/images/307753_20210914_3_0_0_3_2_11_0_353.jpg,0,0
32311_20210624_3_0_0_4_2_13_0_14,/content/drive/MyDrive/CD2_DSA/raw/val/images/32311_20210624_3_0_0_4_2_13_0_14.jpg,0,0
304027_20210913_3_0_0_3_2_11_0_264,/content/drive/MyDrive/CD2_DSA/raw/val/images/304027_20210913_3_0_0_3_2_11_0_264.jpg,0,0
308854_20210914_3_0_0_5_2_11_0_330,/content/drive/MyDrive/CD2_DSA/raw/val/images/308854_20210914_3_0_0_5_2_11_0_330.jpg,0,0
16345_20210706_3_1_a9_3_2_13_2_275,/content/drive/MyDrive/CD2_DSA/raw/val/images/16345_20210706_3_1_a9_3_2_13_2_275.jpg,1,1
307839_20210914_3_0_0_5_2_11_0_36,/content/drive/MyDrive/CD2_DSA/raw/val/images/307839_20210914_3_0_0_5_2_11_0_36.jpg,0,0
10491_20210624_3_0_0_1_2_13_0_40,/content/drive/MyDrive/CD2_DSA/raw/val/images/10491_20210624_3_0_0_1_2_13_0_40.jpg,0,0
16027_20210706_3_1_a9_3_2_13_2_37,/content/drive/MyDrive/CD2_DSA/raw/val/images/16027_20210706_3_1_a9_3_2_13_2_37.jpg,1,1
304331_20210913_3_0_0_3_2_11_0_568,/content/drive/MyDrive/CD2_DSA/raw/val/images/304331_20210913_3_0_0_3_2_11_0_568.jpg,0,0
128811_20210624_3_0_0_1_2_13_0_1,/content/drive/MyDrive/CD2_DSA/raw/val/images/128811_20210624_3_0_0_1_2_13_0_1.jpg,0,0
308380_20210914_3_0_0_3_2_11_0_280,/content/drive/MyDrive/CD2_DSA/raw/val/images/308380_20210914_3_0_0_3_2_11_0_280.jpg,0,0
304279_20210913_3_0_0_3_2_11_0_516,/content/drive/MyDrive/CD2_DSA/raw/val/images/304279_20210913_3_0_0_3_2_11_0_516.jpg,0,0
3166_20210629_3_1_a9_3_2_13_1_21,/content/drive/MyDrive/CD2_DSA/raw/val/images/3166_20210629_3_1_a9_3_2_13_1_21.jpg,1,1
3688_20210629_3_1_a9_3_2_13_2_67,/content/drive/MyDrive/CD2_DSA/raw/val/images/3688_20210629_3_1_a9_3_2_13_2_67.jpg,1,1
3150_20210629_3_1_a9_3_2_13_1_5,/content/drive/MyDrive/CD2_DSA/raw/val/images/3150_20210629_3_1_a9_3_2_13_1_5.jpg,1,1
1593_20210622_3_1_a9_3_2_13_2_165,/content/drive/MyDrive/CD2_DSA/raw/val/images/1593_20210622_3_1_a9_3_2_13_2_165.jpg,1,0
7176_20210624_3_0_0_1_2_13_0_220,/content/drive/MyDrive/CD2_DSA/raw/val/images/7176_20210624_3_0_0_1_2_13_0_220.jpg,0,0
68544_20210624_3_0_0_2_2_13_0_54,/content/drive/MyDrive/CD2_DSA/raw/val/images/68544_20210624_3_0_0_2_2_13_0_54.jpg,0,0
3442_20210629_3_1_a9_3_2_13_1_197,/content/drive/MyDrive/CD2_DSA/raw/val/images/3442_20210629_3_1_a9_3_2_13_1_197.jpg,1,1
308743_20210914_3_0_0_5_2_11_0_219,/content/drive/MyDrive/CD2_DSA/raw/val/images/308743_20210914_3_0_0_5_2_11_0_219.jpg,0,0
16641_20210706_3_1_a9_3_2_13_2_492,/content/drive/MyDrive/CD2_DSA/raw/val/images/16641_20210706_3_1_a9_3_2_13_2_492.jpg,1,1
307952_20210914_3_0_0_5_2_11_0_149,/content/drive/MyDrive/CD2_DSA/raw/val/images/307952_20210914_3_0_0_5_2_11_0_149.jpg,0,0
16638_20210706_3_1_a9_3_2_13_2_489,/content/drive/MyDrive/CD2_DSA/raw/val/images/16638_20210706_3_1_a9_3_2_13_2_489.jpg,1,1
1682_20210622_3_1_a9_3_2_13_2_254,/content/drive/MyDrive/CD2_DSA/raw/val/images/1682_20210622_3_1_a9_3_2_13_2_254.jpg,1,1
10419_20210624_3_0_0_1_2_13_0_15,/content/drive/MyDrive/CD2_DSA/raw/val/images/10419_20210624_3_0_0_1_2_13_0_15.jpg,0,0
308839_20210914_3_0_0_5_2_11_0_315,/content/drive/MyDrive/CD2_DSA/raw/val/images/308839_20210914_3_0_0_5_2_11_0_315.jpg,0,0
312114_20210914_3_0_0_3_2_11_0_237,/content/drive/MyDrive/CD2_DSA/raw/val/images/312114_20210914_3_0_0_3_2_11_0_237.jpg,0,0
307750_20210914_3_0_0_3_2_11_0_350,/content/drive/MyDrive/CD2_DSA/raw/val/images/307750_20210914_3_0_0_3_2_11_0_350.jpg,0,0
16071_20210706_3_1_a9_3_2_13_2_81,/content/drive/MyDrive/CD2_DSA/raw/val/images/16071_20210706_3_1_a9_3_2_13_2_81.jpg,1,1
308622_20210914_3_0_0_5_2_11_0_98,/content/drive/MyDrive/CD2_DSA/raw/val/images/308622_20210914_3_0_0_5_2_11_0_98.jpg,0,0
16620_20210706_3_1_a9_3_2_13_2_471,/content/drive/MyDrive/CD2_DSA/raw/val/images/16620_20210706_3_1_a9_3_2_13_2_471.jpg,1,0
308710_20210914_3_0_0_5_2_11_0_187,/content/drive/MyDrive/CD2_DSA/raw/val/images/308710_20210914_3_0_0_5_2_11_0_187.jpg,0,0
106570_20210624_3_0_0_1_2_13_0_167,/content/drive/MyDrive/CD2_DSA/raw/val/images/106570_20210624_3_0_0_1_2_13_0_167.jpg,0,0
308402_20210914_3_0_0_3_2_11_0_302,/content/drive/MyDrive/CD2_DSA/raw/val/images/308402_20210914_3_0_0_3_2_11_0_302.jpg,0,0
16439_20210706_3_1_a9_3_2_13_2_355,/content/drive/MyDrive/CD2_DSA/raw/val/images/16439_20210706_3_1_a9_3_2_13_2_355.jpg,1,1
15462_20210622_3_1_a9_3_2_13_3_166,/content/drive/MyDrive/CD2_DSA/raw/val/images/15462_20210622_3_1_a9_3_2_13_3_166.jpg,1,0
307836_20210914_3_0_0_5_2_11_0_33,/content/drive/MyDrive/CD2_DSA/raw/val/images/307836_20210914_3_0_0_5_2_11_0_33.jpg,0,0
3395_20210629_3_1_a9_3_2_13_1_150,/content/drive/MyDrive/CD2_DSA/raw/val/images/3395_20210629_3_1_a9_3_2_13_1_150.jpg,1,0
308568_20210914_3_0_0_5_2_11_0_44,/content/drive/MyDrive/CD2_DSA/raw/val/images/308568_20210914_3_0_0_5_2_11_0_44.jpg,0,0
95513_20210624_3_0_0_1_2_13_0_179,/content/drive/MyDrive/CD2_DSA/raw/val/images/95513_20210624_3_0_0_1_2_13_0_179.jpg,0,0
312065_20210914_3_0_0_3_2_11_0_188,/content/drive/MyDrive/CD2_DSA/raw/val/images/312065_20210914_3_0_0_3_2_11_0_188.jpg,0,0
16365_20210706_3_1_a9_3_2_13_2_295,/content/drive/MyDrive/CD2_DSA/raw/val/images/16365_20210706_3_1_a9_3_2_13_2_295.jpg,1,1
66288_20210624_3_0_0_4_2_13_0_189,/content/drive/MyDrive/CD2_DSA/raw/val/images/66288_20210624_3_0_0_4_2_13_0_189.jpg,0,0
307495_20210914_3_0_0_3_2_11_0_95,/content/drive/MyDrive/CD2_DSA/raw/val/images/307495_20210914_3_0_0_3_2_11_0_95.jpg,0,0
83209_20210624_3_0_0_1_2_13_0_122,/content/drive/MyDrive/CD2_DSA/raw/val/images/83209_20210624_3_0_0_1_2_13_0_122.jpg,0,0
6779_20210624_3_0_0_1_2_13_0_4,/content/drive/MyDrive/CD2_DSA/raw/val/images/6779_20210624_3_0_0_1_2_13_0_4.jpg,0,0
6039_20210622_3_1_a9_3_2_13_1_88,/content/drive/MyDrive/CD2_DSA/raw/val/images/6039_20210622_3_1_a9_3_2_13_1_88.jpg,1,1
106539_20210624_3_0_0_1_2_13_0_136,/content/drive/MyDrive/CD2_DSA/raw/val/images/106539_20210624_3_0_0_1_2_13_0_136.jpg,0,0
731_20210622_3_1_a9_3_2_13_1_96,/content/drive/MyDrive/CD2_DSA/raw/val/images/731_20210622_3_1_a9_3_2_13_1_96.jpg,1,1
689_20210622_3_1_a9_3_2_13_1_54,/content/drive/MyDrive/CD2_DSA/raw/val/images/689_20210622_3_1_a9_3_2_13_1_54.jpg,1,1
304340_20210913_3_0_0_3_2_11_0_577,/content/drive/MyDrive/CD2_DSA/raw/val/images/304340_20210913_3_0_0_3_2_11_0_577.jpg,0,0
49109_20210624_3_0_0_1_2_13_0_183,/content/drive/MyDrive/CD2_DSA/raw/val/images/49109_20210624_3_0_0_1_2_13_0_183.jpg,0,0
10538_20210624_3_0_0_3_2_13_0_44,/content/drive/MyDrive/CD2_DSA/raw/val/images/10538_20210624_3_0_0_3_2_13_0_44.jpg,0,0
49093_20210624_3_0_0_1_2_13_0_167,/content/drive/MyDrive/CD2_DSA/raw/val/images/49093_20210624_3_0_0_1_2_13_0_167.jpg,0,0
3793_20210629_3_1_a9_3_2_13_3_2,/content/drive/MyDrive/CD2_DSA/raw/val/images/3793_20210629_3_1_a9_3_2_13_3_2.jpg,1,1
307405_20210914_3_0_0_3_2_11_0_5,/content/drive/MyDrive/CD2_DSA/raw/val/images/307405_20210914_3_0_0_3_2_11_0_5.jpg,0,0
65959_20210624_3_0_0_4_2_13_0_90,/content/drive/MyDrive/CD2_DSA/raw/val/images/65959_20210624_3_0_0_4_2_13_0_90.jpg,0,0
3552_20210629_3_1_a9_3_2_13_1_201,/content/drive/MyDrive/CD2_DSA/raw/val/images/3552_20210629_3_1_a9_3_2_13_1_201.jpg,1,1
3569_20210629_3_1_a9_3_2_13_1_218,/content/drive/MyDrive/CD2_DSA/raw/val/images/3569_20210629_3_1_a9_3_2_13_1_218.jpg,1,0
311745_20210803_3_0_0_3_2_11_0_77,/content/drive/MyDrive/CD2_DSA/raw/val/images/311745_20210803_3_0_0_3_2_11_0_77.jpg,0,0
307600_20210914_3_0_0_3_2_11_0_200,/content/drive/MyDrive/CD2_DSA/raw/val/images/307600_20210914_3_0_0_3_2_11_0_200.jpg,0,0
9140_20210624_3_0_0_2_2_13_0_134,/content/drive/MyDrive/CD2_DSA/raw/val/images/9140_20210624_3_0_0_2_2_13_0_134.jpg,0,0
307476_20210914_3_0_0_3_2_11_0_76,/content/drive/MyDrive/CD2_DSA/raw/val/images/307476_20210914_3_0_0_3_2_11_0_76.jpg,0,0
1006_20210624_3_0_0_1_2_13_0_61,/content/drive/MyDrive/CD2_DSA/raw/val/images/1006_20210624_3_0_0_1_2_13_0_61.jpg,0,0
308833_20210914_3_0_0_5_2_11_0_309,/content/drive/MyDrive/CD2_DSA/raw/val/images/308833_20210914_3_0_0_5_2_11_0_309.jpg,0,0
82868_20210624_3_0_0_1_2_13_0_39,/content/drive/MyDrive/CD2_DSA/raw/val/images/82868_20210624_3_0_0_1_2_13_0_39.jpg,0,0
909_20210622_3_1_a9_3_2_13_3_107,/content/drive/MyDrive/CD2_DSA/raw/val/images/909_20210622_3_1_a9_3_2_13_3_107.jpg,1,1
15634_20210706_3_1_a9_3_2_13_3_65,/content/drive/MyDrive/CD2_DSA/raw/val/images/15634_20210706_3_1_a9_3_2_13_3_65.jpg,1,1
34058_20210624_3_0_0_3_2_13_0_6,/content/drive/MyDrive/CD2_DSA/raw/val/images/34058_20210624_3_0_0_3_2_13_0_6.jpg,0,0
170868_20210624_3_0_0_5_2_13_0_62,/content/drive/MyDrive/CD2_DSA/raw/val/images/170868_20210624_3_0_0_5_2_13_0_62.jpg,0,0
3183_20210629_3_1_a9_3_2_13_1_38,/content/drive/MyDrive/CD2_DSA/raw/val/images/3183_20210629_3_1_a9_3_2_13_1_38.jpg,1,0
308499_20210914_3_0_0_3_2_11_0_399,/content/drive/MyDrive/CD2_DSA/raw/val/images/308499_20210914_3_0_0_3_2_11_0_399.jpg,0,0
307725_20210914_3_0_0_3_2_11_0_325,/content/drive/MyDrive/CD2_DSA/raw/val/images/307725_20210914_3_0_0_3_2_11_0_325.jpg,0,0
104087_20210624_3_0_0_4_2_13_0_165,/content/drive/MyDrive/CD2_DSA/raw/val/images/104087_20210624_3_0_0_4_2_13_0_165.jpg,0,0
308584_20210914_3_0_0_5_2_11_0_60,/content/drive/MyDrive/CD2_DSA/raw/val/images/308584_20210914_3_0_0_5_2_11_0_60.jpg,0,0
308256_20210914_3_0_0_3_2_11_0_156,/content/drive/MyDrive/CD2_DSA/raw/val/images/308256_20210914_3_0_0_3_2_11_0_156.jpg,0,0
95504_20210624_3_0_0_1_2_13_0_170,/content/drive/MyDrive/CD2_DSA/raw/val/images/95504_20210624_3_0_0_1_2_13_0_170.jpg,0,0
3603_20210629_3_1_a9_3_2_13_1_252,/content/drive/MyDrive/CD2_DSA/raw/val/images/3603_20210629_3_1_a9_3_2_13_1_252.jpg,1,0
307490_20210914_3_0_0_3_2_11_0_90,/content/drive/MyDrive/CD2_DSA/raw/val/images/307490_20210914_3_0_0_3_2_11_0_90.jpg,0,0
308772_20210914_3_0_0_5_2_11_0_248,/content/drive/MyDrive/CD2_DSA/raw/val/images/308772_20210914_3_0_0_5_2_11_0_248.jpg,0,0
304170_20210913_3_0_0_3_2_11_0_407,/content/drive/MyDrive/CD2_DSA/raw/val/images/304170_20210913_3_0_0_3_2_11_0_407.jpg,0,0
106314_20210624_3_0_0_1_2_13_0_111,/content/drive/MyDrive/CD2_DSA/raw/val/images/106314_20210624_3_0_0_1_2_13_0_111.jpg,0,0
86583_20210624_3_0_0_1_2_13_0_152,/content/drive/MyDrive/CD2_DSA/raw/val/images/86583_20210624_3_0_0_1_2_13_0_152.jpg,0,0
71207_20210624_3_0_0_3_2_13_0_60,/content/drive/MyDrive/CD2_DSA/raw/val/images/71207_20210624_3_0_0_3_2_13_0_60.jpg,0,0
304005_20210913_3_0_0_3_2_11_0_242,/content/drive/MyDrive/CD2_DSA/raw/val/images/304005_20210913_3_0_0_3_2_11_0_242.jpg,0,0
170857_20210624_3_0_0_5_2_13_0_51,/content/drive/MyDrive/CD2_DSA/raw/val/images/170857_20210624_3_0_0_5_2_13_0_51.jpg,0,0
67406_20210624_3_0_0_1_2_13_0_7,/content/drive/MyDrive/CD2_DSA/raw/val/images/67406_20210624_3_0_0_1_2_13_0_7.jpg,0,0
11997_20210624_3_0_0_1_2_13_0_138,/content/drive/MyDrive/CD2_DSA/raw/val/images/11997_20210624_3_0_0_1_2_13_0_138.jpg,0,0
125619_20210624_3_0_0_2_2_13_0_23,/content/drive/MyDrive/CD2_DSA/raw/val/images/125619_20210624_3_0_0_2_2_13_0_23.jpg,0,0
66268_20210624_3_0_0_4_2_13_0_169,/content/drive/MyDrive/CD2_DSA/raw/val/images/66268_20210624_3_0_0_4_2_13_0_169.jpg,0,0
16903_20210622_3_1_a9_3_2_13_1_63,/content/drive/MyDrive/CD2_DSA/raw/val/images/16903_20210622_3_1_a9_3_2_13_1_63.jpg,1,1
22300_20210624_3_0_0_2_2_13_0_18,/content/drive/MyDrive/CD2_DSA/raw/val/images/22300_20210624_3_0_0_2_2_13_0_18.jpg,0,0
16294_20210706_3_1_a9_3_2_13_2_224,/content/drive/MyDrive/CD2_DSA/raw/val/images/16294_20210706_3_1_a9_3_2_13_2_224.jpg,1,1
3211_20210629_3_1_a9_3_2_13_1_66,/content/drive/MyDrive/CD2_DSA/raw/val/images/3211_20210629_3_1_a9_3_2_13_1_66.jpg,1,1
15461_20210622_3_1_a9_3_2_13_3_165,/content/drive/MyDrive/CD2_DSA/raw/val/images/15461_20210622_3_1_a9_3_2_13_3_165.jpg,1,1
4499_20210622_3_1_a9_3_2_13_2_67,/content/drive/MyDrive/CD2_DSA/raw/val/images/4499_20210622_3_1_a9_3_2_13_2_67.jpg,1,1
3791_20210629_3_1_a9_3_2_13_2_121,/content/drive/MyDrive/CD2_DSA/raw/val/images/3791_20210629_3_1_a9_3_2_13_2_121.jpg,1,1
7521_20210622_3_1_a9_3_2_13_1_200,/content/drive/MyDrive/CD2_DSA/raw/val/images/7521_20210622_3_1_a9_3_2_13_1_200.jpg,1,1
170816_20210624_3_0_0_5_2_13_0_10,/content/drive/MyDrive/CD2_DSA/raw/val/images/170816_20210624_3_0_0_5_2_13_0_10.jpg,0,0
16427_20210706_3_1_a9_3_2_13_2_343,/content/drive/MyDrive/CD2_DSA/raw/val/images/16427_20210706_3_1_a9_3_2_13_2_343.jpg,1,1
312002_20210914_3_0_0_3_2_11_0_125,/content/drive/MyDrive/CD2_DSA/raw/val/images/312002_20210914_3_0_0_3_2_11_0_125.jpg,0,0
10533_20210624_3_0_0_3_2_13_0_39,/content/drive/MyDrive/CD2_DSA/raw/val/images/10533_20210624_3_0_0_3_2_13_0_39.jpg,0,0
106254_20210624_3_0_0_1_2_13_0_51,/content/drive/MyDrive/CD2_DSA/raw/val/images/106254_20210624_3_0_0_1_2_13_0_51.jpg,0,0
16725_20210706_3_1_a9_3_2_13_2_576,/content/drive/MyDrive/CD2_DSA/raw/val/images/16725_20210706_3_1_a9_3_2_13_2_576.jpg,1,1
108277_20210624_3_0_0_2_2_13_0_150,/content/drive/MyDrive/CD2_DSA/raw/val/images/108277_20210624_3_0_0_2_2_13_0_150.jpg,0,0
836_20210622_3_1_a9_3_2_13_3_34,/content/drive/MyDrive/CD2_DSA/raw/val/images/836_20210622_3_1_a9_3_2_13_3_34.jpg,1,1
1121_20210624_3_0_0_1_2_13_0_176,/content/drive/MyDrive/CD2_DSA/raw/val/images/1121_20210624_3_0_0_1_2_13_0_176.jpg,0,0
312219_20210914_3_0_0_3_2_11_0_342,/content/drive/MyDrive/CD2_DSA/raw/val/images/312219_20210914_3_0_0_3_2_11_0_342.jpg,0,0
106224_20210624_3_0_0_1_2_13_0_21,/content/drive/MyDrive/CD2_DSA/raw/val/images/106224_20210624_3_0_0_1_2_13_0_21.jpg,0,0
308444_20210914_3_0_0_3_2_11_0_344,/content/drive/MyDrive/CD2_DSA/raw/val/images/308444_20210914_3_0_0_3_2_11_0_344.jpg,0,0
307762_20210914_3_0_0_3_2_11_0_362,/content/drive/MyDrive/CD2_DSA/raw/val/images/307762_20210914_3_0_0_3_2_11_0_362.jpg,0,0
106607_20210624_3_0_0_1_2_13_0_204,/content/drive/MyDrive/CD2_DSA/raw/val/images/106607_20210624_3_0_0_1_2_13_0_204.jpg,0,0
16968_20210622_3_1_a9_3_2_13_1_89,/content/drive/MyDrive/CD2_DSA/raw/val/images/16968_20210622_3_1_a9_3_2_13_1_89.jpg,1,0
16246_20210706_3_1_a9_3_2_13_2_176,/content/drive/MyDrive/CD2_DSA/raw/val/images/16246_20210706_3_1_a9_3_2_13_2_176.jpg,1,1
7149_20210624_3_0_0_1_2_13_0_193,/content/drive/MyDrive/CD2_DSA/raw/val/images/7149_20210624_3_0_0_1_2_13_0_193.jpg,0,0
16702_20210706_3_1_a9_3_2_13_2_553,/content/drive/MyDrive/CD2_DSA/raw/val/images/16702_20210706_3_1_a9_3_2_13_2_553.jpg,1,1
83253_20210624_3_0_0_1_2_13_0_166,/content/drive/MyDrive/CD2_DSA/raw/val/images/83253_20210624_3_0_0_1_2_13_0_166.jpg,0,0
10399_20210624_3_0_0_1_2_13_0_1,/content/drive/MyDrive/CD2_DSA/raw/val/images/10399_20210624_3_0_0_1_2_13_0_1.jpg,0,0
3727_20210622_3_1_a9_3_2_13_3_5,/content/drive/MyDrive/CD2_DSA/raw/val/images/3727_20210622_3_1_a9_3_2_13_3_5.jpg,1,0
123858_20210624_3_0_0_4_2_13_0_22,/content/drive/MyDrive/CD2_DSA/raw/val/images/123858_20210624_3_0_0_4_2_13_0_22.jpg,0,0
750_20210622_3_1_a9_3_2_13_1_115,/content/drive/MyDrive/CD2_DSA/raw/val/images/750_20210622_3_1_a9_3_2_13_1_115.jpg,1,1
308303_20210914_3_0_0_3_2_11_0_203,/content/drive/MyDrive/CD2_DSA/raw/val/images/308303_20210914_3_0_0_3_2_11_0_203.jpg,0,0
95859_20210624_3_0_0_3_2_13_0_3,/content/drive/MyDrive/CD2_DSA/raw/val/images/95859_20210624_3_0_0_3_2_13_0_3.jpg,0,0
307779_20210914_3_0_0_3_2_11_0_379,/content/drive/MyDrive/CD2_DSA/raw/val/images/307779_20210914_3_0_0_3_2_11_0_379.jpg,0,0
95456_20210624_3_0_0_1_2_13_0_122,/content/drive/MyDrive/CD2_DSA/raw/val/images/95456_20210624_3_0_0_1_2_13_0_122.jpg,0,0
308060_20210914_3_0_0_5_2_11_0_257,/content/drive/MyDrive/CD2_DSA/raw/val/images/308060_20210914_3_0_0_5_2_11_0_257.jpg,0,0
4741_20210622_3_1_a9_3_2_13_2_109,/content/drive/MyDrive/CD2_DSA/raw/val/images/4741_20210622_3_1_a9_3_2_13_2_109.jpg,1,1
304329_20210913_3_0_0_3_2_11_0_566,/content/drive/MyDrive/CD2_DSA/raw/val/images/304329_20210913_3_0_0_3_2_11_0_566.jpg,0,0
125662_20210624_3_0_0_2_2_13_0_66,/content/drive/MyDrive/CD2_DSA/raw/val/images/125662_20210624_3_0_0_2_2_13_0_66.jpg,0,0
16945_20210622_3_1_a9_3_2_13_2_35,/content/drive/MyDrive/CD2_DSA/raw/val/images/16945_20210622_3_1_a9_3_2_13_2_35.jpg,1,0
16314_20210706_3_1_a9_3_2_13_2_244,/content/drive/MyDrive/CD2_DSA/raw/val/images/16314_20210706_3_1_a9_3_2_13_2_244.jpg,1,1
1540_20210622_3_1_a9_3_2_13_2_112,/content/drive/MyDrive/CD2_DSA/raw/val/images/1540_20210622_3_1_a9_3_2_13_2_112.jpg,1,0
308685_20210914_3_0_0_5_2_11_0_162,/content/drive/MyDrive/CD2_DSA/raw/val/images/308685_20210914_3_0_0_5_2_11_0_162.jpg,0,0
16358_20210706_3_1_a9_3_2_13_2_288,/content/drive/MyDrive/CD2_DSA/raw/val/images/16358_20210706_3_1_a9_3_2_13_2_288.jpg,1,1
6896_20210624_3_0_0_1_2_13_0_121,/content/drive/MyDrive/CD2_DSA/raw/val/images/6896_20210624_3_0_0_1_2_13_0_121.jpg,0,0
307566_20210914_3_0_0_3_2_11_0_166,/content/drive/MyDrive/CD2_DSA/raw/val/images/307566_20210914_3_0_0_3_2_11_0_166.jpg,0,0
308786_20210914_3_0_0_5_2_11_0_262,/content/drive/MyDrive/CD2_DSA/raw/val/images/308786_20210914_3_0_0_5_2_11_0_262.jpg,0,0
16489_20210706_3_1_a9_3_2_13_3_4,/content/drive/MyDrive/CD2_DSA/raw/val/images/16489_20210706_3_1_a9_3_2_13_3_4.jpg,1,0
48969_20210624_3_0_0_1_2_13_0_43,/content/drive/MyDrive/CD2_DSA/raw/val/images/48969_20210624_3_0_0_1_2_13_0_43.jpg,0,0
86872_20210624_3_0_0_1_2_13_0_197,/content/drive/MyDrive/CD2_DSA/raw/val/images/86872_20210624_3_0_0_1_2_13_0_197.jpg,0,0
106522_20210624_3_0_0_1_2_13_0_119,/content/drive/MyDrive/CD2_DSA/raw/val/images/106522_20210624_3_0_0_1_2_13_0_119.jpg,0,0
16941_20210622_3_1_a9_3_2_13_2_31,/content/drive/MyDrive/CD2_DSA/raw/val/images/16941_20210622_3_1_a9_3_2_13_2_31.jpg,1,1
108058_20210624_3_0_0_2_2_13_0_46,/content/drive/MyDrive/CD2_DSA/raw/val/images/108058_20210624_3_0_0_2_2_13_0_46.jpg,0,0
16026_20210706_3_1_a9_3_2_13_2_36,/content/drive/MyDrive/CD2_DSA/raw/val/images/16026_20210706_3_1_a9_3_2_13_2_36.jpg,1,1
311993_20210914_3_0_0_3_2_11_0_116,/content/drive/MyDrive/CD2_DSA/raw/val/images/311993_20210914_3_0_0_3_2_11_0_116.jpg,0,0
15886_20210622_3_1_a9_3_2_13_2_127,/content/drive/MyDrive/CD2_DSA/raw/val/images/15886_20210622_3_1_a9_3_2_13_2_127.jpg,1,1
657_20210622_3_1_a9_3_2_13_1_22,/content/drive/MyDrive/CD2_DSA/raw/val/images/657_20210622_3_1_a9_3_2_13_1_22.jpg,1,1
16109_20210706_3_1_a9_3_2_13_2_119,/content/drive/MyDrive/CD2_DSA/raw/val/images/16109_20210706_3_1_a9_3_2_13_2_119.jpg,1,1
108125_20210624_3_0_0_2_2_13_0_113,/content/drive/MyDrive/CD2_DSA/raw/val/images/108125_20210624_3_0_0_2_2_13_0_113.jpg,0,0
15115_20210622_3_1_a9_3_2_13_3_26,/content/drive/MyDrive/CD2_DSA/raw/val/images/15115_20210622_3_1_a9_3_2_13_3_26.jpg,1,1
307949_20210914_3_0_0_5_2_11_0_146,/content/drive/MyDrive/CD2_DSA/raw/val/images/307949_20210914_3_0_0_5_2_11_0_146.jpg,0,0
95495_20210624_3_0_0_1_2_13_0_161,/content/drive/MyDrive/CD2_DSA/raw/val/images/95495_20210624_3_0_0_1_2_13_0_161.jpg,0,0
16042_20210706_3_1_a9_3_2_13_2_52,/content/drive/MyDrive/CD2_DSA/raw/val/images/16042_20210706_3_1_a9_3_2_13_2_52.jpg,1,1
71180_20210624_3_0_0_3_2_13_0_33,/content/drive/MyDrive/CD2_DSA/raw/val/images/71180_20210624_3_0_0_3_2_13_0_33.jpg,0,0
15585_20210706_3_1_a9_3_2_13_3_16,/content/drive/MyDrive/CD2_DSA/raw/val/images/15585_20210706_3_1_a9_3_2_13_3_16.jpg,1,0
15788_20210622_3_1_a9_3_2_13_2_29,/content/drive/MyDrive/CD2_DSA/raw/val/images/15788_20210622_3_1_a9_3_2_13_2_29.jpg,1,1
307852_20210914_3_0_0_5_2_11_0_49,/content/drive/MyDrive/CD2_DSA/raw/val/images/307852_20210914_3_0_0_5_2_11_0_49.jpg,0,0
312103_20210914_3_0_0_3_2_11_0_226,/content/drive/MyDrive/CD2_DSA/raw/val/images/312103_20210914_3_0_0_3_2_11_0_226.jpg,0,0
307519_20210914_3_0_0_3_2_11_0_119,/content/drive/MyDrive/CD2_DSA/raw/val/images/307519_20210914_3_0_0_3_2_11_0_119.jpg,0,0
106575_20210624_3_0_0_1_2_13_0_172,/content/drive/MyDrive/CD2_DSA/raw/val/images/106575_20210624_3_0_0_1_2_13_0_172.jpg,0,0
1429_20210622_3_1_a9_3_2_13_2_1,/content/drive/MyDrive/CD2_DSA/raw/val/images/1429_20210622_3_1_a9_3_2_13_2_1.jpg,1,1
86536_20210624_3_0_0_1_2_13_0_105,/content/drive/MyDrive/CD2_DSA/raw/val/images/86536_20210624_3_0_0_1_2_13_0_105.jpg,0,0
308447_20210914_3_0_0_3_2_11_0_347,/content/drive/MyDrive/CD2_DSA/raw/val/images/308447_20210914_3_0_0_3_2_11_0_347.jpg,0,0
3809_20210629_3_1_a9_3_2_13_3_18,/content/drive/MyDrive/CD2_DSA/raw/val/images/3809_20210629_3_1_a9_3_2_13_3_18.jpg,1,0
86851_20210624_3_0_0_1_2_13_0_176,/content/drive/MyDrive/CD2_DSA/raw/val/images/86851_20210624_3_0_0_1_2_13_0_176.jpg,0,0
308363_20210914_3_0_0_3_2_11_0_263,/content/drive/MyDrive/CD2_DSA/raw/val/images/308363_20210914_3_0_0_3_2_11_0_263.jpg,0,0
3980_20210622_3_1_a9_3_2_13_2_11,/content/drive/MyDrive/CD2_DSA/raw/val/images/3980_20210622_3_1_a9_3_2_13_2_11.jpg,1,1
108313_20210624_3_0_0_2_2_13_0_186,/content/drive/MyDrive/CD2_DSA/raw/val/images/108313_20210624_3_0_0_2_2_13_0_186.jpg,0,0
108307_20210624_3_0_0_2_2_13_0_180,/content/drive/MyDrive/CD2_DSA/raw/val/images/108307_20210624_3_0_0_2_2_13_0_180.jpg,0,0
95220_20210624_3_0_0_1_2_13_0_41,/content/drive/MyDrive/CD2_DSA/raw/val/images/95220_20210624_3_0_0_1_2_13_0_41.jpg,0,0
308218_20210914_3_0_0_3_2_11_0_118,/content/drive/MyDrive/CD2_DSA/raw/val/images/308218_20210914_3_0_0_3_2_11_0_118.jpg,0,0
7158_20210624_3_0_0_1_2_13_0_202,/content/drive/MyDrive/CD2_DSA/raw/val/images/7158_20210624_3_0_0_1_2_13_0_202.jpg,0,0
311992_20210914_3_0_0_3_2_11_0_115,/content/drive/MyDrive/CD2_DSA/raw/val/images/311992_20210914_3_0_0_3_2_11_0_115.jpg,0,0
67402_20210624_3_0_0_1_2_13_0_3,/content/drive/MyDrive/CD2_DSA/raw/val/images/67402_20210624_3_0_0_1_2_13_0_3.jpg,0,0
308013_20210914_3_0_0_5_2_11_0_210,/content/drive/MyDrive/CD2_DSA/raw/val/images/308013_20210914_3_0_0_5_2_11_0_210.jpg,0,0
304174_20210913_3_0_0_3_2_11_0_411,/content/drive/MyDrive/CD2_DSA/raw/val/images/304174_20210913_3_0_0_3_2_11_0_411.jpg,0,0
304088_20210913_3_0_0_3_2_11_0_325,/content/drive/MyDrive/CD2_DSA/raw/val/images/304088_20210913_3_0_0_3_2_11_0_325.jpg,0,0
3844_20210629_3_1_a9_3_2_13_3_53,/content/drive/MyDrive/CD2_DSA/raw/val/images/3844_20210629_3_1_a9_3_2_13_3_53.jpg,1,1
304185_20210913_3_0_0_3_2_11_0_422,/content/drive/MyDrive/CD2_DSA/raw/val/images/304185_20210913_3_0_0_3_2_11_0_422.jpg,0,0
15673_20210706_3_1_a9_3_2_13_3_104,/content/drive/MyDrive/CD2_DSA/raw/val/images/15673_20210706_3_1_a9_3_2_13_3_104.jpg,1,1
3601_20210629_3_1_a9_3_2_13_1_250,/content/drive/MyDrive/CD2_DSA/raw/val/images/3601_20210629_3_1_a9_3_2_13_1_250.jpg,1,1
26215_20210624_3_0_0_5_2_13_0_176,/content/drive/MyDrive/CD2_DSA/raw/val/images/26215_20210624_3_0_0_5_2_13_0_176.jpg,0,0
308238_20210914_3_0_0_3_2_11_0_138,/content/drive/MyDrive/CD2_DSA/raw/val/images/308238_20210914_3_0_0_3_2_11_0_138.jpg,0,0
308028_20210914_3_0_0_5_2_11_0_225,/content/drive/MyDrive/CD2_DSA/raw/val/images/308028_20210914_3_0_0_5_2_11_0_225.jpg,0,0
15579_20210706_3_1_a9_3_2_13_3_10,/content/drive/MyDrive/CD2_DSA/raw/val/images/15579_20210706_3_1_a9_3_2_13_3_10.jpg,1,1
68511_20210624_3_0_0_2_2_13_0_21,/content/drive/MyDrive/CD2_DSA/raw/val/images/68511_20210624_3_0_0_2_2_13_0_21.jpg,0,0
312067_20210914_3_0_0_3_2_11_0_190,/content/drive/MyDrive/CD2_DSA/raw/val/images/312067_20210914_3_0_0_3_2_11_0_190.jpg,0,0
735_20210622_3_1_a9_3_2_13_1_100,/content/drive/MyDrive/CD2_DSA/raw/val/images/735_20210622_3_1_a9_3_2_13_1_100.jpg,1,1
68513_20210624_3_0_0_2_2_13_0_23,/content/drive/MyDrive/CD2_DSA/raw/val/images/68513_20210624_3_0_0_2_2_13_0_23.jpg,0,0
15908_20210622_3_1_a9_3_2_13_2_149,/content/drive/MyDrive/CD2_DSA/raw/val/images/15908_20210622_3_1_a9_3_2_13_2_149.jpg,1,0
95223_20210624_3_0_0_1_2_13_0_44,/content/drive/MyDrive/CD2_DSA/raw/val/images/95223_20210624_3_0_0_1_2_13_0_44.jpg,0,0
32309_20210624_3_0_0_4_2_13_0_12,/content/drive/MyDrive/CD2_DSA/raw/val/images/32309_20210624_3_0_0_4_2_13_0_12.jpg,0,0
308684_20210914_3_0_0_5_2_11_0_161,/content/drive/MyDrive/CD2_DSA/raw/val/images/308684_20210914_3_0_0_5_2_11_0_161.jpg,0,0
84082_20210708_3_0_0_1_2_13_0_148,/content/drive/MyDrive/CD2_DSA/raw/val/images/84082_20210708_3_0_0_1_2_13_0_148.jpg,0,0
308263_20210914_3_0_0_3_2_11_0_163,/content/drive/MyDrive/CD2_DSA/raw/val/images/308263_20210914_3_0_0_3_2_11_0_163.jpg,0,0
16533_20210706_3_1_a9_3_2_13_3_48,/content/drive/MyDrive/CD2_DSA/raw/val/images/16533_20210706_3_1_a9_3_2_13_3_48.jpg,1,1
3195_20210629_3_1_a9_3_2_13_1_50,/content/drive/MyDrive/CD2_DSA/raw/val/images/3195_20210629_3_1_a9_3_2_13_1_50.jpg,1,1
16011_20210706_3_1_a9_3_2_13_2_21,/content/drive/MyDrive/CD2_DSA/raw/val/images/16011_20210706_3_1_a9_3_2_13_2_21.jpg,1,1
308528_20210914_3_0_0_5_2_11_0_4,/content/drive/MyDrive/CD2_DSA/raw/val/images/308528_20210914_3_0_0_5_2_11_0_4.jpg,0,0
125648_20210624_3_0_0_2_2_13_0_52,/content/drive/MyDrive/CD2_DSA/raw/val/images/125648_20210624_3_0_0_2_2_13_0_52.jpg,0,0
307899_20210914_3_0_0_5_2_11_0_96,/content/drive/MyDrive/CD2_DSA/raw/val/images/307899_20210914_3_0_0_5_2_11_0_96.jpg,0,0
308717_20210914_3_0_0_5_2_11_0_194,/content/drive/MyDrive/CD2_DSA/raw/val/images/308717_20210914_3_0_0_5_2_11_0_194.jpg,0,0
2719_20210624_3_0_0_4_2_13_0_188,/content/drive/MyDrive/CD2_DSA/raw/val/images/2719_20210624_3_0_0_4_2_13_0_188.jpg,0,0
125089_20210624_3_0_0_1_2_13_0_120,/content/drive/MyDrive/CD2_DSA/raw/val/images/125089_20210624_3_0_0_1_2_13_0_120.jpg,0,0
5268_20210622_3_1_a9_3_2_13_2_144,/content/drive/MyDrive/CD2_DSA/raw/val/images/5268_20210622_3_1_a9_3_2_13_2_144.jpg,1,1
15628_20210706_3_1_a9_3_2_13_3_59,/content/drive/MyDrive/CD2_DSA/raw/val/images/15628_20210706_3_1_a9_3_2_13_3_59.jpg,1,1
16038_20210706_3_1_a9_3_2_13_2_48,/content/drive/MyDrive/CD2_DSA/raw/val/images/16038_20210706_3_1_a9_3_2_13_2_48.jpg,1,1
1663_20210622_3_1_a9_3_2_13_2_235,/content/drive/MyDrive/CD2_DSA/raw/val/images/1663_20210622_3_1_a9_3_2_13_2_235.jpg,1,1
3233_20210629_3_1_a9_3_2_13_1_88,/content/drive/MyDrive/CD2_DSA/raw/val/images/3233_20210629_3_1_a9_3_2_13_1_88.jpg,1,1
16266_20210706_3_1_a9_3_2_13_2_196,/content/drive/MyDrive/CD2_DSA/raw/val/images/16266_20210706_3_1_a9_3_2_13_2_196.jpg,1,1
83230_20210624_3_0_0_1_2_13_0_143,/content/drive/MyDrive/CD2_DSA/raw/val/images/83230_20210624_3_0_0_1_2_13_0_143.jpg,0,0
17020_20210622_3_1_a9_3_2_13_1_141,/content/drive/MyDrive/CD2_DSA/raw/val/images/17020_20210622_3_1_a9_3_2_13_1_141.jpg,1,1
304301_20210913_3_0_0_3_2_11_0_538,/content/drive/MyDrive/CD2_DSA/raw/val/images/304301_20210913_3_0_0_3_2_11_0_538.jpg,0,0
16282_20210706_3_1_a9_3_2_13_2_212,/content/drive/MyDrive/CD2_DSA/raw/val/images/16282_20210706_3_1_a9_3_2_13_2_212.jpg,1,1
11244_20210624_3_0_0_1_2_13_0_100,/content/drive/MyDrive/CD2_DSA/raw/val/images/11244_20210624_3_0_0_1_2_13_0_100.jpg,0,0
304227_20210913_3_0_0_3_2_11_0_464,/content/drive/MyDrive/CD2_DSA/raw/val/images/304227_20210913_3_0_0_3_2_11_0_464.jpg,0,0
304052_20210913_3_0_0_3_2_11_0_289,/content/drive/MyDrive/CD2_DSA/raw/val/images/304052_20210913_3_0_0_3_2_11_0_289.jpg,0,0
307805_20210914_3_0_0_5_2_11_0_2,/content/drive/MyDrive/CD2_DSA/raw/val/images/307805_20210914_3_0_0_5_2_11_0_2.jpg,0,0
16915_20210622_3_1_a9_3_2_13_2_4,/content/drive/MyDrive/CD2_DSA/raw/val/images/16915_20210622_3_1_a9_3_2_13_2_4.jpg,1,1
128825_20210624_3_0_0_1_2_13_0_15,/content/drive/MyDrive/CD2_DSA/raw/val/images/128825_20210624_3_0_0_1_2_13_0_15.jpg,0,0
308851_20210914_3_0_0_5_2_11_0_327,/content/drive/MyDrive/CD2_DSA/raw/val/images/308851_20210914_3_0_0_5_2_11_0_327.jpg,0,0
108308_20210624_3_0_0_2_2_13_0_181,/content/drive/MyDrive/CD2_DSA/raw/val/images/108308_20210624_3_0_0_2_2_13_0_181.jpg,0,0
95528_20210624_3_0_0_1_2_13_0_194,/content/drive/MyDrive/CD2_DSA/raw/val/images/95528_20210624_3_0_0_1_2_13_0_194.jpg,0,0
307675_20210914_3_0_0_3_2_11_0_275,/content/drive/MyDrive/CD2_DSA/raw/val/images/307675_20210914_3_0_0_3_2_11_0_275.jpg,0,0
655_20210622_3_1_a9_3_2_13_1_20,/content/drive/MyDrive/CD2_DSA/raw/val/images/655_20210622_3_1_a9_3_2_13_1_20.jpg,1,1
15573_20210706_3_1_a9_3_2_13_3_4,/content/drive/MyDrive/CD2_DSA/raw/val/images/15573_20210706_3_1_a9_3_2_13_3_4.jpg,1,1
83224_20210624_3_0_0_1_2_13_0_137,/content/drive/MyDrive/CD2_DSA/raw/val/images/83224_20210624_3_0_0_1_2_13_0_137.jpg,0,0
49057_20210624_3_0_0_1_2_13_0_131,/content/drive/MyDrive/CD2_DSA/raw/val/images/49057_20210624_3_0_0_1_2_13_0_131.jpg,0,0
13134_20210624_3_0_0_1_2_13_0_172,/content/drive/MyDrive/CD2_DSA/raw/val/images/13134_20210624_3_0_0_1_2_13_0_172.jpg,0,0
125095_20210624_3_0_0_1_2_13_0_126,/content/drive/MyDrive/CD2_DSA/raw/val/images/125095_20210624_3_0_0_1_2_13_0_126.jpg,0,0
6301_20210622_3_1_a9_3_2_13_1_100,/content/drive/MyDrive/CD2_DSA/raw/val/images/6301_20210622_3_1_a9_3_2_13_1_100.jpg,1,1
17001_20210622_3_1_a9_3_2_13_1_122,/content/drive/MyDrive/CD2_DSA/raw/val/images/17001_20210622_3_1_a9_3_2_13_1_122.jpg,1,1
66323_20210624_3_0_0_4_2_13_0_224,/content/drive/MyDrive/CD2_DSA/raw/val/images/66323_20210624_3_0_0_4_2_13_0_224.jpg,0,0
49047_20210624_3_0_0_1_2_13_0_121,/content/drive/MyDrive/CD2_DSA/raw/val/images/49047_20210624_3_0_0_1_2_13_0_121.jpg,0,0
15641_20210706_3_1_a9_3_2_13_3_72,/content/drive/MyDrive/CD2_DSA/raw/val/images/15641_20210706_3_1_a9_3_2_13_3_72.jpg,1,1
1575_20210622_3_1_a9_3_2_13_2_147,/content/drive/MyDrive/CD2_DSA/raw/val/images/1575_20210622_3_1_a9_3_2_13_2_147.jpg,1,1
95499_20210624_3_0_0_1_2_13_0_165,/content/drive/MyDrive/CD2_DSA/raw/val/images/95499_20210624_3_0_0_1_2_13_0_165.jpg,0,0
4515_20210622_3_1_a9_3_2_13_2_83,/content/drive/MyDrive/CD2_DSA/raw/val/images/4515_20210622_3_1_a9_3_2_13_2_83.jpg,1,1
312059_20210914_3_0_0_3_2_11_0_182,/content/drive/MyDrive/CD2_DSA/raw/val/images/312059_20210914_3_0_0_3_2_11_0_182.jpg,0,0
312091_20210914_3_0_0_3_2_11_0_214,/content/drive/MyDrive/CD2_DSA/raw/val/images/312091_20210914_3_0_0_3_2_11_0_214.jpg,0,0
1110_20210624_3_0_0_1_2_13_0_165,/content/drive/MyDrive/CD2_DSA/raw/val/images/1110_20210624_3_0_0_1_2_13_0_165.jpg,0,0
3841_20210629_3_1_a9_3_2_13_3_50,/content/drive/MyDrive/CD2_DSA/raw/val/images/3841_20210629_3_1_a9_3_2_13_3_50.jpg,1,1
125646_20210624_3_0_0_2_2_13_0_50,/content/drive/MyDrive/CD2_DSA/raw/val/images/125646_20210624_3_0_0_2_2_13_0_50.jpg,0,0
15843_20210622_3_1_a9_3_2_13_2_84,/content/drive/MyDrive/CD2_DSA/raw/val/images/15843_20210622_3_1_a9_3_2_13_2_84.jpg,1,1
103812_20210624_3_0_0_4_2_13_0_90,/content/drive/MyDrive/CD2_DSA/raw/val/images/103812_20210624_3_0_0_4_2_13_0_90.jpg,0,0
16736_20210706_3_1_a9_3_2_13_2_587,/content/drive/MyDrive/CD2_DSA/raw/val/images/16736_20210706_3_1_a9_3_2_13_2_587.jpg,1,1
95438_20210624_3_0_0_1_2_13_0_104,/content/drive/MyDrive/CD2_DSA/raw/val/images/95438_20210624_3_0_0_1_2_13_0_104.jpg,0,0
308149_20210914_3_0_0_3_2_11_0_49,/content/drive/MyDrive/CD2_DSA/raw/val/images/308149_20210914_3_0_0_3_2_11_0_49.jpg,0,0
5242_20210622_3_1_a9_3_2_13_2_118,/content/drive/MyDrive/CD2_DSA/raw/val/images/5242_20210622_3_1_a9_3_2_13_2_118.jpg,1,0
16441_20210706_3_1_a9_3_2_13_2_357,/content/drive/MyDrive/CD2_DSA/raw/val/images/16441_20210706_3_1_a9_3_2_13_2_357.jpg,1,1
4504_20210622_3_1_a9_3_2_13_2_72,/content/drive/MyDrive/CD2_DSA/raw/val/images/4504_20210622_3_1_a9_3_2_13_2_72.jpg,1,1
4205_20210622_3_1_a9_3_2_13_2_36,/content/drive/MyDrive/CD2_DSA/raw/val/images/4205_20210622_3_1_a9_3_2_13_2_36.jpg,1,1
16478_20210706_3_1_a9_3_2_13_2_394,/content/drive/MyDrive/CD2_DSA/raw/val/images/16478_20210706_3_1_a9_3_2_13_2_394.jpg,1,0
947_20210624_3_0_0_1_2_13_0_2,/content/drive/MyDrive/CD2_DSA/raw/val/images/947_20210624_3_0_0_1_2_13_0_2.jpg,0,0
308058_20210914_3_0_0_5_2_11_0_255,/content/drive/MyDrive/CD2_DSA/raw/val/images/308058_20210914_3_0_0_5_2_11_0_255.jpg,0,0
125094_20210624_3_0_0_1_2_13_0_125,/content/drive/MyDrive/CD2_DSA/raw/val/images/125094_20210624_3_0_0_1_2_13_0_125.jpg,0,0
307416_20210914_3_0_0_3_2_11_0_16,/content/drive/MyDrive/CD2_DSA/raw/val/images/307416_20210914_3_0_0_3_2_11_0_16.jpg,0,0
49062_20210624_3_0_0_1_2_13_0_136,/content/drive/MyDrive/CD2_DSA/raw/val/images/49062_20210624_3_0_0_1_2_13_0_136.jpg,0,0
16583_20210706_3_1_a9_3_2_13_2_434,/content/drive/MyDrive/CD2_DSA/raw/val/images/16583_20210706_3_1_a9_3_2_13_2_434.jpg,1,1
1446_20210622_3_1_a9_3_2_13_2_18,/content/drive/MyDrive/CD2_DSA/raw/val/images/1446_20210622_3_1_a9_3_2_13_2_18.jpg,1,1
311761_20210803_3_0_0_3_2_11_0_93,/content/drive/MyDrive/CD2_DSA/raw/val/images/311761_20210803_3_0_0_3_2_11_0_93.jpg,0,0
307663_20210914_3_0_0_3_2_11_0_263,/content/drive/MyDrive/CD2_DSA/raw/val/images/307663_20210914_3_0_0_3_2_11_0_263.jpg,0,0
15774_20210622_3_1_a9_3_2_13_2_15,/content/drive/MyDrive/CD2_DSA/raw/val/images/15774_20210622_3_1_a9_3_2_13_2_15.jpg,1,0
16223_20210706_3_1_a9_3_2_13_2_153,/content/drive/MyDrive/CD2_DSA/raw/val/images/16223_20210706_3_1_a9_3_2_13_2_153.jpg,1,1
15625_20210706_3_1_a9_3_2_13_3_56,/content/drive/MyDrive/CD2_DSA/raw/val/images/15625_20210706_3_1_a9_3_2_13_3_56.jpg,1,1
7222_20210622_3_1_a9_3_2_13_1_188,/content/drive/MyDrive/CD2_DSA/raw/val/images/7222_20210622_3_1_a9_3_2_13_1_188.jpg,1,0
125677_20210624_3_0_0_2_2_13_0_81,/content/drive/MyDrive/CD2_DSA/raw/val/images/125677_20210624_3_0_0_2_2_13_0_81.jpg,0,0
14610_20210624_3_0_0_3_2_13_0_122,/content/drive/MyDrive/CD2_DSA/raw/val/images/14610_20210624_3_0_0_3_2_13_0_122.jpg,0,0
307665_20210914_3_0_0_3_2_11_0_265,/content/drive/MyDrive/CD2_DSA/raw/val/images/307665_20210914_3_0_0_3_2_11_0_265.jpg,0,0
32327_20210624_3_0_0_4_2_13_0_30,/content/drive/MyDrive/CD2_DSA/raw/val/images/32327_20210624_3_0_0_4_2_13_0_30.jpg,0,0
307629_20210914_3_0_0_3_2_11_0_229,/content/drive/MyDrive/CD2_DSA/raw/val/images/307629_20210914_3_0_0_3_2_11_0_229.jpg,0,0
308662_20210914_3_0_0_5_2_11_0_139,/content/drive/MyDrive/CD2_DSA/raw/val/images/308662_20210914_3_0_0_5_2_11_0_139.jpg,0,0
15109_20210622_3_1_a9_3_2_13_3_20,/content/drive/MyDrive/CD2_DSA/raw/val/images/15109_20210622_3_1_a9_3_2_13_3_20.jpg,1,0
304320_20210913_3_0_0_3_2_11_0_557,/content/drive/MyDrive/CD2_DSA/raw/val/images/304320_20210913_3_0_0_3_2_11_0_557.jpg,0,0
308070_20210914_3_0_0_5_2_11_0_267,/content/drive/MyDrive/CD2_DSA/raw/val/images/308070_20210914_3_0_0_5_2_11_0_267.jpg,0,0
15803_20210622_3_1_a9_3_2_13_2_44,/content/drive/MyDrive/CD2_DSA/raw/val/images/15803_20210622_3_1_a9_3_2_13_2_44.jpg,1,1
2426_20210624_3_0_0_4_2_13_0_13,/content/drive/MyDrive/CD2_DSA/raw/val/images/2426_20210624_3_0_0_4_2_13_0_13.jpg,0,0
311684_20210803_3_0_0_3_2_11_0_16,/content/drive/MyDrive/CD2_DSA/raw/val/images/311684_20210803_3_0_0_3_2_11_0_16.jpg,0,0
307403_20210914_3_0_0_3_2_11_0_3,/content/drive/MyDrive/CD2_DSA/raw/val/images/307403_20210914_3_0_0_3_2_11_0_3.jpg,0,0
7013_20210622_3_1_a9_3_2_13_1_173,/content/drive/MyDrive/CD2_DSA/raw/val/images/7013_20210622_3_1_a9_3_2_13_1_173.jpg,1,1
307772_20210914_3_0_0_3_2_11_0_372,/content/drive/MyDrive/CD2_DSA/raw/val/images/307772_20210914_3_0_0_3_2_11_0_372.jpg,0,0
71150_20210624_3_0_0_3_2_13_0_3,/content/drive/MyDrive/CD2_DSA/raw/val/images/71150_20210624_3_0_0_3_2_13_0_3.jpg,0,0
3782_20210629_3_1_a9_3_2_13_2_112,/content/drive/MyDrive/CD2_DSA/raw/val/images/3782_20210629_3_1_a9_3_2_13_2_112.jpg,1,0
312116_20210914_3_0_0_3_2_11_0_239,/content/drive/MyDrive/CD2_DSA/raw/val/images/312116_20210914_3_0_0_3_2_11_0_239.jpg,0,0
304145_20210913_3_0_0_3_2_11_0_382,/content/drive/MyDrive/CD2_DSA/raw/val/images/304145_20210913_3_0_0_3_2_11_0_382.jpg,0,0
304215_20210913_3_0_0_3_2_11_0_452,/content/drive/MyDrive/CD2_DSA/raw/val/images/304215_20210913_3_0_0_3_2_11_0_452.jpg,0,0
126087_20210624_3_0_0_5_2_13_0_22,/content/drive/MyDrive/CD2_DSA/raw/val/images/126087_20210624_3_0_0_5_2_13_0_22.jpg,0,0
308226_20210914_3_0_0_3_2_11_0_126,/content/drive/MyDrive/CD2_DSA/raw/val/images/308226_20210914_3_0_0_3_2_11_0_126.jpg,0,0
170902_20210624_3_0_0_5_2_13_0_96,/content/drive/MyDrive/CD2_DSA/raw/val/images/170902_20210624_3_0_0_5_2_13_0_96.jpg,0,0
308816_20210914_3_0_0_5_2_11_0_292,/content/drive/MyDrive/CD2_DSA/raw/val/images/308816_20210914_3_0_0_5_2_11_0_292.jpg,0,0
10603_20210624_3_0_0_1_2_13_0_52,/content/drive/MyDrive/CD2_DSA/raw/val/images/10603_20210624_3_0_0_1_2_13_0_52.jpg,0,0
1703_20210622_3_1_a9_3_2_13_2_275,/content/drive/MyDrive/CD2_DSA/raw/val/images/1703_20210622_3_1_a9_3_2_13_2_275.jpg,1,1
3608_20210629_3_1_a9_3_2_13_1_257,/content/drive/MyDrive/CD2_DSA/raw/val/images/3608_20210629_3_1_a9_3_2_13_1_257.jpg,1,1
15146_20210622_3_1_a9_3_2_13_3_57,/content/drive/MyDrive/CD2_DSA/raw/val/images/15146_20210622_3_1_a9_3_2_13_3_57.jpg,1,1
5990_20210622_3_1_a9_3_2_13_1_59,/content/drive/MyDrive/CD2_DSA/raw/val/images/5990_20210622_3_1_a9_3_2_13_1_59.jpg,1,1
311765_20210803_3_0_0_3_2_11_0_97,/content/drive/MyDrive/CD2_DSA/raw/val/images/311765_20210803_3_0_0_3_2_11_0_97.jpg,0,0
1646_20210622_3_1_a9_3_2_13_2_218,/content/drive/MyDrive/CD2_DSA/raw/val/images/1646_20210622_3_1_a9_3_2_13_2_218.jpg,1,0
307853_20210914_3_0_0_5_2_11_0_50,/content/drive/MyDrive/CD2_DSA/raw/val/images/307853_20210914_3_0_0_5_2_11_0_50.jpg,0,0
16459_20210706_3_1_a9_3_2_13_2_375,/content/drive/MyDrive/CD2_DSA/raw/val/images/16459_20210706_3_1_a9_3_2_13_2_375.jpg,1,0
71178_20210624_3_0_0_3_2_13_0_31,/content/drive/MyDrive/CD2_DSA/raw/val/images/71178_20210624_3_0_0_3_2_13_0_31.jpg,0,0
311733_20210803_3_0_0_3_2_11_0_65,/content/drive/MyDrive/CD2_DSA/raw/val/images/311733_20210803_3_0_0_3_2_11_0_65.jpg,0,0
126067_20210624_3_0_0_5_2_13_0_2,/content/drive/MyDrive/CD2_DSA/raw/val/images/126067_20210624_3_0_0_5_2_13_0_2.jpg,0,0
312043_20210914_3_0_0_3_2_11_0_166,/content/drive/MyDrive/CD2_DSA/raw/val/images/312043_20210914_3_0_0_3_2_11_0_166.jpg,0,0
308830_20210914_3_0_0_5_2_11_0_306,/content/drive/MyDrive/CD2_DSA/raw/val/images/308830_20210914_3_0_0_5_2_11_0_306.jpg,0,0
15822_20210622_3_1_a9_3_2_13_2_63,/content/drive/MyDrive/CD2_DSA/raw/val/images/15822_20210622_3_1_a9_3_2_13_2_63.jpg,1,1
307879_20210914_3_0_0_5_2_11_0_76,/content/drive/MyDrive/CD2_DSA/raw/val/images/307879_20210914_3_0_0_5_2_11_0_76.jpg,0,0
308723_20210914_3_0_0_5_2_11_0_200,/content/drive/MyDrive/CD2_DSA/raw/val/images/308723_20210914_3_0_0_5_2_11_0_200.jpg,0,0
1558_20210622_3_1_a9_3_2_13_2_130,/content/drive/MyDrive/CD2_DSA/raw/val/images/1558_20210622_3_1_a9_3_2_13_2_130.jpg,1,1
304142_20210913_3_0_0_3_2_11_0_379,/content/drive/MyDrive/CD2_DSA/raw/val/images/304142_20210913_3_0_0_3_2_11_0_379.jpg,0,0
83250_20210624_3_0_0_1_2_13_0_163,/content/drive/MyDrive/CD2_DSA/raw/val/images/83250_20210624_3_0_0_1_2_13_0_163.jpg,0,0
82854_20210624_3_0_0_1_2_13_0_25,/content/drive/MyDrive/CD2_DSA/raw/val/images/82854_20210624_3_0_0_1_2_13_0_25.jpg,0,0
307485_20210914_3_0_0_3_2_11_0_85,/content/drive/MyDrive/CD2_DSA/raw/val/images/307485_20210914_3_0_0_3_2_11_0_85.jpg,0,0
66315_20210624_3_0_0_4_2_13_0_216,/content/drive/MyDrive/CD2_DSA/raw/val/images/66315_20210624_3_0_0_4_2_13_0_216.jpg,0,0
308290_20210914_3_0_0_3_2_11_0_190,/content/drive/MyDrive/CD2_DSA/raw/val/images/308290_20210914_3_0_0_3_2_11_0_190.jpg,0,0
95278_20210624_3_0_0_1_2_13_0_99,/content/drive/MyDrive/CD2_DSA/raw/val/images/95278_20210624_3_0_0_1_2_13_0_99.jpg,0,0
96141_20210624_3_0_0_3_2_13_0_195,/content/drive/MyDrive/CD2_DSA/raw/val/images/96141_20210624_3_0_0_3_2_13_0_195.jpg,0,0
15441_20210622_3_1_a9_3_2_13_3_145,/content/drive/MyDrive/CD2_DSA/raw/val/images/15441_20210622_3_1_a9_3_2_13_3_145.jpg,1,1
3645_20210629_3_1_a9_3_2_13_2_24,/content/drive/MyDrive/CD2_DSA/raw/val/images/3645_20210629_3_1_a9_3_2_13_2_24.jpg,1,1
308493_20210914_3_0_0_3_2_11_0_393,/content/drive/MyDrive/CD2_DSA/raw/val/images/308493_20210914_3_0_0_3_2_11_0_393.jpg,0,0
673_20210622_3_1_a9_3_2_13_1_38,/content/drive/MyDrive/CD2_DSA/raw/val/images/673_20210622_3_1_a9_3_2_13_1_38.jpg,1,0
307695_20210914_3_0_0_3_2_11_0_295,/content/drive/MyDrive/CD2_DSA/raw/val/images/307695_20210914_3_0_0_3_2_11_0_295.jpg,0,0
308639_20210914_3_0_0_5_2_11_0_116,/content/drive/MyDrive/CD2_DSA/raw/val/images/308639_20210914_3_0_0_5_2_11_0_116.jpg,0,0
83217_20210624_3_0_0_1_2_13_0_130,/content/drive/MyDrive/CD2_DSA/raw/val/images/83217_20210624_3_0_0_1_2_13_0_130.jpg,0,0
307915_20210914_3_0_0_5_2_11_0_112,/content/drive/MyDrive/CD2_DSA/raw/val/images/307915_20210914_3_0_0_5_2_11_0_112.jpg,0,0
6023_20210622_3_1_a9_3_2_13_1_72,/content/drive/MyDrive/CD2_DSA/raw/val/images/6023_20210622_3_1_a9_3_2_13_1_72.jpg,1,1
95184_20210624_3_0_0_1_2_13_0_5,/content/drive/MyDrive/CD2_DSA/raw/val/images/95184_20210624_3_0_0_1_2_13_0_5.jpg,0,0
67431_20210624_3_0_0_1_2_13_0_32,/content/drive/MyDrive/CD2_DSA/raw/val/images/67431_20210624_3_0_0_1_2_13_0_32.jpg,0,0
121569_20210624_3_0_0_4_2_13_0_0,/content/drive/MyDrive/CD2_DSA/raw/val/images/121569_20210624_3_0_0_4_2_13_0_0.jpg,0,0
82863_20210624_3_0_0_1_2_13_0_34,/content/drive/MyDrive/CD2_DSA/raw/val/images/82863_20210624_3_0_0_1_2_13_0_34.jpg,0,0
170903_20210624_3_0_0_5_2_13_0_97,/content/drive/MyDrive/CD2_DSA/raw/val/images/170903_20210624_3_0_0_5_2_13_0_97.jpg,0,0
1092_20210624_3_0_0_1_2_13_0_147,/content/drive/MyDrive/CD2_DSA/raw/val/images/1092_20210624_3_0_0_1_2_13_0_147.jpg,0,0
308272_20210914_3_0_0_3_2_11_0_172,/content/drive/MyDrive/CD2_DSA/raw/val/images/308272_20210914_3_0_0_3_2_11_0_172.jpg,0,0
26100_20210624_3_0_0_5_2_13_0_149,/content/drive/MyDrive/CD2_DSA/raw/val/images/26100_20210624_3_0_0_5_2_13_0_149.jpg,0,0
15107_20210622_3_1_a9_3_2_13_3_18,/content/drive/MyDrive/CD2_DSA/raw/val/images/15107_20210622_3_1_a9_3_2_13_3_18.jpg,1,1
15880_20210622_3_1_a9_3_2_13_2_121,/content/drive/MyDrive/CD2_DSA/raw/val/images/15880_20210622_3_1_a9_3_2_13_2_121.jpg,1,0
308326_20210914_3_0_0_3_2_11_0_226,/content/drive/MyDrive/CD2_DSA/raw/val/images/308326_20210914_3_0_0_3_2_11_0_226.jpg,0,0
15833_20210622_3_1_a9_3_2_13_2_74,/content/drive/MyDrive/CD2_DSA/raw/val/images/15833_20210622_3_1_a9_3_2_13_2_74.jpg,1,1
15423_20210622_3_1_a9_3_2_13_3_127,/content/drive/MyDrive/CD2_DSA/raw/val/images/15423_20210622_3_1_a9_3_2_13_3_127.jpg,1,1
95272_20210624_3_0_0_1_2_13_0_93,/content/drive/MyDrive/CD2_DSA/raw/val/images/95272_20210624_3_0_0_1_2_13_0_93.jpg,0,0
989_20210624_3_0_0_1_2_13_0_44,/content/drive/MyDrive/CD2_DSA/raw/val/images/989_20210624_3_0_0_1_2_13_0_44.jpg,0,0
964_20210624_3_0_0_1_2_13_0_19,/content/drive/MyDrive/CD2_DSA/raw/val/images/964_20210624_3_0_0_1_2_13_0_19.jpg,0,0
307441_20210914_3_0_0_3_2_11_0_41,/content/drive/MyDrive/CD2_DSA/raw/val/images/307441_20210914_3_0_0_3_2_11_0_41.jpg,0,0
95967_20210624_3_0_0_3_2_13_0_111,/content/drive/MyDrive/CD2_DSA/raw/val/images/95967_20210624_3_0_0_3_2_13_0_111.jpg,0,0
124662_20210624_3_0_0_1_2_13_0_13,/content/drive/MyDrive/CD2_DSA/raw/val/images/124662_20210624_3_0_0_1_2_13_0_13.jpg,0,0
15413_20210622_3_1_a9_3_2_13_3_117,/content/drive/MyDrive/CD2_DSA/raw/val/images/15413_20210622_3_1_a9_3_2_13_3_117.jpg,1,1
312231_20210914_3_0_0_3_2_11_0_354,/content/drive/MyDrive/CD2_DSA/raw/val/images/312231_20210914_3_0_0_3_2_11_0_354.jpg,0,0
82907_20210624_3_0_0_1_2_13_0_78,/content/drive/MyDrive/CD2_DSA/raw/val/images/82907_20210624_3_0_0_1_2_13_0_78.jpg,0,0
1440_20210622_3_1_a9_3_2_13_2_12,/content/drive/MyDrive/CD2_DSA/raw/val/images/1440_20210622_3_1_a9_3_2_13_2_12.jpg,1,1
308389_20210914_3_0_0_3_2_11_0_289,/content/drive/MyDrive/CD2_DSA/raw/val/images/308389_20210914_3_0_0_3_2_11_0_289.jpg,0,0
16932_20210622_3_1_a9_3_2_13_2_22,/content/drive/MyDrive/CD2_DSA/raw/val/images/16932_20210622_3_1_a9_3_2_13_2_22.jpg,1,1
307654_20210914_3_0_0_3_2_11_0_254,/content/drive/MyDrive/CD2_DSA/raw/val/images/307654_20210914_3_0_0_3_2_11_0_254.jpg,0,0
95494_20210624_3_0_0_1_2_13_0_160,/content/drive/MyDrive/CD2_DSA/raw/val/images/95494_20210624_3_0_0_1_2_13_0_160.jpg,0,0
307653_20210914_3_0_0_3_2_11_0_253,/content/drive/MyDrive/CD2_DSA/raw/val/images/307653_20210914_3_0_0_3_2_11_0_253.jpg,0,0
6899_20210624_3_0_0_1_2_13_0_124,/content/drive/MyDrive/CD2_DSA/raw/val/images/6899_20210624_3_0_0_1_2_13_0_124.jpg,0,0
16296_20210706_3_1_a9_3_2_13_2_226,/content/drive/MyDrive/CD2_DSA/raw/val/images/16296_20210706_3_1_a9_3_2_13_2_226.jpg,1,1
32315_20210624_3_0_0_4_2_13_0_18,/content/drive/MyDrive/CD2_DSA/raw/val/images/32315_20210624_3_0_0_4_2_13_0_18.jpg,0,0
1122_20210624_3_0_0_1_2_13_0_177,/content/drive/MyDrive/CD2_DSA/raw/val/images/1122_20210624_3_0_0_1_2_13_0_177.jpg,0,0
751_20210622_3_1_a9_3_2_13_1_116,/content/drive/MyDrive/CD2_DSA/raw/val/images/751_20210622_3_1_a9_3_2_13_1_116.jpg,1,0
304337_20210913_3_0_0_3_2_11_0_574,/content/drive/MyDrive/CD2_DSA/raw/val/images/304337_20210913_3_0_0_3_2_11_0_574.jpg,0,0
3856_20210629_3_1_a9_3_2_13_3_65,/content/drive/MyDrive/CD2_DSA/raw/val/images/3856_20210629_3_1_a9_3_2_13_3_65.jpg,1,1
17041_20210622_3_1_a9_3_2_13_1_162,/content/drive/MyDrive/CD2_DSA/raw/val/images/17041_20210622_3_1_a9_3_2_13_1_162.jpg,1,0
123848_20210624_3_0_0_4_2_13_0_12,/content/drive/MyDrive/CD2_DSA/raw/val/images/123848_20210624_3_0_0_4_2_13_0_12.jpg,0,0
311884_20210914_3_0_0_3_2_11_0_7,/content/drive/MyDrive/CD2_DSA/raw/val/images/311884_20210914_3_0_0_3_2_11_0_7.jpg,0,0
15821_20210622_3_1_a9_3_2_13_2_62,/content/drive/MyDrive/CD2_DSA/raw/val/images/15821_20210622_3_1_a9_3_2_13_2_62.jpg,1,1
5269_20210622_3_1_a9_3_2_13_2_145,/content/drive/MyDrive/CD2_DSA/raw/val/images/5269_20210622_3_1_a9_3_2_13_2_145.jpg,1,1
308838_20210914_3_0_0_5_2_11_0_314,/content/drive/MyDrive/CD2_DSA/raw/val/images/308838_20210914_3_0_0_5_2_11_0_314.jpg,0,0
15679_20210706_3_1_a9_3_2_13_3_110,/content/drive/MyDrive/CD2_DSA/raw/val/images/15679_20210706_3_1_a9_3_2_13_3_110.jpg,1,1
5622_20210622_3_1_a9_3_2_13_1_7,/content/drive/MyDrive/CD2_DSA/raw/val/images/5622_20210622_3_1_a9_3_2_13_1_7.jpg,1,1
308615_20210914_3_0_0_5_2_11_0_91,/content/drive/MyDrive/CD2_DSA/raw/val/images/308615_20210914_3_0_0_5_2_11_0_91.jpg,0,0
67422_20210624_3_0_0_1_2_13_0_23,/content/drive/MyDrive/CD2_DSA/raw/val/images/67422_20210624_3_0_0_1_2_13_0_23.jpg,0,0
6776_20210624_3_0_0_1_2_13_0_1,/content/drive/MyDrive/CD2_DSA/raw/val/images/6776_20210624_3_0_0_1_2_13_0_1.jpg,0,0
3621_20210629_3_1_a9_3_2_13_1_270,/content/drive/MyDrive/CD2_DSA/raw/val/images/3621_20210629_3_1_a9_3_2_13_1_270.jpg,1,0
1584_20210622_3_1_a9_3_2_13_2_156,/content/drive/MyDrive/CD2_DSA/raw/val/images/1584_20210622_3_1_a9_3_2_13_2_156.jpg,1,1
941_20210622_3_1_a9_3_2_13_3_139,/content/drive/MyDrive/CD2_DSA/raw/val/images/941_20210622_3_1_a9_3_2_13_3_139.jpg,1,1
3714_20210629_3_1_a9_3_2_13_2_93,/content/drive/MyDrive/CD2_DSA/raw/val/images/3714_20210629_3_1_a9_3_2_13_2_93.jpg,1,1
15773_20210622_3_1_a9_3_2_13_2_14,/content/drive/MyDrive/CD2_DSA/raw/val/images/15773_20210622_3_1_a9_3_2_13_2_14.jpg,1,0
3751_20210622_3_1_a9_3_2_13_3_29,/content/drive/MyDrive/CD2_DSA/raw/val/images/3751_20210622_3_1_a9_3_2_13_3_29.jpg,1,1
304097_20210913_3_0_0_3_2_11_0_334,/content/drive/MyDrive/CD2_DSA/raw/val/images/304097_20210913_3_0_0_3_2_11_0_334.jpg,0,0
16802_20210713_3_1_a9_3_2_13_3_64,/content/drive/MyDrive/CD2_DSA/raw/val/images/16802_20210713_3_1_a9_3_2_13_3_64.jpg,1,1
308247_20210914_3_0_0_3_2_11_0_147,/content/drive/MyDrive/CD2_DSA/raw/val/images/308247_20210914_3_0_0_3_2_11_0_147.jpg,0,0
304258_20210913_3_0_0_3_2_11_0_495,/content/drive/MyDrive/CD2_DSA/raw/val/images/304258_20210913_3_0_0_3_2_11_0_495.jpg,0,0
1522_20210622_3_1_a9_3_2_13_2_94,/content/drive/MyDrive/CD2_DSA/raw/val/images/1522_20210622_3_1_a9_3_2_13_2_94.jpg,1,1
307951_20210914_3_0_0_5_2_11_0_148,/content/drive/MyDrive/CD2_DSA/raw/val/images/307951_20210914_3_0_0_5_2_11_0_148.jpg,0,0
748_20210622_3_1_a9_3_2_13_1_113,/content/drive/MyDrive/CD2_DSA/raw/val/images/748_20210622_3_1_a9_3_2_13_1_113.jpg,1,1
307783_20210914_3_0_0_3_2_11_0_383,/content/drive/MyDrive/CD2_DSA/raw/val/images/307783_20210914_3_0_0_3_2_11_0_383.jpg,0,0
307481_20210914_3_0_0_3_2_11_0_81,/content/drive/MyDrive/CD2_DSA/raw/val/images/307481_20210914_3_0_0_3_2_11_0_81.jpg,0,0
15772_20210622_3_1_a9_3_2_13_2_13,/content/drive/MyDrive/CD2_DSA/raw/val/images/15772_20210622_3_1_a9_3_2_13_2_13.jpg,1,1
66250_20210624_3_0_0_4_2_13_0_151,/content/drive/MyDrive/CD2_DSA/raw/val/images/66250_20210624_3_0_0_4_2_13_0_151.jpg,0,0
16472_20210706_3_1_a9_3_2_13_2_388,/content/drive/MyDrive/CD2_DSA/raw/val/images/16472_20210706_3_1_a9_3_2_13_2_388.jpg,1,1
67508_20210624_3_0_0_1_2_13_0_109,/content/drive/MyDrive/CD2_DSA/raw/val/images/67508_20210624_3_0_0_1_2_13_0_109.jpg,0,0
16602_20210706_3_1_a9_3_2_13_2_453,/content/drive/MyDrive/CD2_DSA/raw/val/images/16602_20210706_3_1_a9_3_2_13_2_453.jpg,1,1
701_20210622_3_1_a9_3_2_13_1_66,/content/drive/MyDrive/CD2_DSA/raw/val/images/701_20210622_3_1_a9_3_2_13_1_66.jpg,1,0
308219_20210914_3_0_0_3_2_11_0_119,/content/drive/MyDrive/CD2_DSA/raw/val/images/308219_20210914_3_0_0_3_2_11_0_119.jpg,0,0
12108_20210624_3_0_0_1_2_13_0_153,/content/drive/MyDrive/CD2_DSA/raw/val/images/12108_20210624_3_0_0_1_2_13_0_153.jpg,0,0
13468_20210624_3_0_0_1_2_13_0_193,/content/drive/MyDrive/CD2_DSA/raw/val/images/13468_20210624_3_0_0_1_2_13_0_193.jpg,0,0
83193_20210624_3_0_0_1_2_13_0_106,/content/drive/MyDrive/CD2_DSA/raw/val/images/83193_20210624_3_0_0_1_2_13_0_106.jpg,0,0
308040_20210914_3_0_0_5_2_11_0_237,/content/drive/MyDrive/CD2_DSA/raw/val/images/308040_20210914_3_0_0_5_2_11_0_237.jpg,0,0
808_20210622_3_1_a9_3_2_13_3_6,/content/drive/MyDrive/CD2_DSA/raw/val/images/808_20210622_3_1_a9_3_2_13_3_6.jpg,1,1
312035_20210914_3_0_0_3_2_11_0_158,/content/drive/MyDrive/CD2_DSA/raw/val/images/312035_20210914_3_0_0_3_2_11_0_158.jpg,0,0
304306_20210913_3_0_0_3_2_11_0_543,/content/drive/MyDrive/CD2_DSA/raw/val/images/304306_20210913_3_0_0_3_2_11_0_543.jpg,0,0
3559_20210629_3_1_a9_3_2_13_1_208,/content/drive/MyDrive/CD2_DSA/raw/val/images/3559_20210629_3_1_a9_3_2_13_1_208.jpg,1,1
308424_20210914_3_0_0_3_2_11_0_324,/content/drive/MyDrive/CD2_DSA/raw/val/images/308424_20210914_3_0_0_3_2_11_0_324.jpg,0,0
5855_20210622_3_1_a9_3_2_13_1_44,/content/drive/MyDrive/CD2_DSA/raw/val/images/5855_20210622_3_1_a9_3_2_13_1_44.jpg,1,1
824_20210622_3_1_a9_3_2_13_3_22,/content/drive/MyDrive/CD2_DSA/raw/val/images/824_20210622_3_1_a9_3_2_13_3_22.jpg,1,1
16942_20210622_3_1_a9_3_2_13_2_32,/content/drive/MyDrive/CD2_DSA/raw/val/images/16942_20210622_3_1_a9_3_2_13_2_32.jpg,1,1
15677_20210706_3_1_a9_3_2_13_3_108,/content/drive/MyDrive/CD2_DSA/raw/val/images/15677_20210706_3_1_a9_3_2_13_3_108.jpg,1,1
16387_20210706_3_1_a9_3_2_13_2_303,/content/drive/MyDrive/CD2_DSA/raw/val/images/16387_20210706_3_1_a9_3_2_13_2_303.jpg,1,1
49124_20210624_3_0_0_1_2_13_0_198,/content/drive/MyDrive/CD2_DSA/raw/val/images/49124_20210624_3_0_0_1_2_13_0_198.jpg,0,0
83321_20210624_3_0_0_1_2_13_0_204,/content/drive/MyDrive/CD2_DSA/raw/val/images/83321_20210624_3_0_0_1_2_13_0_204.jpg,0,0
4740_20210622_3_1_a9_3_2_13_2_108,/content/drive/MyDrive/CD2_DSA/raw/val/images/4740_20210622_3_1_a9_3_2_13_2_108.jpg,1,1
49042_20210624_3_0_0_1_2_13_0_116,/content/drive/MyDrive/CD2_DSA/raw/val/images/49042_20210624_3_0_0_1_2_13_0_116.jpg,0,0
16247_20210706_3_1_a9_3_2_13_2_177,/content/drive/MyDrive/CD2_DSA/raw/val/images/16247_20210706_3_1_a9_3_2_13_2_177.jpg,1,1
304026_20210913_3_0_0_3_2_11_0_263,/content/drive/MyDrive/CD2_DSA/raw/val/images/304026_20210913_3_0_0_3_2_11_0_263.jpg,0,0
2696_20210624_3_0_0_4_2_13_0_165,/content/drive/MyDrive/CD2_DSA/raw/val/images/2696_20210624_3_0_0_4_2_13_0_165.jpg,0,0
308277_20210914_3_0_0_3_2_11_0_177,/content/drive/MyDrive/CD2_DSA/raw/val/images/308277_20210914_3_0_0_3_2_11_0_177.jpg,0,0
95441_20210624_3_0_0_1_2_13_0_107,/content/drive/MyDrive/CD2_DSA/raw/val/images/95441_20210624_3_0_0_1_2_13_0_107.jpg,0,0
3561_20210629_3_1_a9_3_2_13_1_210,/content/drive/MyDrive/CD2_DSA/raw/val/images/3561_20210629_3_1_a9_3_2_13_1_210.jpg,1,0
3731_20210622_3_1_a9_3_2_13_3_9,/content/drive/MyDrive/CD2_DSA/raw/val/images/3731_20210622_3_1_a9_3_2_13_3_9.jpg,1,1
312082_20210914_3_0_0_3_2_11_0_205,/content/drive/MyDrive/CD2_DSA/raw/val/images/312082_20210914_3_0_0_3_2_11_0_205.jpg,0,0
125082_20210624_3_0_0_1_2_13_0_113,/content/drive/MyDrive/CD2_DSA/raw/val/images/125082_20210624_3_0_0_1_2_13_0_113.jpg,0,0
3866_20210629_3_1_a9_3_2_13_3_75,/content/drive/MyDrive/CD2_DSA/raw/val/images/3866_20210629_3_1_a9_3_2_13_3_75.jpg,1,1
49085_20210624_3_0_0_1_2_13_0_159,/content/drive/MyDrive/CD2_DSA/raw/val/images/49085_20210624_3_0_0_1_2_13_0_159.jpg,0,0
1641_20210622_3_1_a9_3_2_13_2_213,/content/drive/MyDrive/CD2_DSA/raw/val/images/1641_20210622_3_1_a9_3_2_13_2_213.jpg,1,1
124678_20210624_3_0_0_1_2_13_0_29,/content/drive/MyDrive/CD2_DSA/raw/val/images/124678_20210624_3_0_0_1_2_13_0_29.jpg,0,0
49872_20210624_3_0_0_3_2_13_0_10,/content/drive/MyDrive/CD2_DSA/raw/val/images/49872_20210624_3_0_0_3_2_13_0_10.jpg,0,0
9063_20210624_3_0_0_2_2_13_0_57,/content/drive/MyDrive/CD2_DSA/raw/val/images/9063_20210624_3_0_0_2_2_13_0_57.jpg,0,0
15590_20210706_3_1_a9_3_2_13_3_21,/content/drive/MyDrive/CD2_DSA/raw/val/images/15590_20210706_3_1_a9_3_2_13_3_21.jpg,1,1
308403_20210914_3_0_0_3_2_11_0_303,/content/drive/MyDrive/CD2_DSA/raw/val/images/308403_20210914_3_0_0_3_2_11_0_303.jpg,0,0
16514_20210706_3_1_a9_3_2_13_3_29,/content/drive/MyDrive/CD2_DSA/raw/val/images/16514_20210706_3_1_a9_3_2_13_3_29.jpg,1,1
15504_20210622_3_1_a9_3_2_13_3_208,/content/drive/MyDrive/CD2_DSA/raw/val/images/15504_20210622_3_1_a9_3_2_13_3_208.jpg,1,1
15490_20210622_3_1_a9_3_2_13_3_194,/content/drive/MyDrive/CD2_DSA/raw/val/images/15490_20210622_3_1_a9_3_2_13_3_194.jpg,1,1
108312_20210624_3_0_0_2_2_13_0_185,/content/drive/MyDrive/CD2_DSA/raw/val/images/108312_20210624_3_0_0_2_2_13_0_185.jpg,0,0
308344_20210914_3_0_0_3_2_11_0_244,/content/drive/MyDrive/CD2_DSA/raw/val/images/308344_20210914_3_0_0_3_2_11_0_244.jpg,0,0
16226_20210706_3_1_a9_3_2_13_2_156,/content/drive/MyDrive/CD2_DSA/raw/val/images/16226_20210706_3_1_a9_3_2_13_2_156.jpg,1,1
861_20210622_3_1_a9_3_2_13_3_59,/content/drive/MyDrive/CD2_DSA/raw/val/images/861_20210622_3_1_a9_3_2_13_3_59.jpg,1,0
312220_20210914_3_0_0_3_2_11_0_343,/content/drive/MyDrive/CD2_DSA/raw/val/images/312220_20210914_3_0_0_3_2_11_0_343.jpg,0,0
15581_20210706_3_1_a9_3_2_13_3_12,/content/drive/MyDrive/CD2_DSA/raw/val/images/15581_20210706_3_1_a9_3_2_13_3_12.jpg,1,0
304186_20210913_3_0_0_3_2_11_0_423,/content/drive/MyDrive/CD2_DSA/raw/val/images/304186_20210913_3_0_0_3_2_11_0_423.jpg,0,0
16072_20210706_3_1_a9_3_2_13_2_82,/content/drive/MyDrive/CD2_DSA/raw/val/images/16072_20210706_3_1_a9_3_2_13_2_82.jpg,1,1
1508_20210622_3_1_a9_3_2_13_2_80,/content/drive/MyDrive/CD2_DSA/raw/val/images/1508_20210622_3_1_a9_3_2_13_2_80.jpg,1,0
308428_20210914_3_0_0_3_2_11_0_328,/content/drive/MyDrive/CD2_DSA/raw/val/images/308428_20210914_3_0_0_3_2_11_0_328.jpg,0,0
308241_20210914_3_0_0_3_2_11_0_141,/content/drive/MyDrive/CD2_DSA/raw/val/images/308241_20210914_3_0_0_3_2_11_0_141.jpg,0,0
304020_20210913_3_0_0_3_2_11_0_257,/content/drive/MyDrive/CD2_DSA/raw/val/images/304020_20210913_3_0_0_3_2_11_0_257.jpg,0,0
307775_20210914_3_0_0_3_2_11_0_375,/content/drive/MyDrive/CD2_DSA/raw/val/images/307775_20210914_3_0_0_3_2_11_0_375.jpg,0,0
1468_20210622_3_1_a9_3_2_13_2_40,/content/drive/MyDrive/CD2_DSA/raw/val/images/1468_20210622_3_1_a9_3_2_13_2_40.jpg,1,1
659_20210622_3_1_a9_3_2_13_1_24,/content/drive/MyDrive/CD2_DSA/raw/val/images/659_20210622_3_1_a9_3_2_13_1_24.jpg,1,1
312158_20210914_3_0_0_3_2_11_0_281,/content/drive/MyDrive/CD2_DSA/raw/val/images/312158_20210914_3_0_0_3_2_11_0_281.jpg,0,0
124699_20210624_3_0_0_1_2_13_0_50,/content/drive/MyDrive/CD2_DSA/raw/val/images/124699_20210624_3_0_0_1_2_13_0_50.jpg,0,0
308130_20210914_3_0_0_3_2_11_0_30,/content/drive/MyDrive/CD2_DSA/raw/val/images/308130_20210914_3_0_0_3_2_11_0_30.jpg,0,0
308400_20210914_3_0_0_3_2_11_0_300,/content/drive/MyDrive/CD2_DSA/raw/val/images/308400_20210914_3_0_0_3_2_11_0_300.jpg,0,0
311990_20210914_3_0_0_3_2_11_0_113,/content/drive/MyDrive/CD2_DSA/raw/val/images/311990_20210914_3_0_0_3_2_11_0_113.jpg,0,0
4505_20210622_3_1_a9_3_2_13_2_73,/content/drive/MyDrive/CD2_DSA/raw/val/images/4505_20210622_3_1_a9_3_2_13_2_73.jpg,1,1
86878_20210624_3_0_0_1_2_13_0_203,/content/drive/MyDrive/CD2_DSA/raw/val/images/86878_20210624_3_0_0_1_2_13_0_203.jpg,0,0
16529_20210706_3_1_a9_3_2_13_3_44,/content/drive/MyDrive/CD2_DSA/raw/val/images/16529_20210706_3_1_a9_3_2_13_3_44.jpg,1,0
1027_20210624_3_0_0_1_2_13_0_82,/content/drive/MyDrive/CD2_DSA/raw/val/images/1027_20210624_3_0_0_1_2_13_0_82.jpg,0,0
308008_20210914_3_0_0_5_2_11_0_205,/content/drive/MyDrive/CD2_DSA/raw/val/images/308008_20210914_3_0_0_5_2_11_0_205.jpg,0,0
10418_20210624_3_0_0_1_2_13_0_14,/content/drive/MyDrive/CD2_DSA/raw/val/images/10418_20210624_3_0_0_1_2_13_0_14.jpg,0,0
307421_20210914_3_0_0_3_2_11_0_21,/content/drive/MyDrive/CD2_DSA/raw/val/images/307421_20210914_3_0_0_3_2_11_0_21.jpg,0,0
16710_20210706_3_1_a9_3_2_13_2_561,/content/drive/MyDrive/CD2_DSA/raw/val/images/16710_20210706_3_1_a9_3_2_13_2_561.jpg,1,1
67651_20210624_3_0_0_1_2_13_0_222,/content/drive/MyDrive/CD2_DSA/raw/val/images/67651_20210624_3_0_0_1_2_13_0_222.jpg,0,0
308020_20210914_3_0_0_5_2_11_0_217,/content/drive/MyDrive/CD2_DSA/raw/val/images/308020_20210914_3_0_0_5_2_11_0_217.jpg,0,0
17073_20210622_3_1_a9_3_2_13_1_194,/content/drive/MyDrive/CD2_DSA/raw/val/images/17073_20210622_3_1_a9_3_2_13_1_194.jpg,1,0
15578_20210706_3_1_a9_3_2_13_3_9,/content/drive/MyDrive/CD2_DSA/raw/val/images/15578_20210706_3_1_a9_3_2_13_3_9.jpg,1,1
312026_20210914_3_0_0_3_2_11_0_149,/content/drive/MyDrive/CD2_DSA/raw/val/images/312026_20210914_3_0_0_3_2_11_0_149.jpg,0,0
308627_20210914_3_0_0_5_2_11_0_104,/content/drive/MyDrive/CD2_DSA/raw/val/images/308627_20210914_3_0_0_5_2_11_0_104.jpg,0,0
307810_20210914_3_0_0_5_2_11_0_7,/content/drive/MyDrive/CD2_DSA/raw/val/images/307810_20210914_3_0_0_5_2_11_0_7.jpg,0,0
307942_20210914_3_0_0_5_2_11_0_139,/content/drive/MyDrive/CD2_DSA/raw/val/images/307942_20210914_3_0_0_5_2_11_0_139.jpg,0,0
82831_20210624_3_0_0_1_2_13_0_2,/content/drive/MyDrive/CD2_DSA/raw/val/images/82831_20210624_3_0_0_1_2_13_0_2.jpg,0,0
311981_20210914_3_0_0_3_2_11_0_104,/content/drive/MyDrive/CD2_DSA/raw/val/images/311981_20210914_3_0_0_3_2_11_0_104.jpg,0,0
311886_20210914_3_0_0_3_2_11_0_9,/content/drive/MyDrive/CD2_DSA/raw/val/images/311886_20210914_3_0_0_3_2_11_0_9.jpg,0,0
304263_20210913_3_0_0_3_2_11_0_500,/content/drive/MyDrive/CD2_DSA/raw/val/images/304263_20210913_3_0_0_3_2_11_0_500.jpg,0,0
311951_20210914_3_0_0_3_2_11_0_74,/content/drive/MyDrive/CD2_DSA/raw/val/images/311951_20210914_3_0_0_3_2_11_0_74.jpg,0,0
13672_20210624_3_0_0_1_2_13_0_198,/content/drive/MyDrive/CD2_DSA/raw/val/images/13672_20210624_3_0_0_1_2_13_0_198.jpg,0,0
15357_20210622_3_1_a9_3_2_13_3_61,/content/drive/MyDrive/CD2_DSA/raw/val/images/15357_20210622_3_1_a9_3_2_13_3_61.jpg,1,0
1674_20210622_3_1_a9_3_2_13_2_246,/content/drive/MyDrive/CD2_DSA/raw/val/images/1674_20210622_3_1_a9_3_2_13_2_246.jpg,1,1
308242_20210914_3_0_0_3_2_11_0_142,/content/drive/MyDrive/CD2_DSA/raw/val/images/308242_20210914_3_0_0_3_2_11_0_142.jpg,0,0
1058_20210624_3_0_0_1_2_13_0_113,/content/drive/MyDrive/CD2_DSA/raw/val/images/1058_20210624_3_0_0_1_2_13_0_113.jpg,0,0
1447_20210622_3_1_a9_3_2_13_2_19,/content/drive/MyDrive/CD2_DSA/raw/val/images/1447_20210622_3_1_a9_3_2_13_2_19.jpg,1,1
16686_20210706_3_1_a9_3_2_13_2_537,/content/drive/MyDrive/CD2_DSA/raw/val/images/16686_20210706_3_1_a9_3_2_13_2_537.jpg,1,1
49120_20210624_3_0_0_1_2_13_0_194,/content/drive/MyDrive/CD2_DSA/raw/val/images/49120_20210624_3_0_0_1_2_13_0_194.jpg,0,0
32331_20210624_3_0_0_4_2_13_0_34,/content/drive/MyDrive/CD2_DSA/raw/val/images/32331_20210624_3_0_0_4_2_13_0_34.jpg,0,0
125599_20210624_3_0_0_2_2_13_0_3,/content/drive/MyDrive/CD2_DSA/raw/val/images/125599_20210624_3_0_0_2_2_13_0_3.jpg,0,0
3239_20210629_3_1_a9_3_2_13_1_94,/content/drive/MyDrive/CD2_DSA/raw/val/images/3239_20210629_3_1_a9_3_2_13_1_94.jpg,1,1
14368_20210624_3_0_0_3_2_13_0_90,/content/drive/MyDrive/CD2_DSA/raw/val/images/14368_20210624_3_0_0_3_2_13_0_90.jpg,0,0
3684_20210629_3_1_a9_3_2_13_2_63,/content/drive/MyDrive/CD2_DSA/raw/val/images/3684_20210629_3_1_a9_3_2_13_2_63.jpg,1,0
103757_20210624_3_0_0_4_2_13_0_35,/content/drive/MyDrive/CD2_DSA/raw/val/images/103757_20210624_3_0_0_4_2_13_0_35.jpg,0,0
65891_20210624_3_0_0_4_2_13_0_22,/content/drive/MyDrive/CD2_DSA/raw/val/images/65891_20210624_3_0_0_4_2_13_0_22.jpg,0,0
907_20210622_3_1_a9_3_2_13_3_105,/content/drive/MyDrive/CD2_DSA/raw/val/images/907_20210622_3_1_a9_3_2_13_3_105.jpg,1,1
15652_20210706_3_1_a9_3_2_13_3_83,/content/drive/MyDrive/CD2_DSA/raw/val/images/15652_20210706_3_1_a9_3_2_13_3_83.jpg,1,1
307612_20210914_3_0_0_3_2_11_0_212,/content/drive/MyDrive/CD2_DSA/raw/val/images/307612_20210914_3_0_0_3_2_11_0_212.jpg,0,0
125096_20210624_3_0_0_1_2_13_0_127,/content/drive/MyDrive/CD2_DSA/raw/val/images/125096_20210624_3_0_0_1_2_13_0_127.jpg,0,0
312072_20210914_3_0_0_3_2_11_0_195,/content/drive/MyDrive/CD2_DSA/raw/val/images/312072_20210914_3_0_0_3_2_11_0_195.jpg,0,0
5732_20210622_3_1_a9_3_2_13_1_17,/content/drive/MyDrive/CD2_DSA/raw/val/images/5732_20210622_3_1_a9_3_2_13_1_17.jpg,1,1
26117_20210624_3_0_0_5_2_13_0_166,/content/drive/MyDrive/CD2_DSA/raw/val/images/26117_20210624_3_0_0_5_2_13_0_166.jpg,0,0
949_20210624_3_0_0_1_2_13_0_4,/content/drive/MyDrive/CD2_DSA/raw/val/images/949_20210624_3_0_0_1_2_13_0_4.jpg,0,0
975_20210624_3_0_0_1_2_13_0_30,/content/drive/MyDrive/CD2_DSA/raw/val/images/975_20210624_3_0_0_1_2_13_0_30.jpg,0,0
656_20210622_3_1_a9_3_2_13_1_21,/content/drive/MyDrive/CD2_DSA/raw/val/images/656_20210622_3_1_a9_3_2_13_1_21.jpg,1,1
14613_20210624_3_0_0_3_2_13_0_125,/content/drive/MyDrive/CD2_DSA/raw/val/images/14613_20210624_3_0_0_3_2_13_0_125.jpg,0,0
7101_20210624_3_0_0_1_2_13_0_145,/content/drive/MyDrive/CD2_DSA/raw/val/images/7101_20210624_3_0_0_1_2_13_0_145.jpg,0,0
95487_20210624_3_0_0_1_2_13_0_153,/content/drive/MyDrive/CD2_DSA/raw/val/images/95487_20210624_3_0_0_1_2_13_0_153.jpg,0,0
15132_20210622_3_1_a9_3_2_13_3_43,/content/drive/MyDrive/CD2_DSA/raw/val/images/15132_20210622_3_1_a9_3_2_13_3_43.jpg,1,0
5250_20210622_3_1_a9_3_2_13_2_126,/content/drive/MyDrive/CD2_DSA/raw/val/images/5250_20210622_3_1_a9_3_2_13_2_126.jpg,1,1
307990_20210914_3_0_0_5_2_11_0_187,/content/drive/MyDrive/CD2_DSA/raw/val/images/307990_20210914_3_0_0_5_2_11_0_187.jpg,0,0
304237_20210913_3_0_0_3_2_11_0_474,/content/drive/MyDrive/CD2_DSA/raw/val/images/304237_20210913_3_0_0_3_2_11_0_474.jpg,0,0
312172_20210914_3_0_0_3_2_11_0_295,/content/drive/MyDrive/CD2_DSA/raw/val/images/312172_20210914_3_0_0_3_2_11_0_295.jpg,0,0
308029_20210914_3_0_0_5_2_11_0_226,/content/drive/MyDrive/CD2_DSA/raw/val/images/308029_20210914_3_0_0_5_2_11_0_226.jpg,0,0
7785_20210622_3_1_a9_3_2_13_1_232,/content/drive/MyDrive/CD2_DSA/raw/val/images/7785_20210622_3_1_a9_3_2_13_1_232.jpg,1,1
15362_20210622_3_1_a9_3_2_13_3_66,/content/drive/MyDrive/CD2_DSA/raw/val/images/15362_20210622_3_1_a9_3_2_13_3_66.jpg,1,1
307811_20210914_3_0_0_5_2_11_0_8,/content/drive/MyDrive/CD2_DSA/raw/val/images/307811_20210914_3_0_0_5_2_11_0_8.jpg,0,0
49862_20210624_3_0_0_3_2_13_0_0,/content/drive/MyDrive/CD2_DSA/raw/val/images/49862_20210624_3_0_0_3_2_13_0_0.jpg,0,0
95273_20210624_3_0_0_1_2_13_0_94,/content/drive/MyDrive/CD2_DSA/raw/val/images/95273_20210624_3_0_0_1_2_13_0_94.jpg,0,0
311754_20210803_3_0_0_3_2_11_0_86,/content/drive/MyDrive/CD2_DSA/raw/val/images/311754_20210803_3_0_0_3_2_11_0_86.jpg,0,0
16300_20210706_3_1_a9_3_2_13_2_230,/content/drive/MyDrive/CD2_DSA/raw/val/images/16300_20210706_3_1_a9_3_2_13_2_230.jpg,1,1
312041_20210914_3_0_0_3_2_11_0_164,/content/drive/MyDrive/CD2_DSA/raw/val/images/312041_20210914_3_0_0_3_2_11_0_164.jpg,0,0
953_20210624_3_0_0_1_2_13_0_8,/content/drive/MyDrive/CD2_DSA/raw/val/images/953_20210624_3_0_0_1_2_13_0_8.jpg,0,0
308471_20210914_3_0_0_3_2_11_0_371,/content/drive/MyDrive/CD2_DSA/raw/val/images/308471_20210914_3_0_0_3_2_11_0_371.jpg,0,0
16836_20210713_3_1_a9_3_2_13_3_98,/content/drive/MyDrive/CD2_DSA/raw/val/images/16836_20210713_3_1_a9_3_2_13_3_98.jpg,1,0
307526_20210914_3_0_0_3_2_11_0_126,/content/drive/MyDrive/CD2_DSA/raw/val/images/307526_20210914_3_0_0_3_2_11_0_126.jpg,0,0
16543_20210706_3_1_a9_3_2_13_3_58,/content/drive/MyDrive/CD2_DSA/raw/val/images/16543_20210706_3_1_a9_3_2_13_3_58.jpg,1,0
106581_20210624_3_0_0_1_2_13_0_178,/content/drive/MyDrive/CD2_DSA/raw/val/images/106581_20210624_3_0_0_1_2_13_0_178.jpg,0,0
3231_20210629_3_1_a9_3_2_13_1_86,/content/drive/MyDrive/CD2_DSA/raw/val/images/3231_20210629_3_1_a9_3_2_13_1_86.jpg,1,1
9107_20210624_3_0_0_2_2_13_0_101,/content/drive/MyDrive/CD2_DSA/raw/val/images/9107_20210624_3_0_0_2_2_13_0_101.jpg,0,0
16104_20210706_3_1_a9_3_2_13_2_114,/content/drive/MyDrive/CD2_DSA/raw/val/images/16104_20210706_3_1_a9_3_2_13_2_114.jpg,1,1
11888_20210624_3_0_0_1_2_13_0_134,/content/drive/MyDrive/CD2_DSA/raw/val/images/11888_20210624_3_0_0_1_2_13_0_134.jpg,0,0
308780_20210914_3_0_0_5_2_11_0_256,/content/drive/MyDrive/CD2_DSA/raw/val/images/308780_20210914_3_0_0_5_2_11_0_256.jpg,0,0
104116_20210624_3_0_0_4_2_13_0_194,/content/drive/MyDrive/CD2_DSA/raw/val/images/104116_20210624_3_0_0_4_2_13_0_194.jpg,0,0
304280_20210913_3_0_0_3_2_11_0_517,/content/drive/MyDrive/CD2_DSA/raw/val/images/304280_20210913_3_0_0_3_2_11_0_517.jpg,0,0
16221_20210706_3_1_a9_3_2_13_2_151,/content/drive/MyDrive/CD2_DSA/raw/val/images/16221_20210706_3_1_a9_3_2_13_2_151.jpg,1,1
26212_20210624_3_0_0_5_2_13_0_173,/content/drive/MyDrive/CD2_DSA/raw/val/images/26212_20210624_3_0_0_5_2_13_0_173.jpg,0,0
86856_20210624_3_0_0_1_2_13_0_181,/content/drive/MyDrive/CD2_DSA/raw/val/images/86856_20210624_3_0_0_1_2_13_0_181.jpg,0,0
307690_20210914_3_0_0_3_2_11_0_290,/content/drive/MyDrive/CD2_DSA/raw/val/images/307690_20210914_3_0_0_3_2_11_0_290.jpg,0,0
6499_20210622_3_1_a9_3_2_13_1_127,/content/drive/MyDrive/CD2_DSA/raw/val/images/6499_20210622_3_1_a9_3_2_13_1_127.jpg,1,1
108301_20210624_3_0_0_2_2_13_0_174,/content/drive/MyDrive/CD2_DSA/raw/val/images/108301_20210624_3_0_0_2_2_13_0_174.jpg,0,0
667_20210622_3_1_a9_3_2_13_1_32,/content/drive/MyDrive/CD2_DSA/raw/val/images/667_20210622_3_1_a9_3_2_13_1_32.jpg,1,0
703_20210622_3_1_a9_3_2_13_1_68,/content/drive/MyDrive/CD2_DSA/raw/val/images/703_20210622_3_1_a9_3_2_13_1_68.jpg,1,1
2437_20210624_3_0_0_4_2_13_0_24,/content/drive/MyDrive/CD2_DSA/raw/val/images/2437_20210624_3_0_0_4_2_13_0_24.jpg,0,0
86569_20210624_3_0_0_1_2_13_0_138,/content/drive/MyDrive/CD2_DSA/raw/val/images/86569_20210624_3_0_0_1_2_13_0_138.jpg,0,0
15783_20210622_3_1_a9_3_2_13_2_24,/content/drive/MyDrive/CD2_DSA/raw/val/images/15783_20210622_3_1_a9_3_2_13_2_24.jpg,1,1
109499_20210624_3_0_0_3_2_13_0_113,/content/drive/MyDrive/CD2_DSA/raw/val/images/109499_20210624_3_0_0_3_2_13_0_113.jpg,0,0
308478_20210914_3_0_0_3_2_11_0_378,/content/drive/MyDrive/CD2_DSA/raw/val/images/308478_20210914_3_0_0_3_2_11_0_378.jpg,0,0
304230_20210913_3_0_0_3_2_11_0_467,/content/drive/MyDrive/CD2_DSA/raw/val/images/304230_20210913_3_0_0_3_2_11_0_467.jpg,0,0
304293_20210913_3_0_0_3_2_11_0_530,/content/drive/MyDrive/CD2_DSA/raw/val/images/304293_20210913_3_0_0_3_2_11_0_530.jpg,0,0
307406_20210914_3_0_0_3_2_11_0_6,/content/drive/MyDrive/CD2_DSA/raw/val/images/307406_20210914_3_0_0_3_2_11_0_6.jpg,0,0
86839_20210624_3_0_0_1_2_13_0_164,/content/drive/MyDrive/CD2_DSA/raw/val/images/86839_20210624_3_0_0_1_2_13_0_164.jpg,0,0
308544_20210914_3_0_0_5_2_11_0_20,/content/drive/MyDrive/CD2_DSA/raw/val/images/308544_20210914_3_0_0_5_2_11_0_20.jpg,0,0
16413_20210706_3_1_a9_3_2_13_2_329,/content/drive/MyDrive/CD2_DSA/raw/val/images/16413_20210706_3_1_a9_3_2_13_2_329.jpg,1,0
12001_20210624_3_0_0_1_2_13_0_142,/content/drive/MyDrive/CD2_DSA/raw/val/images/12001_20210624_3_0_0_1_2_13_0_142.jpg,0,0
49083_20210624_3_0_0_1_2_13_0_157,/content/drive/MyDrive/CD2_DSA/raw/val/images/49083_20210624_3_0_0_1_2_13_0_157.jpg,0,0
83257_20210624_3_0_0_1_2_13_0_170,/content/drive/MyDrive/CD2_DSA/raw/val/images/83257_20210624_3_0_0_1_2_13_0_170.jpg,0,0
16695_20210706_3_1_a9_3_2_13_2_546,/content/drive/MyDrive/CD2_DSA/raw/val/images/16695_20210706_3_1_a9_3_2_13_2_546.jpg,1,1
5856_20210622_3_1_a9_3_2_13_1_45,/content/drive/MyDrive/CD2_DSA/raw/val/images/5856_20210622_3_1_a9_3_2_13_1_45.jpg,1,1
95461_20210624_3_0_0_1_2_13_0_127,/content/drive/MyDrive/CD2_DSA/raw/val/images/95461_20210624_3_0_0_1_2_13_0_127.jpg,0,0
308770_20210914_3_0_0_5_2_11_0_246,/content/drive/MyDrive/CD2_DSA/raw/val/images/308770_20210914_3_0_0_5_2_11_0_246.jpg,0,0
16290_20210706_3_1_a9_3_2_13_2_220,/content/drive/MyDrive/CD2_DSA/raw/val/images/16290_20210706_3_1_a9_3_2_13_2_220.jpg,1,0
308692_20210914_3_0_0_5_2_11_0_169,/content/drive/MyDrive/CD2_DSA/raw/val/images/308692_20210914_3_0_0_5_2_11_0_169.jpg,0,0
16367_20210706_3_1_a9_3_2_13_2_297,/content/drive/MyDrive/CD2_DSA/raw/val/images/16367_20210706_3_1_a9_3_2_13_2_297.jpg,1,1
1704_20210622_3_1_a9_3_2_13_2_276,/content/drive/MyDrive/CD2_DSA/raw/val/images/1704_20210622_3_1_a9_3_2_13_2_276.jpg,1,0
16913_20210622_3_1_a9_3_2_13_2_2,/content/drive/MyDrive/CD2_DSA/raw/val/images/16913_20210622_3_1_a9_3_2_13_2_2.jpg,1,1
83244_20210624_3_0_0_1_2_13_0_157,/content/drive/MyDrive/CD2_DSA/raw/val/images/83244_20210624_3_0_0_1_2_13_0_157.jpg,0,0
67484_20210624_3_0_0_1_2_13_0_85,/content/drive/MyDrive/CD2_DSA/raw/val/images/67484_20210624_3_0_0_1_2_13_0_85.jpg,0,0
15776_20210622_3_1_a9_3_2_13_2_17,/content/drive/MyDrive/CD2_DSA/raw/val/images/15776_20210622_3_1_a9_3_2_13_2_17.jpg,1,1
1517_20210622_3_1_a9_3_2_13_2_89,/content/drive/MyDrive/CD2_DSA/raw/val/images/1517_20210622_3_1_a9_3_2_13_2_89.jpg,1,1
308819_20210914_3_0_0_5_2_11_0_295,/content/drive/MyDrive/CD2_DSA/raw/val/images/308819_20210914_3_0_0_5_2_11_0_295.jpg,0,0
312004_20210914_3_0_0_3_2_11_0_127,/content/drive/MyDrive/CD2_DSA/raw/val/images/312004_20210914_3_0_0_3_2_11_0_127.jpg,0,0
11883_20210624_3_0_0_1_2_13_0_129,/content/drive/MyDrive/CD2_DSA/raw/val/images/11883_20210624_3_0_0_1_2_13_0_129.jpg,0,0
15576_20210706_3_1_a9_3_2_13_3_7,/content/drive/MyDrive/CD2_DSA/raw/val/images/15576_20210706_3_1_a9_3_2_13_3_7.jpg,1,1
125124_20210624_3_0_0_1_2_13_0_155,/content/drive/MyDrive/CD2_DSA/raw/val/images/125124_20210624_3_0_0_1_2_13_0_155.jpg,0,0
1479_20210622_3_1_a9_3_2_13_2_51,/content/drive/MyDrive/CD2_DSA/raw/val/images/1479_20210622_3_1_a9_3_2_13_2_51.jpg,1,1
16587_20210706_3_1_a9_3_2_13_2_438,/content/drive/MyDrive/CD2_DSA/raw/val/images/16587_20210706_3_1_a9_3_2_13_2_438.jpg,1,1
109388_20210624_3_0_0_3_2_13_0_2,/content/drive/MyDrive/CD2_DSA/raw/val/images/109388_20210624_3_0_0_3_2_13_0_2.jpg,0,0
308281_20210914_3_0_0_3_2_11_0_181,/content/drive/MyDrive/CD2_DSA/raw/val/images/308281_20210914_3_0_0_3_2_11_0_181.jpg,0,0
32324_20210624_3_0_0_4_2_13_0_27,/content/drive/MyDrive/CD2_DSA/raw/val/images/32324_20210624_3_0_0_4_2_13_0_27.jpg,0,0
84074_20210708_3_0_0_1_2_13_0_140,/content/drive/MyDrive/CD2_DSA/raw/val/images/84074_20210708_3_0_0_1_2_13_0_140.jpg,0,0
4381_20210622_3_1_a9_3_2_13_2_49,/content/drive/MyDrive/CD2_DSA/raw/val/images/4381_20210622_3_1_a9_3_2_13_2_49.jpg,1,1
15598_20210706_3_1_a9_3_2_13_3_29,/content/drive/MyDrive/CD2_DSA/raw/val/images/15598_20210706_3_1_a9_3_2_13_3_29.jpg,1,1
672_20210622_3_1_a9_3_2_13_1_37,/content/drive/MyDrive/CD2_DSA/raw/val/images/672_20210622_3_1_a9_3_2_13_1_37.jpg,1,0
170820_20210624_3_0_0_5_2_13_0_14,/content/drive/MyDrive/CD2_DSA/raw/val/images/170820_20210624_3_0_0_5_2_13_0_14.jpg,0,0
67540_20210624_3_0_0_1_2_13_0_141,/content/drive/MyDrive/CD2_DSA/raw/val/images/67540_20210624_3_0_0_1_2_13_0_141.jpg,0,0
170889_20210624_3_0_0_5_2_13_0_83,/content/drive/MyDrive/CD2_DSA/raw/val/images/170889_20210624_3_0_0_5_2_13_0_83.jpg,0,0
700_20210622_3_1_a9_3_2_13_1_65,/content/drive/MyDrive/CD2_DSA/raw/val/images/700_20210622_3_1_a9_3_2_13_1_65.jpg,1,0
6491_20210622_3_1_a9_3_2_13_1_119,/content/drive/MyDrive/CD2_DSA/raw/val/images/6491_20210622_3_1_a9_3_2_13_1_119.jpg,1,0
15471_20210622_3_1_a9_3_2_13_3_175,/content/drive/MyDrive/CD2_DSA/raw/val/images/15471_20210622_3_1_a9_3_2_13_3_175.jpg,1,1
71153_20210624_3_0_0_3_2_13_0_6,/content/drive/MyDrive/CD2_DSA/raw/val/images/71153_20210624_3_0_0_3_2_13_0_6.jpg,0,0
71195_20210624_3_0_0_3_2_13_0_48,/content/drive/MyDrive/CD2_DSA/raw/val/images/71195_20210624_3_0_0_3_2_13_0_48.jpg,0,0
16493_20210706_3_1_a9_3_2_13_3_8,/content/drive/MyDrive/CD2_DSA/raw/val/images/16493_20210706_3_1_a9_3_2_13_3_8.jpg,1,0
307849_20210914_3_0_0_5_2_11_0_46,/content/drive/MyDrive/CD2_DSA/raw/val/images/307849_20210914_3_0_0_5_2_11_0_46.jpg,0,0
307516_20210914_3_0_0_3_2_11_0_116,/content/drive/MyDrive/CD2_DSA/raw/val/images/307516_20210914_3_0_0_3_2_11_0_116.jpg,0,0
17078_20210622_3_1_a9_3_2_13_1_199,/content/drive/MyDrive/CD2_DSA/raw/val/images/17078_20210622_3_1_a9_3_2_13_1_199.jpg,1,0
14608_20210624_3_0_0_3_2_13_0_120,/content/drive/MyDrive/CD2_DSA/raw/val/images/14608_20210624_3_0_0_3_2_13_0_120.jpg,0,0
910_20210622_3_1_a9_3_2_13_3_108,/content/drive/MyDrive/CD2_DSA/raw/val/images/910_20210622_3_1_a9_3_2_13_3_108.jpg,1,1
7198_20210624_3_0_0_1_2_13_0_242,/content/drive/MyDrive/CD2_DSA/raw/val/images/7198_20210624_3_0_0_1_2_13_0_242.jpg,0,0
103746_20210624_3_0_0_4_2_13_0_24,/content/drive/MyDrive/CD2_DSA/raw/val/images/103746_20210624_3_0_0_4_2_13_0_24.jpg,0,0
308173_20210914_3_0_0_3_2_11_0_73,/content/drive/MyDrive/CD2_DSA/raw/val/images/308173_20210914_3_0_0_3_2_11_0_73.jpg,0,0
16603_20210706_3_1_a9_3_2_13_2_454,/content/drive/MyDrive/CD2_DSA/raw/val/images/16603_20210706_3_1_a9_3_2_13_2_454.jpg,1,1
7105_20210624_3_0_0_1_2_13_0_149,/content/drive/MyDrive/CD2_DSA/raw/val/images/7105_20210624_3_0_0_1_2_13_0_149.jpg,0,0
17050_20210622_3_1_a9_3_2_13_1_171,/content/drive/MyDrive/CD2_DSA/raw/val/images/17050_20210622_3_1_a9_3_2_13_1_171.jpg,1,1
16634_20210706_3_1_a9_3_2_13_2_485,/content/drive/MyDrive/CD2_DSA/raw/val/images/16634_20210706_3_1_a9_3_2_13_2_485.jpg,1,1
636_20210622_3_1_a9_3_2_13_1_1,/content/drive/MyDrive/CD2_DSA/raw/val/images/636_20210622_3_1_a9_3_2_13_1_1.jpg,1,1
3778_20210629_3_1_a9_3_2_13_2_108,/content/drive/MyDrive/CD2_DSA/raw/val/images/3778_20210629_3_1_a9_3_2_13_2_108.jpg,1,1
1582_20210622_3_1_a9_3_2_13_2_154,/content/drive/MyDrive/CD2_DSA/raw/val/images/1582_20210622_3_1_a9_3_2_13_2_154.jpg,1,1
96081_20210624_3_0_0_3_2_13_0_135,/content/drive/MyDrive/CD2_DSA/raw/val/images/96081_20210624_3_0_0_3_2_13_0_135.jpg,0,0
2359_20210624_3_0_0_3_2_13_0_46,/content/drive/MyDrive/CD2_DSA/raw/val/images/2359_20210624_3_0_0_3_2_13_0_46.jpg,0,0
308633_20210914_3_0_0_5_2_11_0_110,/content/drive/MyDrive/CD2_DSA/raw/val/images/308633_20210914_3_0_0_5_2_11_0_110.jpg,0,0
66318_20210624_3_0_0_4_2_13_0_219,/content/drive/MyDrive/CD2_DSA/raw/val/images/66318_20210624_3_0_0_4_2_13_0_219.jpg,0,0
125123_20210624_3_0_0_1_2_13_0_154,/content/drive/MyDrive/CD2_DSA/raw/val/images/125123_20210624_3_0_0_1_2_13_0_154.jpg,0,0
308094_20210914_3_0_0_5_2_11_0_291,/content/drive/MyDrive/CD2_DSA/raw/val/images/308094_20210914_3_0_0_5_2_11_0_291.jpg,0,0
3440_20210629_3_1_a9_3_2_13_1_195,/content/drive/MyDrive/CD2_DSA/raw/val/images/3440_20210629_3_1_a9_3_2_13_1_195.jpg,1,1
881_20210622_3_1_a9_3_2_13_3_79,/content/drive/MyDrive/CD2_DSA/raw/val/images/881_20210622_3_1_a9_3_2_13_3_79.jpg,1,1
312161_20210914_3_0_0_3_2_11_0_284,/content/drive/MyDrive/CD2_DSA/raw/val/images/312161_20210914_3_0_0_3_2_11_0_284.jpg,0,0
307818_20210914_3_0_0_5_2_11_0_15,/content/drive/MyDrive/CD2_DSA/raw/val/images/307818_20210914_3_0_0_5_2_11_0_15.jpg,0,0
106226_20210624_3_0_0_1_2_13_0_23,/content/drive/MyDrive/CD2_DSA/raw/val/images/106226_20210624_3_0_0_1_2_13_0_23.jpg,0,0
311757_20210803_3_0_0_3_2_11_0_89,/content/drive/MyDrive/CD2_DSA/raw/val/images/311757_20210803_3_0_0_3_2_11_0_89.jpg,0,0
308513_20210914_3_0_0_3_2_11_0_413,/content/drive/MyDrive/CD2_DSA/raw/val/images/308513_20210914_3_0_0_3_2_11_0_413.jpg,0,0
308378_20210914_3_0_0_3_2_11_0_278,/content/drive/MyDrive/CD2_DSA/raw/val/images/308378_20210914_3_0_0_3_2_11_0_278.jpg,0,0
3160_20210629_3_1_a9_3_2_13_1_15,/content/drive/MyDrive/CD2_DSA/raw/val/images/3160_20210629_3_1_a9_3_2_13_1_15.jpg,1,1
16255_20210706_3_1_a9_3_2_13_2_185,/content/drive/MyDrive/CD2_DSA/raw/val/images/16255_20210706_3_1_a9_3_2_13_2_185.jpg,1,1
26097_20210624_3_0_0_5_2_13_0_146,/content/drive/MyDrive/CD2_DSA/raw/val/images/26097_20210624_3_0_0_5_2_13_0_146.jpg,0,0
95186_20210624_3_0_0_1_2_13_0_7,/content/drive/MyDrive/CD2_DSA/raw/val/images/95186_20210624_3_0_0_1_2_13_0_7.jpg,0,0
308179_20210914_3_0_0_3_2_11_0_79,/content/drive/MyDrive/CD2_DSA/raw/val/images/308179_20210914_3_0_0_3_2_11_0_79.jpg,0,0
9166_20210624_3_0_0_2_2_13_0_160,/content/drive/MyDrive/CD2_DSA/raw/val/images/9166_20210624_3_0_0_2_2_13_0_160.jpg,0,0
1034_20210624_3_0_0_1_2_13_0_89,/content/drive/MyDrive/CD2_DSA/raw/val/images/1034_20210624_3_0_0_1_2_13_0_89.jpg,0,0
106566_20210624_3_0_0_1_2_13_0_163,/content/drive/MyDrive/CD2_DSA/raw/val/images/106566_20210624_3_0_0_1_2_13_0_163.jpg,0,0
308525_20210914_3_0_0_5_2_11_0_1,/content/drive/MyDrive/CD2_DSA/raw/val/images/308525_20210914_3_0_0_5_2_11_0_1.jpg,0,0
66252_20210624_3_0_0_4_2_13_0_153,/content/drive/MyDrive/CD2_DSA/raw/val/images/66252_20210624_3_0_0_4_2_13_0_153.jpg,0,0
307921_20210914_3_0_0_5_2_11_0_118,/content/drive/MyDrive/CD2_DSA/raw/val/images/307921_20210914_3_0_0_5_2_11_0_118.jpg,0,0
307858_20210914_3_0_0_5_2_11_0_55,/content/drive/MyDrive/CD2_DSA/raw/val/images/307858_20210914_3_0_0_5_2_11_0_55.jpg,0,0
86837_20210624_3_0_0_1_2_13_0_162,/content/drive/MyDrive/CD2_DSA/raw/val/images/86837_20210624_3_0_0_1_2_13_0_162.jpg,0,0
923_20210622_3_1_a9_3_2_13_3_121,/content/drive/MyDrive/CD2_DSA/raw/val/images/923_20210622_3_1_a9_3_2_13_3_121.jpg,1,1
65878_20210624_3_0_0_4_2_13_0_9,/content/drive/MyDrive/CD2_DSA/raw/val/images/65878_20210624_3_0_0_4_2_13_0_9.jpg,0,0
311922_20210914_3_0_0_3_2_11_0_45,/content/drive/MyDrive/CD2_DSA/raw/val/images/311922_20210914_3_0_0_3_2_11_0_45.jpg,0,0
67405_20210624_3_0_0_1_2_13_0_6,/content/drive/MyDrive/CD2_DSA/raw/val/images/67405_20210624_3_0_0_1_2_13_0_6.jpg,0,0
681_20210622_3_1_a9_3_2_13_1_46,/content/drive/MyDrive/CD2_DSA/raw/val/images/681_20210622_3_1_a9_3_2_13_1_46.jpg,1,1
66282_20210624_3_0_0_4_2_13_0_183,/content/drive/MyDrive/CD2_DSA/raw/val/images/66282_20210624_3_0_0_4_2_13_0_183.jpg,0,0
312164_20210914_3_0_0_3_2_11_0_287,/content/drive/MyDrive/CD2_DSA/raw/val/images/312164_20210914_3_0_0_3_2_11_0_287.jpg,0,0
16082_20210706_3_1_a9_3_2_13_2_92,/content/drive/MyDrive/CD2_DSA/raw/val/images/16082_20210706_3_1_a9_3_2_13_2_92.jpg,1,1
64652_20210624_3_0_0_1_2_13_0_16,/content/drive/MyDrive/CD2_DSA/raw/val/images/64652_20210624_3_0_0_1_2_13_0_16.jpg,0,0
16776_20210713_3_1_a9_3_2_13_3_38,/content/drive/MyDrive/CD2_DSA/raw/val/images/16776_20210713_3_1_a9_3_2_13_3_38.jpg,1,0
3347_20210629_3_1_a9_3_2_13_1_102,/content/drive/MyDrive/CD2_DSA/raw/val/images/3347_20210629_3_1_a9_3_2_13_1_102.jpg,1,1
14603_20210624_3_0_0_3_2_13_0_115,/content/drive/MyDrive/CD2_DSA/raw/val/images/14603_20210624_3_0_0_3_2_13_0_115.jpg,0,0
307508_20210914_3_0_0_3_2_11_0_108,/content/drive/MyDrive/CD2_DSA/raw/val/images/307508_20210914_3_0_0_3_2_11_0_108.jpg,0,0
67479_20210624_3_0_0_1_2_13_0_80,/content/drive/MyDrive/CD2_DSA/raw/val/images/67479_20210624_3_0_0_1_2_13_0_80.jpg,0,0
304167_20210913_3_0_0_3_2_11_0_404,/content/drive/MyDrive/CD2_DSA/raw/val/images/304167_20210913_3_0_0_3_2_11_0_404.jpg,0,0
124683_20210624_3_0_0_1_2_13_0_34,/content/drive/MyDrive/CD2_DSA/raw/val/images/124683_20210624_3_0_0_1_2_13_0_34.jpg,0,0
312141_20210914_3_0_0_3_2_11_0_264,/content/drive/MyDrive/CD2_DSA/raw/val/images/312141_20210914_3_0_0_3_2_11_0_264.jpg,0,0
308146_20210914_3_0_0_3_2_11_0_46,/content/drive/MyDrive/CD2_DSA/raw/val/images/308146_20210914_3_0_0_3_2_11_0_46.jpg,0,0
308835_20210914_3_0_0_5_2_11_0_311,/content/drive/MyDrive/CD2_DSA/raw/val/images/308835_20210914_3_0_0_5_2_11_0_311.jpg,0,0
9149_20210624_3_0_0_2_2_13_0_143,/content/drive/MyDrive/CD2_DSA/raw/val/images/9149_20210624_3_0_0_2_2_13_0_143.jpg,0,0
308607_20210914_3_0_0_5_2_11_0_83,/content/drive/MyDrive/CD2_DSA/raw/val/images/308607_20210914_3_0_0_5_2_11_0_83.jpg,0,0
1637_20210622_3_1_a9_3_2_13_2_209,/content/drive/MyDrive/CD2_DSA/raw/val/images/1637_20210622_3_1_a9_3_2_13_2_209.jpg,1,0
16074_20210706_3_1_a9_3_2_13_2_84,/content/drive/MyDrive/CD2_DSA/raw/val/images/16074_20210706_3_1_a9_3_2_13_2_84.jpg,1,1
308516_20210914_3_0_0_3_2_11_0_416,/content/drive/MyDrive/CD2_DSA/raw/val/images/308516_20210914_3_0_0_3_2_11_0_416.jpg,0,0
14601_20210624_3_0_0_3_2_13_0_113,/content/drive/MyDrive/CD2_DSA/raw/val/images/14601_20210624_3_0_0_3_2_13_0_113.jpg,0,0
170912_20210624_3_0_0_5_2_13_0_106,/content/drive/MyDrive/CD2_DSA/raw/val/images/170912_20210624_3_0_0_5_2_13_0_106.jpg,0,0
96093_20210624_3_0_0_3_2_13_0_147,/content/drive/MyDrive/CD2_DSA/raw/val/images/96093_20210624_3_0_0_3_2_13_0_147.jpg,0,0
308439_20210914_3_0_0_3_2_11_0_339,/content/drive/MyDrive/CD2_DSA/raw/val/images/308439_20210914_3_0_0_3_2_11_0_339.jpg,0,0
66291_20210624_3_0_0_4_2_13_0_192,/content/drive/MyDrive/CD2_DSA/raw/val/images/66291_20210624_3_0_0_4_2_13_0_192.jpg,0,0
49091_20210624_3_0_0_1_2_13_0_165,/content/drive/MyDrive/CD2_DSA/raw/val/images/49091_20210624_3_0_0_1_2_13_0_165.jpg,0,0
307998_20210914_3_0_0_5_2_11_0_195,/content/drive/MyDrive/CD2_DSA/raw/val/images/307998_20210914_3_0_0_5_2_11_0_195.jpg,0,0
308342_20210914_3_0_0_3_2_11_0_242,/content/drive/MyDrive/CD2_DSA/raw/val/images/308342_20210914_3_0_0_3_2_11_0_242.jpg,0,0
83207_20210624_3_0_0_1_2_13_0_120,/content/drive/MyDrive/CD2_DSA/raw/val/images/83207_20210624_3_0_0_1_2_13_0_120.jpg,0,0
3185_20210629_3_1_a9_3_2_13_1_40,/content/drive/MyDrive/CD2_DSA/raw/val/images/3185_20210629_3_1_a9_3_2_13_1_40.jpg,1,0
106540_20210624_3_0_0_1_2_13_0_137,/content/drive/MyDrive/CD2_DSA/raw/val/images/106540_20210624_3_0_0_1_2_13_0_137.jpg,0,0
304265_20210913_3_0_0_3_2_11_0_502,/content/drive/MyDrive/CD2_DSA/raw/val/images/304265_20210913_3_0_0_3_2_11_0_502.jpg,0,0
3188_20210629_3_1_a9_3_2_13_1_43,/content/drive/MyDrive/CD2_DSA/raw/val/images/3188_20210629_3_1_a9_3_2_13_1_43.jpg,1,1
16449_20210706_3_1_a9_3_2_13_2_365,/content/drive/MyDrive/CD2_DSA/raw/val/images/16449_20210706_3_1_a9_3_2_13_2_365.jpg,1,1
308765_20210914_3_0_0_5_2_11_0_241,/content/drive/MyDrive/CD2_DSA/raw/val/images/308765_20210914_3_0_0_5_2_11_0_241.jpg,0,0
15777_20210622_3_1_a9_3_2_13_2_18,/content/drive/MyDrive/CD2_DSA/raw/val/images/15777_20210622_3_1_a9_3_2_13_2_18.jpg,1,1
1095_20210624_3_0_0_1_2_13_0_150,/content/drive/MyDrive/CD2_DSA/raw/val/images/1095_20210624_3_0_0_1_2_13_0_150.jpg,0,0
15780_20210622_3_1_a9_3_2_13_2_21,/content/drive/MyDrive/CD2_DSA/raw/val/images/15780_20210622_3_1_a9_3_2_13_2_21.jpg,1,1
1715_20210622_3_1_a9_3_2_13_2_287,/content/drive/MyDrive/CD2_DSA/raw/val/images/1715_20210622_3_1_a9_3_2_13_2_287.jpg,1,1
312008_20210914_3_0_0_3_2_11_0_131,/content/drive/MyDrive/CD2_DSA/raw/val/images/312008_20210914_3_0_0_3_2_11_0_131.jpg,0,0
15688_20210706_3_1_a9_3_2_13_3_119,/content/drive/MyDrive/CD2_DSA/raw/val/images/15688_20210706_3_1_a9_3_2_13_3_119.jpg,1,1
16721_20210706_3_1_a9_3_2_13_2_572,/content/drive/MyDrive/CD2_DSA/raw/val/images/16721_20210706_3_1_a9_3_2_13_2_572.jpg,1,0
17012_20210622_3_1_a9_3_2_13_1_133,/content/drive/MyDrive/CD2_DSA/raw/val/images/17012_20210622_3_1_a9_3_2_13_1_133.jpg,1,1
170814_20210624_3_0_0_5_2_13_0_8,/content/drive/MyDrive/CD2_DSA/raw/val/images/170814_20210624_3_0_0_5_2_13_0_8.jpg,0,0
1668_20210622_3_1_a9_3_2_13_2_240,/content/drive/MyDrive/CD2_DSA/raw/val/images/1668_20210622_3_1_a9_3_2_13_2_240.jpg,1,0
106262_20210624_3_0_0_1_2_13_0_59,/content/drive/MyDrive/CD2_DSA/raw/val/images/106262_20210624_3_0_0_1_2_13_0_59.jpg,0,0
126095_20210624_3_0_0_5_2_13_0_30,/content/drive/MyDrive/CD2_DSA/raw/val/images/126095_20210624_3_0_0_5_2_13_0_30.jpg,0,0
125613_20210624_3_0_0_2_2_13_0_17,/content/drive/MyDrive/CD2_DSA/raw/val/images/125613_20210624_3_0_0_2_2_13_0_17.jpg,0,0
16366_20210706_3_1_a9_3_2_13_2_296,/content/drive/MyDrive/CD2_DSA/raw/val/images/16366_20210706_3_1_a9_3_2_13_2_296.jpg,1,1
3634_20210629_3_1_a9_3_2_13_2_13,/content/drive/MyDrive/CD2_DSA/raw/val/images/3634_20210629_3_1_a9_3_2_13_2_13.jpg,1,1
108291_20210624_3_0_0_2_2_13_0_164,/content/drive/MyDrive/CD2_DSA/raw/val/images/108291_20210624_3_0_0_2_2_13_0_164.jpg,0,0
308578_20210914_3_0_0_5_2_11_0_54,/content/drive/MyDrive/CD2_DSA/raw/val/images/308578_20210914_3_0_0_5_2_11_0_54.jpg,0,0
307891_20210914_3_0_0_5_2_11_0_88,/content/drive/MyDrive/CD2_DSA/raw/val/images/307891_20210914_3_0_0_5_2_11_0_88.jpg,0,0
15817_20210622_3_1_a9_3_2_13_2_58,/content/drive/MyDrive/CD2_DSA/raw/val/images/15817_20210622_3_1_a9_3_2_13_2_58.jpg,1,0
15823_20210622_3_1_a9_3_2_13_2_64,/content/drive/MyDrive/CD2_DSA/raw/val/images/15823_20210622_3_1_a9_3_2_13_2_64.jpg,1,1
48945_20210624_3_0_0_1_2_13_0_19,/content/drive/MyDrive/CD2_DSA/raw/val/images/48945_20210624_3_0_0_1_2_13_0_19.jpg,0,0
1512_20210622_3_1_a9_3_2_13_2_84,/content/drive/MyDrive/CD2_DSA/raw/val/images/1512_20210622_3_1_a9_3_2_13_2_84.jpg,1,1
6761_20210622_3_1_a9_3_2_13_1_157,/content/drive/MyDrive/CD2_DSA/raw/val/images/6761_20210622_3_1_a9_3_2_13_1_157.jpg,1,1
805_20210622_3_1_a9_3_2_13_3_3,/content/drive/MyDrive/CD2_DSA/raw/val/images/805_20210622_3_1_a9_3_2_13_3_3.jpg,1,1
16812_20210713_3_1_a9_3_2_13_3_74,/content/drive/MyDrive/CD2_DSA/raw/val/images/16812_20210713_3_1_a9_3_2_13_3_74.jpg,1,0
16599_20210706_3_1_a9_3_2_13_2_450,/content/drive/MyDrive/CD2_DSA/raw/val/images/16599_20210706_3_1_a9_3_2_13_2_450.jpg,1,1
312094_20210914_3_0_0_3_2_11_0_217,/content/drive/MyDrive/CD2_DSA/raw/val/images/312094_20210914_3_0_0_3_2_11_0_217.jpg,0,0
16073_20210706_3_1_a9_3_2_13_2_83,/content/drive/MyDrive/CD2_DSA/raw/val/images/16073_20210706_3_1_a9_3_2_13_2_83.jpg,1,1
15583_20210706_3_1_a9_3_2_13_3_14,/content/drive/MyDrive/CD2_DSA/raw/val/images/15583_20210706_3_1_a9_3_2_13_3_14.jpg,1,0
307878_20210914_3_0_0_5_2_11_0_75,/content/drive/MyDrive/CD2_DSA/raw/val/images/307878_20210914_3_0_0_5_2_11_0_75.jpg,0,0
308625_20210914_3_0_0_5_2_11_0_102,/content/drive/MyDrive/CD2_DSA/raw/val/images/308625_20210914_3_0_0_5_2_11_0_102.jpg,0,0
7086_20210622_3_1_a9_3_2_13_1_181,/content/drive/MyDrive/CD2_DSA/raw/val/images/7086_20210622_3_1_a9_3_2_13_1_181.jpg,1,1
308807_20210914_3_0_0_5_2_11_0_283,/content/drive/MyDrive/CD2_DSA/raw/val/images/308807_20210914_3_0_0_5_2_11_0_283.jpg,0,0
83236_20210624_3_0_0_1_2_13_0_149,/content/drive/MyDrive/CD2_DSA/raw/val/images/83236_20210624_3_0_0_1_2_13_0_149.jpg,0,0
3350_20210629_3_1_a9_3_2_13_1_105,/content/drive/MyDrive/CD2_DSA/raw/val/images/3350_20210629_3_1_a9_3_2_13_1_105.jpg,1,0
3676_20210629_3_1_a9_3_2_13_2_55,/content/drive/MyDrive/CD2_DSA/raw/val/images/3676_20210629_3_1_a9_3_2_13_2_55.jpg,1,1
307435_20210914_3_0_0_3_2_11_0_35,/content/drive/MyDrive/CD2_DSA/raw/val/images/307435_20210914_3_0_0_3_2_11_0_35.jpg,0,0
304268_20210913_3_0_0_3_2_11_0_505,/content/drive/MyDrive/CD2_DSA/raw/val/images/304268_20210913_3_0_0_3_2_11_0_505.jpg,0,0
307632_20210914_3_0_0_3_2_11_0_232,/content/drive/MyDrive/CD2_DSA/raw/val/images/307632_20210914_3_0_0_3_2_11_0_232.jpg,0,0
68530_20210624_3_0_0_2_2_13_0_40,/content/drive/MyDrive/CD2_DSA/raw/val/images/68530_20210624_3_0_0_2_2_13_0_40.jpg,0,0
86372_20210624_3_0_0_1_2_13_0_41,/content/drive/MyDrive/CD2_DSA/raw/val/images/86372_20210624_3_0_0_1_2_13_0_41.jpg,0,0
83254_20210624_3_0_0_1_2_13_0_167,/content/drive/MyDrive/CD2_DSA/raw/val/images/83254_20210624_3_0_0_1_2_13_0_167.jpg,0,0
95250_20210624_3_0_0_1_2_13_0_71,/content/drive/MyDrive/CD2_DSA/raw/val/images/95250_20210624_3_0_0_1_2_13_0_71.jpg,0,0
839_20210622_3_1_a9_3_2_13_3_37,/content/drive/MyDrive/CD2_DSA/raw/val/images/839_20210622_3_1_a9_3_2_13_3_37.jpg,1,1
307889_20210914_3_0_0_5_2_11_0_86,/content/drive/MyDrive/CD2_DSA/raw/val/images/307889_20210914_3_0_0_5_2_11_0_86.jpg,0,0
6775_20210622_3_1_a9_3_2_13_1_171,/content/drive/MyDrive/CD2_DSA/raw/val/images/6775_20210622_3_1_a9_3_2_13_1_171.jpg,1,1
308674_20210914_3_0_0_5_2_11_0_151,/content/drive/MyDrive/CD2_DSA/raw/val/images/308674_20210914_3_0_0_5_2_11_0_151.jpg,0,0
16914_20210622_3_1_a9_3_2_13_2_3,/content/drive/MyDrive/CD2_DSA/raw/val/images/16914_20210622_3_1_a9_3_2_13_2_3.jpg,1,1
26098_20210624_3_0_0_5_2_13_0_147,/content/drive/MyDrive/CD2_DSA/raw/val/images/26098_20210624_3_0_0_5_2_13_0_147.jpg,0,0
25700_20210624_3_0_0_5_2_13_0_124,/content/drive/MyDrive/CD2_DSA/raw/val/images/25700_20210624_3_0_0_5_2_13_0_124.jpg,0,0
716_20210622_3_1_a9_3_2_13_1_81,/content/drive/MyDrive/CD2_DSA/raw/val/images/716_20210622_3_1_a9_3_2_13_1_81.jpg,0,1
108136_20210624_3_0_0_2_2_13_0_124,/content/drive/MyDrive/CD2_DSA/raw/val/images/108136_20210624_3_0_0_2_2_13_0_124.jpg,0,0
1701_20210622_3_1_a9_3_2_13_2_273,/content/drive/MyDrive/CD2_DSA/raw/val/images/1701_20210622_3_1_a9_3_2_13_2_273.jpg,1,0
308337_20210914_3_0_0_3_2_11_0_237,/content/drive/MyDrive/CD2_DSA/raw/val/images/308337_20210914_3_0_0_3_2_11_0_237.jpg,0,0
1631_20210622_3_1_a9_3_2_13_2_203,/content/drive/MyDrive/CD2_DSA/raw/val/images/1631_20210622_3_1_a9_3_2_13_2_203.jpg,1,0
1750_20210622_3_1_a9_3_2_13_2_322,/content/drive/MyDrive/CD2_DSA/raw/val/images/1750_20210622_3_1_a9_3_2_13_2_322.jpg,1,0
3779_20210629_3_1_a9_3_2_13_2_109,/content/drive/MyDrive/CD2_DSA/raw/val/images/3779_20210629_3_1_a9_3_2_13_2_109.jpg,1,1
65905_20210624_3_0_0_4_2_13_0_36,/content/drive/MyDrive/CD2_DSA/raw/val/images/65905_20210624_3_0_0_4_2_13_0_36.jpg,0,0
307826_20210914_3_0_0_5_2_11_0_23,/content/drive/MyDrive/CD2_DSA/raw/val/images/307826_20210914_3_0_0_5_2_11_0_23.jpg,0,0
5844_20210622_3_1_a9_3_2_13_1_29,/content/drive/MyDrive/CD2_DSA/raw/val/images/5844_20210622_3_1_a9_3_2_13_1_29.jpg,1,0
15485_20210622_3_1_a9_3_2_13_3_189,/content/drive/MyDrive/CD2_DSA/raw/val/images/15485_20210622_3_1_a9_3_2_13_3_189.jpg,1,1
66270_20210624_3_0_0_4_2_13_0_171,/content/drive/MyDrive/CD2_DSA/raw/val/images/66270_20210624_3_0_0_4_2_13_0_171.jpg,0,0
304315_20210913_3_0_0_3_2_11_0_552,/content/drive/MyDrive/CD2_DSA/raw/val/images/304315_20210913_3_0_0_3_2_11_0_552.jpg,0,0
7139_20210624_3_0_0_1_2_13_0_183,/content/drive/MyDrive/CD2_DSA/raw/val/images/7139_20210624_3_0_0_1_2_13_0_183.jpg,0,0
307621_20210914_3_0_0_3_2_11_0_221,/content/drive/MyDrive/CD2_DSA/raw/val/images/307621_20210914_3_0_0_3_2_11_0_221.jpg,0,0
66267_20210624_3_0_0_4_2_13_0_168,/content/drive/MyDrive/CD2_DSA/raw/val/images/66267_20210624_3_0_0_4_2_13_0_168.jpg,0,0
702_20210622_3_1_a9_3_2_13_1_67,/content/drive/MyDrive/CD2_DSA/raw/val/images/702_20210622_3_1_a9_3_2_13_1_67.jpg,1,0
71197_20210624_3_0_0_3_2_13_0_50,/content/drive/MyDrive/CD2_DSA/raw/val/images/71197_20210624_3_0_0_3_2_13_0_50.jpg,0,0
1135_20210624_3_0_0_1_2_13_0_190,/content/drive/MyDrive/CD2_DSA/raw/val/images/1135_20210624_3_0_0_1_2_13_0_190.jpg,0,0
32308_20210624_3_0_0_4_2_13_0_11,/content/drive/MyDrive/CD2_DSA/raw/val/images/32308_20210624_3_0_0_4_2_13_0_11.jpg,0,0
7223_20210622_3_1_a9_3_2_13_1_189,/content/drive/MyDrive/CD2_DSA/raw/val/images/7223_20210622_3_1_a9_3_2_13_1_189.jpg,1,1
1123_20210624_3_0_0_1_2_13_0_178,/content/drive/MyDrive/CD2_DSA/raw/val/images/1123_20210624_3_0_0_1_2_13_0_178.jpg,0,0
15862_20210622_3_1_a9_3_2_13_2_103,/content/drive/MyDrive/CD2_DSA/raw/val/images/15862_20210622_3_1_a9_3_2_13_2_103.jpg,1,1
16373_20210622_3_1_a9_3_2_13_3_2,/content/drive/MyDrive/CD2_DSA/raw/val/images/16373_20210622_3_1_a9_3_2_13_3_2.jpg,1,1
68528_20210624_3_0_0_2_2_13_0_38,/content/drive/MyDrive/CD2_DSA/raw/val/images/68528_20210624_3_0_0_2_2_13_0_38.jpg,0,0
7100_20210624_3_0_0_1_2_13_0_144,/content/drive/MyDrive/CD2_DSA/raw/val/images/7100_20210624_3_0_0_1_2_13_0_144.jpg,0,0
125152_20210624_3_0_0_1_2_13_0_183,/content/drive/MyDrive/CD2_DSA/raw/val/images/125152_20210624_3_0_0_1_2_13_0_183.jpg,0,0
304037_20210913_3_0_0_3_2_11_0_274,/content/drive/MyDrive/CD2_DSA/raw/val/images/304037_20210913_3_0_0_3_2_11_0_274.jpg,0,0
7106_20210624_3_0_0_1_2_13_0_150,/content/drive/MyDrive/CD2_DSA/raw/val/images/7106_20210624_3_0_0_1_2_13_0_150.jpg,0,0
16119_20210706_3_1_a9_3_2_13_2_129,/content/drive/MyDrive/CD2_DSA/raw/val/images/16119_20210706_3_1_a9_3_2_13_2_129.jpg,1,1
17060_20210622_3_1_a9_3_2_13_1_181,/content/drive/MyDrive/CD2_DSA/raw/val/images/17060_20210622_3_1_a9_3_2_13_1_181.jpg,1,0
16070_20210706_3_1_a9_3_2_13_2_80,/content/drive/MyDrive/CD2_DSA/raw/val/images/16070_20210706_3_1_a9_3_2_13_2_80.jpg,1,0
307846_20210914_3_0_0_5_2_11_0_43,/content/drive/MyDrive/CD2_DSA/raw/val/images/307846_20210914_3_0_0_5_2_11_0_43.jpg,0,0
308134_20210914_3_0_0_3_2_11_0_34,/content/drive/MyDrive/CD2_DSA/raw/val/images/308134_20210914_3_0_0_3_2_11_0_34.jpg,0,0
104069_20210624_3_0_0_4_2_13_0_147,/content/drive/MyDrive/CD2_DSA/raw/val/images/104069_20210624_3_0_0_4_2_13_0_147.jpg,0,0
1026_20210624_3_0_0_1_2_13_0_81,/content/drive/MyDrive/CD2_DSA/raw/val/images/1026_20210624_3_0_0_1_2_13_0_81.jpg,0,0
308705_20210914_3_0_0_5_2_11_0_182,/content/drive/MyDrive/CD2_DSA/raw/val/images/308705_20210914_3_0_0_5_2_11_0_182.jpg,0,0
86563_20210624_3_0_0_1_2_13_0_132,/content/drive/MyDrive/CD2_DSA/raw/val/images/86563_20210624_3_0_0_1_2_13_0_132.jpg,0,0
1740_20210622_3_1_a9_3_2_13_2_312,/content/drive/MyDrive/CD2_DSA/raw/val/images/1740_20210622_3_1_a9_3_2_13_2_312.jpg,1,1
307733_20210914_3_0_0_3_2_11_0_333,/content/drive/MyDrive/CD2_DSA/raw/val/images/307733_20210914_3_0_0_3_2_11_0_333.jpg,0,0
15446_20210622_3_1_a9_3_2_13_3_150,/content/drive/MyDrive/CD2_DSA/raw/val/images/15446_20210622_3_1_a9_3_2_13_3_150.jpg,1,0
66297_20210624_3_0_0_4_2_13_0_198,/content/drive/MyDrive/CD2_DSA/raw/val/images/66297_20210624_3_0_0_4_2_13_0_198.jpg,0,0
2644_20210624_3_0_0_4_2_13_0_113,/content/drive/MyDrive/CD2_DSA/raw/val/images/2644_20210624_3_0_0_4_2_13_0_113.jpg,0,0
307888_20210914_3_0_0_5_2_11_0_85,/content/drive/MyDrive/CD2_DSA/raw/val/images/307888_20210914_3_0_0_5_2_11_0_85.jpg,0,0
4744_20210622_3_1_a9_3_2_13_2_112,/content/drive/MyDrive/CD2_DSA/raw/val/images/4744_20210622_3_1_a9_3_2_13_2_112.jpg,1,1
1683_20210622_3_1_a9_3_2_13_2_255,/content/drive/MyDrive/CD2_DSA/raw/val/images/1683_20210622_3_1_a9_3_2_13_2_255.jpg,1,1
71212_20210624_3_0_0_3_2_13_0_65,/content/drive/MyDrive/CD2_DSA/raw/val/images/71212_20210624_3_0_0_3_2_13_0_65.jpg,0,0
11450_20210624_3_0_0_1_2_13_0_106,/content/drive/MyDrive/CD2_DSA/raw/val/images/11450_20210624_3_0_0_1_2_13_0_106.jpg,0,0
15401_20210622_3_1_a9_3_2_13_3_105,/content/drive/MyDrive/CD2_DSA/raw/val/images/15401_20210622_3_1_a9_3_2_13_3_105.jpg,1,1
307567_20210914_3_0_0_3_2_11_0_167,/content/drive/MyDrive/CD2_DSA/raw/val/images/307567_20210914_3_0_0_3_2_11_0_167.jpg,0,0
308312_20210914_3_0_0_3_2_11_0_212,/content/drive/MyDrive/CD2_DSA/raw/val/images/308312_20210914_3_0_0_3_2_11_0_212.jpg,0,0
308445_20210914_3_0_0_3_2_11_0_345,/content/drive/MyDrive/CD2_DSA/raw/val/images/308445_20210914_3_0_0_3_2_11_0_345.jpg,0,0
304302_20210913_3_0_0_3_2_11_0_539,/content/drive/MyDrive/CD2_DSA/raw/val/images/304302_20210913_3_0_0_3_2_11_0_539.jpg,0,0
16688_20210706_3_1_a9_3_2_13_2_539,/content/drive/MyDrive/CD2_DSA/raw/val/images/16688_20210706_3_1_a9_3_2_13_2_539.jpg,1,1
16679_20210706_3_1_a9_3_2_13_2_530,/content/drive/MyDrive/CD2_DSA/raw/val/images/16679_20210706_3_1_a9_3_2_13_2_530.jpg,1,1
788_20210622_3_1_a9_3_2_13_1_153,/content/drive/MyDrive/CD2_DSA/raw/val/images/788_20210622_3_1_a9_3_2_13_1_153.jpg,1,0
307732_20210914_3_0_0_3_2_11_0_332,/content/drive/MyDrive/CD2_DSA/raw/val/images/307732_20210914_3_0_0_3_2_11_0_332.jpg,0,0
304177_20210913_3_0_0_3_2_11_0_414,/content/drive/MyDrive/CD2_DSA/raw/val/images/304177_20210913_3_0_0_3_2_11_0_414.jpg,0,0
49058_20210624_3_0_0_1_2_13_0_132,/content/drive/MyDrive/CD2_DSA/raw/val/images/49058_20210624_3_0_0_1_2_13_0_132.jpg,0,0
304224_20210913_3_0_0_3_2_11_0_461,/content/drive/MyDrive/CD2_DSA/raw/val/images/304224_20210913_3_0_0_3_2_11_0_461.jpg,0,0
1033_20210624_3_0_0_1_2_13_0_88,/content/drive/MyDrive/CD2_DSA/raw/val/images/1033_20210624_3_0_0_1_2_13_0_88.jpg,0,0
308188_20210914_3_0_0_3_2_11_0_88,/content/drive/MyDrive/CD2_DSA/raw/val/images/308188_20210914_3_0_0_3_2_11_0_88.jpg,0,0
308100_20210914_3_0_0_3_2_11_0_0,/content/drive/MyDrive/CD2_DSA/raw/val/images/308100_20210914_3_0_0_3_2_11_0_0.jpg,0,0
308422_20210914_3_0_0_3_2_11_0_322,/content/drive/MyDrive/CD2_DSA/raw/val/images/308422_20210914_3_0_0_3_2_11_0_322.jpg,0,0
15489_20210622_3_1_a9_3_2_13_3_193,/content/drive/MyDrive/CD2_DSA/raw/val/images/15489_20210622_3_1_a9_3_2_13_3_193.jpg,1,0
67500_20210624_3_0_0_1_2_13_0_101,/content/drive/MyDrive/CD2_DSA/raw/val/images/67500_20210624_3_0_0_1_2_13_0_101.jpg,0,0
312053_20210914_3_0_0_3_2_11_0_176,/content/drive/MyDrive/CD2_DSA/raw/val/images/312053_20210914_3_0_0_3_2_11_0_176.jpg,0,0
308750_20210914_3_0_0_5_2_11_0_226,/content/drive/MyDrive/CD2_DSA/raw/val/images/308750_20210914_3_0_0_5_2_11_0_226.jpg,0,0
1071_20210624_3_0_0_1_2_13_0_126,/content/drive/MyDrive/CD2_DSA/raw/val/images/1071_20210624_3_0_0_1_2_13_0_126.jpg,0,0
16015_20210706_3_1_a9_3_2_13_2_25,/content/drive/MyDrive/CD2_DSA/raw/val/images/16015_20210706_3_1_a9_3_2_13_2_25.jpg,1,1
308347_20210914_3_0_0_3_2_11_0_247,/content/drive/MyDrive/CD2_DSA/raw/val/images/308347_20210914_3_0_0_3_2_11_0_247.jpg,0,0
736_20210622_3_1_a9_3_2_13_1_101,/content/drive/MyDrive/CD2_DSA/raw/val/images/736_20210622_3_1_a9_3_2_13_1_101.jpg,1,0
308152_20210914_3_0_0_3_2_11_0_52,/content/drive/MyDrive/CD2_DSA/raw/val/images/308152_20210914_3_0_0_3_2_11_0_52.jpg,0,0
1574_20210622_3_1_a9_3_2_13_2_146,/content/drive/MyDrive/CD2_DSA/raw/val/images/1574_20210622_3_1_a9_3_2_13_2_146.jpg,1,1
312235_20210914_3_0_0_3_2_11_0_358,/content/drive/MyDrive/CD2_DSA/raw/val/images/312235_20210914_3_0_0_3_2_11_0_358.jpg,0,0
67601_20210624_3_0_0_1_2_13_0_172,/content/drive/MyDrive/CD2_DSA/raw/val/images/67601_20210624_3_0_0_1_2_13_0_172.jpg,0,0
312055_20210914_3_0_0_3_2_11_0_178,/content/drive/MyDrive/CD2_DSA/raw/val/images/312055_20210914_3_0_0_3_2_11_0_178.jpg,0,0
49034_20210624_3_0_0_1_2_13_0_108,/content/drive/MyDrive/CD2_DSA/raw/val/images/49034_20210624_3_0_0_1_2_13_0_108.jpg,0,0
10698_20210624_3_0_0_3_2_13_0_192,/content/drive/MyDrive/CD2_DSA/raw/val/images/10698_20210624_3_0_0_3_2_13_0_192.jpg,0,0
308397_20210914_3_0_0_3_2_11_0_297,/content/drive/MyDrive/CD2_DSA/raw/val/images/308397_20210914_3_0_0_3_2_11_0_297.jpg,0,0
95242_20210624_3_0_0_1_2_13_0_63,/content/drive/MyDrive/CD2_DSA/raw/val/images/95242_20210624_3_0_0_1_2_13_0_63.jpg,0,0
17019_20210622_3_1_a9_3_2_13_1_140,/content/drive/MyDrive/CD2_DSA/raw/val/images/17019_20210622_3_1_a9_3_2_13_1_140.jpg,1,1
15800_20210622_3_1_a9_3_2_13_2_41,/content/drive/MyDrive/CD2_DSA/raw/val/images/15800_20210622_3_1_a9_3_2_13_2_41.jpg,1,1
10523_20210624_3_0_0_3_2_13_0_29,/content/drive/MyDrive/CD2_DSA/raw/val/images/10523_20210624_3_0_0_3_2_13_0_29.jpg,0,0
106307_20210624_3_0_0_1_2_13_0_104,/content/drive/MyDrive/CD2_DSA/raw/val/images/106307_20210624_3_0_0_1_2_13_0_104.jpg,0,0
67502_20210624_3_0_0_1_2_13_0_103,/content/drive/MyDrive/CD2_DSA/raw/val/images/67502_20210624_3_0_0_1_2_13_0_103.jpg,0,0
307497_20210914_3_0_0_3_2_11_0_97,/content/drive/MyDrive/CD2_DSA/raw/val/images/307497_20210914_3_0_0_3_2_11_0_97.jpg,0,0
66293_20210624_3_0_0_4_2_13_0_194,/content/drive/MyDrive/CD2_DSA/raw/val/images/66293_20210624_3_0_0_4_2_13_0_194.jpg,0,0
3572_20210629_3_1_a9_3_2_13_1_221,/content/drive/MyDrive/CD2_DSA/raw/val/images/3572_20210629_3_1_a9_3_2_13_1_221.jpg,1,0
71152_20210624_3_0_0_3_2_13_0_5,/content/drive/MyDrive/CD2_DSA/raw/val/images/71152_20210624_3_0_0_3_2_13_0_5.jpg,0,0
308832_20210914_3_0_0_5_2_11_0_308,/content/drive/MyDrive/CD2_DSA/raw/val/images/308832_20210914_3_0_0_5_2_11_0_308.jpg,0,0
304344_20210913_3_0_0_3_2_11_0_581,/content/drive/MyDrive/CD2_DSA/raw/val/images/304344_20210913_3_0_0_3_2_11_0_581.jpg,0,0
86548_20210624_3_0_0_1_2_13_0_117,/content/drive/MyDrive/CD2_DSA/raw/val/images/86548_20210624_3_0_0_1_2_13_0_117.jpg,0,0
16690_20210706_3_1_a9_3_2_13_2_541,/content/drive/MyDrive/CD2_DSA/raw/val/images/16690_20210706_3_1_a9_3_2_13_2_541.jpg,1,1
311987_20210914_3_0_0_3_2_11_0_110,/content/drive/MyDrive/CD2_DSA/raw/val/images/311987_20210914_3_0_0_3_2_11_0_110.jpg,0,0
5852_20210622_3_1_a9_3_2_13_1_37,/content/drive/MyDrive/CD2_DSA/raw/val/images/5852_20210622_3_1_a9_3_2_13_1_37.jpg,1,0
16784_20210713_3_1_a9_3_2_13_3_46,/content/drive/MyDrive/CD2_DSA/raw/val/images/16784_20210713_3_1_a9_3_2_13_3_46.jpg,1,0
312216_20210914_3_0_0_3_2_11_0_339,/content/drive/MyDrive/CD2_DSA/raw/val/images/312216_20210914_3_0_0_3_2_11_0_339.jpg,0,0
307936_20210914_3_0_0_5_2_11_0_133,/content/drive/MyDrive/CD2_DSA/raw/val/images/307936_20210914_3_0_0_5_2_11_0_133.jpg,0,0
104067_20210624_3_0_0_4_2_13_0_145,/content/drive/MyDrive/CD2_DSA/raw/val/images/104067_20210624_3_0_0_4_2_13_0_145.jpg,0,0
15619_20210706_3_1_a9_3_2_13_3_50,/content/drive/MyDrive/CD2_DSA/raw/val/images/15619_20210706_3_1_a9_3_2_13_3_50.jpg,1,1
304068_20210913_3_0_0_3_2_11_0_305,/content/drive/MyDrive/CD2_DSA/raw/val/images/304068_20210913_3_0_0_3_2_11_0_305.jpg,0,0
15406_20210622_3_1_a9_3_2_13_3_110,/content/drive/MyDrive/CD2_DSA/raw/val/images/15406_20210622_3_1_a9_3_2_13_3_110.jpg,1,1
170809_20210624_3_0_0_5_2_13_0_3,/content/drive/MyDrive/CD2_DSA/raw/val/images/170809_20210624_3_0_0_5_2_13_0_3.jpg,0,0
84115_20210708_3_0_0_1_2_13_0_181,/content/drive/MyDrive/CD2_DSA/raw/val/images/84115_20210708_3_0_0_1_2_13_0_181.jpg,0,0
308782_20210914_3_0_0_5_2_11_0_258,/content/drive/MyDrive/CD2_DSA/raw/val/images/308782_20210914_3_0_0_5_2_11_0_258.jpg,0,0
128826_20210624_3_0_0_1_2_13_0_16,/content/drive/MyDrive/CD2_DSA/raw/val/images/128826_20210624_3_0_0_1_2_13_0_16.jpg,0,0
7526_20210622_3_1_a9_3_2_13_1_205,/content/drive/MyDrive/CD2_DSA/raw/val/images/7526_20210622_3_1_a9_3_2_13_1_205.jpg,1,0
48954_20210624_3_0_0_1_2_13_0_28,/content/drive/MyDrive/CD2_DSA/raw/val/images/48954_20210624_3_0_0_1_2_13_0_28.jpg,0,0
16605_20210706_3_1_a9_3_2_13_2_456,/content/drive/MyDrive/CD2_DSA/raw/val/images/16605_20210706_3_1_a9_3_2_13_2_456.jpg,1,1
123862_20210624_3_0_0_4_2_13_0_26,/content/drive/MyDrive/CD2_DSA/raw/val/images/123862_20210624_3_0_0_4_2_13_0_26.jpg,0,0
3611_20210629_3_1_a9_3_2_13_1_260,/content/drive/MyDrive/CD2_DSA/raw/val/images/3611_20210629_3_1_a9_3_2_13_1_260.jpg,1,1
6489_20210622_3_1_a9_3_2_13_1_117,/content/drive/MyDrive/CD2_DSA/raw/val/images/6489_20210622_3_1_a9_3_2_13_1_117.jpg,1,1
963_20210624_3_0_0_1_2_13_0_18,/content/drive/MyDrive/CD2_DSA/raw/val/images/963_20210624_3_0_0_1_2_13_0_18.jpg,0,0
304199_20210913_3_0_0_3_2_11_0_436,/content/drive/MyDrive/CD2_DSA/raw/val/images/304199_20210913_3_0_0_3_2_11_0_436.jpg,0,0
16032_20210706_3_1_a9_3_2_13_2_42,/content/drive/MyDrive/CD2_DSA/raw/val/images/16032_20210706_3_1_a9_3_2_13_2_42.jpg,1,1
95241_20210624_3_0_0_1_2_13_0_62,/content/drive/MyDrive/CD2_DSA/raw/val/images/95241_20210624_3_0_0_1_2_13_0_62.jpg,0,0
644_20210622_3_1_a9_3_2_13_1_9,/content/drive/MyDrive/CD2_DSA/raw/val/images/644_20210622_3_1_a9_3_2_13_1_9.jpg,1,1
771_20210622_3_1_a9_3_2_13_1_136,/content/drive/MyDrive/CD2_DSA/raw/val/images/771_20210622_3_1_a9_3_2_13_1_136.jpg,1,1
16833_20210713_3_1_a9_3_2_13_3_95,/content/drive/MyDrive/CD2_DSA/raw/val/images/16833_20210713_3_1_a9_3_2_13_3_95.jpg,1,0
170808_20210624_3_0_0_5_2_13_0_2,/content/drive/MyDrive/CD2_DSA/raw/val/images/170808_20210624_3_0_0_5_2_13_0_2.jpg,0,0
106595_20210624_3_0_0_1_2_13_0_192,/content/drive/MyDrive/CD2_DSA/raw/val/images/106595_20210624_3_0_0_1_2_13_0_192.jpg,0,0
3391_20210629_3_1_a9_3_2_13_1_146,/content/drive/MyDrive/CD2_DSA/raw/val/images/3391_20210629_3_1_a9_3_2_13_1_146.jpg,1,1
16654_20210706_3_1_a9_3_2_13_2_505,/content/drive/MyDrive/CD2_DSA/raw/val/images/16654_20210706_3_1_a9_3_2_13_2_505.jpg,1,1
16935_20210622_3_1_a9_3_2_13_2_25,/content/drive/MyDrive/CD2_DSA/raw/val/images/16935_20210622_3_1_a9_3_2_13_2_25.jpg,1,0
4383_20210622_3_1_a9_3_2_13_2_51,/content/drive/MyDrive/CD2_DSA/raw/val/images/4383_20210622_3_1_a9_3_2_13_2_51.jpg,1,1
665_20210622_3_1_a9_3_2_13_1_30,/content/drive/MyDrive/CD2_DSA/raw/val/images/665_20210622_3_1_a9_3_2_13_1_30.jpg,1,1
7178_20210624_3_0_0_1_2_13_0_222,/content/drive/MyDrive/CD2_DSA/raw/val/images/7178_20210624_3_0_0_1_2_13_0_222.jpg,0,0
67629_20210624_3_0_0_1_2_13_0_200,/content/drive/MyDrive/CD2_DSA/raw/val/images/67629_20210624_3_0_0_1_2_13_0_200.jpg,0,0
67416_20210624_3_0_0_1_2_13_0_17,/content/drive/MyDrive/CD2_DSA/raw/val/images/67416_20210624_3_0_0_1_2_13_0_17.jpg,0,0
16697_20210706_3_1_a9_3_2_13_2_548,/content/drive/MyDrive/CD2_DSA/raw/val/images/16697_20210706_3_1_a9_3_2_13_2_548.jpg,1,1
1561_20210622_3_1_a9_3_2_13_2_133,/content/drive/MyDrive/CD2_DSA/raw/val/images/1561_20210622_3_1_a9_3_2_13_2_133.jpg,1,1
16689_20210706_3_1_a9_3_2_13_2_540,/content/drive/MyDrive/CD2_DSA/raw/val/images/16689_20210706_3_1_a9_3_2_13_2_540.jpg,1,1
308868_20210914_3_0_0_5_2_11_0_344,/content/drive/MyDrive/CD2_DSA/raw/val/images/308868_20210914_3_0_0_5_2_11_0_344.jpg,0,0
6504_20210622_3_1_a9_3_2_13_1_132,/content/drive/MyDrive/CD2_DSA/raw/val/images/6504_20210622_3_1_a9_3_2_13_1_132.jpg,1,1
311736_20210803_3_0_0_3_2_11_0_68,/content/drive/MyDrive/CD2_DSA/raw/val/images/311736_20210803_3_0_0_3_2_11_0_68.jpg,0,0
3742_20210622_3_1_a9_3_2_13_3_20,/content/drive/MyDrive/CD2_DSA/raw/val/images/3742_20210622_3_1_a9_3_2_13_3_20.jpg,1,0
17045_20210622_3_1_a9_3_2_13_1_166,/content/drive/MyDrive/CD2_DSA/raw/val/images/17045_20210622_3_1_a9_3_2_13_1_166.jpg,1,1
71169_20210624_3_0_0_3_2_13_0_22,/content/drive/MyDrive/CD2_DSA/raw/val/images/71169_20210624_3_0_0_3_2_13_0_22.jpg,0,0
308789_20210914_3_0_0_5_2_11_0_265,/content/drive/MyDrive/CD2_DSA/raw/val/images/308789_20210914_3_0_0_5_2_11_0_265.jpg,0,0
16977_20210622_3_1_a9_3_2_13_1_98,/content/drive/MyDrive/CD2_DSA/raw/val/images/16977_20210622_3_1_a9_3_2_13_1_98.jpg,1,1
7210_20210624_3_0_0_1_2_13_0_254,/content/drive/MyDrive/CD2_DSA/raw/val/images/7210_20210624_3_0_0_1_2_13_0_254.jpg,0,0
304272_20210913_3_0_0_3_2_11_0_509,/content/drive/MyDrive/CD2_DSA/raw/val/images/304272_20210913_3_0_0_3_2_11_0_509.jpg,0,0
15119_20210622_3_1_a9_3_2_13_3_30,/content/drive/MyDrive/CD2_DSA/raw/val/images/15119_20210622_3_1_a9_3_2_13_3_30.jpg,1,1
25670_20210624_3_0_0_5_2_13_0_94,/content/drive/MyDrive/CD2_DSA/raw/val/images/25670_20210624_3_0_0_5_2_13_0_94.jpg,0,0
12732_20210624_3_0_0_1_2_13_0_169,/content/drive/MyDrive/CD2_DSA/raw/val/images/12732_20210624_3_0_0_1_2_13_0_169.jpg,0,0
9163_20210624_3_0_0_2_2_13_0_157,/content/drive/MyDrive/CD2_DSA/raw/val/images/9163_20210624_3_0_0_2_2_13_0_157.jpg,0,0
311734_20210803_3_0_0_3_2_11_0_66,/content/drive/MyDrive/CD2_DSA/raw/val/images/311734_20210803_3_0_0_3_2_11_0_66.jpg,0,0
661_20210622_3_1_a9_3_2_13_1_26,/content/drive/MyDrive/CD2_DSA/raw/val/images/661_20210622_3_1_a9_3_2_13_1_26.jpg,1,1
845_20210622_3_1_a9_3_2_13_3_43,/content/drive/MyDrive/CD2_DSA/raw/val/images/845_20210622_3_1_a9_3_2_13_3_43.jpg,1,1
307503_20210914_3_0_0_3_2_11_0_103,/content/drive/MyDrive/CD2_DSA/raw/val/images/307503_20210914_3_0_0_3_2_11_0_103.jpg,0,0
125090_20210624_3_0_0_1_2_13_0_121,/content/drive/MyDrive/CD2_DSA/raw/val/images/125090_20210624_3_0_0_1_2_13_0_121.jpg,0,0
304143_20210913_3_0_0_3_2_11_0_380,/content/drive/MyDrive/CD2_DSA/raw/val/images/304143_20210913_3_0_0_3_2_11_0_380.jpg,0,0
5862_20210622_3_1_a9_3_2_13_1_51,/content/drive/MyDrive/CD2_DSA/raw/val/images/5862_20210622_3_1_a9_3_2_13_1_51.jpg,1,1
3813_20210629_3_1_a9_3_2_13_3_22,/content/drive/MyDrive/CD2_DSA/raw/val/images/3813_20210629_3_1_a9_3_2_13_3_22.jpg,1,1
312174_20210914_3_0_0_3_2_11_0_297,/content/drive/MyDrive/CD2_DSA/raw/val/images/312174_20210914_3_0_0_3_2_11_0_297.jpg,0,0
307768_20210914_3_0_0_3_2_11_0_368,/content/drive/MyDrive/CD2_DSA/raw/val/images/307768_20210914_3_0_0_3_2_11_0_368.jpg,0,0
311697_20210803_3_0_0_3_2_11_0_29,/content/drive/MyDrive/CD2_DSA/raw/val/images/311697_20210803_3_0_0_3_2_11_0_29.jpg,0,0
3237_20210629_3_1_a9_3_2_13_1_92,/content/drive/MyDrive/CD2_DSA/raw/val/images/3237_20210629_3_1_a9_3_2_13_1_92.jpg,1,1
67440_20210624_3_0_0_1_2_13_0_41,/content/drive/MyDrive/CD2_DSA/raw/val/images/67440_20210624_3_0_0_1_2_13_0_41.jpg,0,0
312088_20210914_3_0_0_3_2_11_0_211,/content/drive/MyDrive/CD2_DSA/raw/val/images/312088_20210914_3_0_0_3_2_11_0_211.jpg,0,0
308042_20210914_3_0_0_5_2_11_0_239,/content/drive/MyDrive/CD2_DSA/raw/val/images/308042_20210914_3_0_0_5_2_11_0_239.jpg,0,0
108311_20210624_3_0_0_2_2_13_0_184,/content/drive/MyDrive/CD2_DSA/raw/val/images/108311_20210624_3_0_0_2_2_13_0_184.jpg,0,0
86867_20210624_3_0_0_1_2_13_0_192,/content/drive/MyDrive/CD2_DSA/raw/val/images/86867_20210624_3_0_0_1_2_13_0_192.jpg,0,0
5247_20210622_3_1_a9_3_2_13_2_123,/content/drive/MyDrive/CD2_DSA/raw/val/images/5247_20210622_3_1_a9_3_2_13_2_123.jpg,1,1
6465_20210622_3_1_a9_3_2_13_1_114,/content/drive/MyDrive/CD2_DSA/raw/val/images/6465_20210622_3_1_a9_3_2_13_1_114.jpg,1,1
16348_20210706_3_1_a9_3_2_13_2_278,/content/drive/MyDrive/CD2_DSA/raw/val/images/16348_20210706_3_1_a9_3_2_13_2_278.jpg,1,1
307590_20210914_3_0_0_3_2_11_0_190,/content/drive/MyDrive/CD2_DSA/raw/val/images/307590_20210914_3_0_0_3_2_11_0_190.jpg,0,0
307524_20210914_3_0_0_3_2_11_0_124,/content/drive/MyDrive/CD2_DSA/raw/val/images/307524_20210914_3_0_0_3_2_11_0_124.jpg,0,0
6298_20210622_3_1_a9_3_2_13_1_97,/content/drive/MyDrive/CD2_DSA/raw/val/images/6298_20210622_3_1_a9_3_2_13_1_97.jpg,1,1
16651_20210706_3_1_a9_3_2_13_2_502,/content/drive/MyDrive/CD2_DSA/raw/val/images/16651_20210706_3_1_a9_3_2_13_2_502.jpg,1,1
311717_20210803_3_0_0_3_2_11_0_49,/content/drive/MyDrive/CD2_DSA/raw/val/images/311717_20210803_3_0_0_3_2_11_0_49.jpg,0,0
10401_20210624_3_0_0_1_2_13_0_3,/content/drive/MyDrive/CD2_DSA/raw/val/images/10401_20210624_3_0_0_1_2_13_0_3.jpg,0,0
9165_20210624_3_0_0_2_2_13_0_159,/content/drive/MyDrive/CD2_DSA/raw/val/images/9165_20210624_3_0_0_2_2_13_0_159.jpg,0,0
108322_20210624_3_0_0_2_2_13_0_195,/content/drive/MyDrive/CD2_DSA/raw/val/images/108322_20210624_3_0_0_2_2_13_0_195.jpg,0,0
307751_20210914_3_0_0_3_2_11_0_351,/content/drive/MyDrive/CD2_DSA/raw/val/images/307751_20210914_3_0_0_3_2_11_0_351.jpg,0,0
308708_20210914_3_0_0_5_2_11_0_185,/content/drive/MyDrive/CD2_DSA/raw/val/images/308708_20210914_3_0_0_5_2_11_0_185.jpg,0,0
308798_20210914_3_0_0_5_2_11_0_274,/content/drive/MyDrive/CD2_DSA/raw/val/images/308798_20210914_3_0_0_5_2_11_0_274.jpg,0,0
304205_20210913_3_0_0_3_2_11_0_442,/content/drive/MyDrive/CD2_DSA/raw/val/images/304205_20210913_3_0_0_3_2_11_0_442.jpg,0,0
124698_20210624_3_0_0_1_2_13_0_49,/content/drive/MyDrive/CD2_DSA/raw/val/images/124698_20210624_3_0_0_1_2_13_0_49.jpg,0,0
125092_20210624_3_0_0_1_2_13_0_123,/content/drive/MyDrive/CD2_DSA/raw/val/images/125092_20210624_3_0_0_1_2_13_0_123.jpg,0,0
125624_20210624_3_0_0_2_2_13_0_28,/content/drive/MyDrive/CD2_DSA/raw/val/images/125624_20210624_3_0_0_2_2_13_0_28.jpg,0,0
311944_20210914_3_0_0_3_2_11_0_67,/content/drive/MyDrive/CD2_DSA/raw/val/images/311944_20210914_3_0_0_3_2_11_0_67.jpg,0,0
304093_20210913_3_0_0_3_2_11_0_330,/content/drive/MyDrive/CD2_DSA/raw/val/images/304093_20210913_3_0_0_3_2_11_0_330.jpg,0,0
123847_20210624_3_0_0_4_2_13_0_11,/content/drive/MyDrive/CD2_DSA/raw/val/images/123847_20210624_3_0_0_4_2_13_0_11.jpg,0,0
16623_20210706_3_1_a9_3_2_13_2_474,/content/drive/MyDrive/CD2_DSA/raw/val/images/16623_20210706_3_1_a9_3_2_13_2_474.jpg,1,1
308479_20210914_3_0_0_3_2_11_0_379,/content/drive/MyDrive/CD2_DSA/raw/val/images/308479_20210914_3_0_0_3_2_11_0_379.jpg,0,0
3648_20210629_3_1_a9_3_2_13_2_27,/content/drive/MyDrive/CD2_DSA/raw/val/images/3648_20210629_3_1_a9_3_2_13_2_27.jpg,1,1
108140_20210624_3_0_0_2_2_13_0_128,/content/drive/MyDrive/CD2_DSA/raw/val/images/108140_20210624_3_0_0_2_2_13_0_128.jpg,0,0
311721_20210803_3_0_0_3_2_11_0_53,/content/drive/MyDrive/CD2_DSA/raw/val/images/311721_20210803_3_0_0_3_2_11_0_53.jpg,0,0
83267_20210624_3_0_0_1_2_13_0_180,/content/drive/MyDrive/CD2_DSA/raw/val/images/83267_20210624_3_0_0_1_2_13_0_180.jpg,0,0
3610_20210629_3_1_a9_3_2_13_1_259,/content/drive/MyDrive/CD2_DSA/raw/val/images/3610_20210629_3_1_a9_3_2_13_1_259.jpg,1,1
3640_20210629_3_1_a9_3_2_13_2_19,/content/drive/MyDrive/CD2_DSA/raw/val/images/3640_20210629_3_1_a9_3_2_13_2_19.jpg,1,1
15095_20210622_3_1_a9_3_2_13_3_6,/content/drive/MyDrive/CD2_DSA/raw/val/images/15095_20210622_3_1_a9_3_2_13_3_6.jpg,1,0
304236_20210913_3_0_0_3_2_11_0_473,/content/drive/MyDrive/CD2_DSA/raw/val/images/304236_20210913_3_0_0_3_2_11_0_473.jpg,0,0
16835_20210713_3_1_a9_3_2_13_3_97,/content/drive/MyDrive/CD2_DSA/raw/val/images/16835_20210713_3_1_a9_3_2_13_3_97.jpg,1,0
16077_20210706_3_1_a9_3_2_13_2_87,/content/drive/MyDrive/CD2_DSA/raw/val/images/16077_20210706_3_1_a9_3_2_13_2_87.jpg,1,0
68541_20210624_3_0_0_2_2_13_0_51,/content/drive/MyDrive/CD2_DSA/raw/val/images/68541_20210624_3_0_0_2_2_13_0_51.jpg,0,0
109498_20210624_3_0_0_3_2_13_0_112,/content/drive/MyDrive/CD2_DSA/raw/val/images/109498_20210624_3_0_0_3_2_13_0_112.jpg,0,0
3416_20210629_3_1_a9_3_2_13_1_171,/content/drive/MyDrive/CD2_DSA/raw/val/images/3416_20210629_3_1_a9_3_2_13_1_171.jpg,1,1
71215_20210624_3_0_0_3_2_13_0_68,/content/drive/MyDrive/CD2_DSA/raw/val/images/71215_20210624_3_0_0_3_2_13_0_68.jpg,0,0
3348_20210629_3_1_a9_3_2_13_1_103,/content/drive/MyDrive/CD2_DSA/raw/val/images/3348_20210629_3_1_a9_3_2_13_1_103.jpg,1,1
9022_20210624_3_0_0_2_2_13_0_24,/content/drive/MyDrive/CD2_DSA/raw/val/images/9022_20210624_3_0_0_2_2_13_0_24.jpg,0,0
312212_20210914_3_0_0_3_2_11_0_335,/content/drive/MyDrive/CD2_DSA/raw/val/images/312212_20210914_3_0_0_3_2_11_0_335.jpg,0,0
867_20210622_3_1_a9_3_2_13_3_65,/content/drive/MyDrive/CD2_DSA/raw/val/images/867_20210622_3_1_a9_3_2_13_3_65.jpg,1,1
311677_20210803_3_0_0_3_2_11_0_9,/content/drive/MyDrive/CD2_DSA/raw/val/images/311677_20210803_3_0_0_3_2_11_0_9.jpg,0,0
170812_20210624_3_0_0_5_2_13_0_6,/content/drive/MyDrive/CD2_DSA/raw/val/images/170812_20210624_3_0_0_5_2_13_0_6.jpg,0,0
308808_20210914_3_0_0_5_2_11_0_284,/content/drive/MyDrive/CD2_DSA/raw/val/images/308808_20210914_3_0_0_5_2_11_0_284.jpg,0,0
312064_20210914_3_0_0_3_2_11_0_187,/content/drive/MyDrive/CD2_DSA/raw/val/images/312064_20210914_3_0_0_3_2_11_0_187.jpg,0,0
307969_20210914_3_0_0_5_2_11_0_166,/content/drive/MyDrive/CD2_DSA/raw/val/images/307969_20210914_3_0_0_5_2_11_0_166.jpg,0,0
16219_20210706_3_1_a9_3_2_13_2_149,/content/drive/MyDrive/CD2_DSA/raw/val/images/16219_20210706_3_1_a9_3_2_13_2_149.jpg,1,1
3835_20210629_3_1_a9_3_2_13_3_44,/content/drive/MyDrive/CD2_DSA/raw/val/images/3835_20210629_3_1_a9_3_2_13_3_44.jpg,1,1
109476_20210624_3_0_0_3_2_13_0_90,/content/drive/MyDrive/CD2_DSA/raw/val/images/109476_20210624_3_0_0_3_2_13_0_90.jpg,0,0
49100_20210624_3_0_0_1_2_13_0_174,/content/drive/MyDrive/CD2_DSA/raw/val/images/49100_20210624_3_0_0_1_2_13_0_174.jpg,0,0
26113_20210624_3_0_0_5_2_13_0_162,/content/drive/MyDrive/CD2_DSA/raw/val/images/26113_20210624_3_0_0_5_2_13_0_162.jpg,0,0
3669_20210629_3_1_a9_3_2_13_2_48,/content/drive/MyDrive/CD2_DSA/raw/val/images/3669_20210629_3_1_a9_3_2_13_2_48.jpg,1,1
125120_20210624_3_0_0_1_2_13_0_151,/content/drive/MyDrive/CD2_DSA/raw/val/images/125120_20210624_3_0_0_1_2_13_0_151.jpg,0,0
3388_20210629_3_1_a9_3_2_13_1_143,/content/drive/MyDrive/CD2_DSA/raw/val/images/3388_20210629_3_1_a9_3_2_13_1_143.jpg,1,1
311894_20210914_3_0_0_3_2_11_0_17,/content/drive/MyDrive/CD2_DSA/raw/val/images/311894_20210914_3_0_0_3_2_11_0_17.jpg,0,0
128831_20210624_3_0_0_1_2_13_0_21,/content/drive/MyDrive/CD2_DSA/raw/val/images/128831_20210624_3_0_0_1_2_13_0_21.jpg,0,0
16341_20210706_3_1_a9_3_2_13_2_271,/content/drive/MyDrive/CD2_DSA/raw/val/images/16341_20210706_3_1_a9_3_2_13_2_271.jpg,1,1
307542_20210914_3_0_0_3_2_11_0_142,/content/drive/MyDrive/CD2_DSA/raw/val/images/307542_20210914_3_0_0_3_2_11_0_142.jpg,0,0
1094_20210624_3_0_0_1_2_13_0_149,/content/drive/MyDrive/CD2_DSA/raw/val/images/1094_20210624_3_0_0_1_2_13_0_149.jpg,0,0
3156_20210629_3_1_a9_3_2_13_1_11,/content/drive/MyDrive/CD2_DSA/raw/val/images/3156_20210629_3_1_a9_3_2_13_1_11.jpg,1,0
124707_20210624_3_0_0_1_2_13_0_58,/content/drive/MyDrive/CD2_DSA/raw/val/images/124707_20210624_3_0_0_1_2_13_0_58.jpg,0,0
16414_20210706_3_1_a9_3_2_13_2_330,/content/drive/MyDrive/CD2_DSA/raw/val/images/16414_20210706_3_1_a9_3_2_13_2_330.jpg,1,1
308847_20210914_3_0_0_5_2_11_0_323,/content/drive/MyDrive/CD2_DSA/raw/val/images/308847_20210914_3_0_0_5_2_11_0_323.jpg,0,0
125623_20210624_3_0_0_2_2_13_0_27,/content/drive/MyDrive/CD2_DSA/raw/val/images/125623_20210624_3_0_0_2_2_13_0_27.jpg,0,0
65899_20210624_3_0_0_4_2_13_0_30,/content/drive/MyDrive/CD2_DSA/raw/val/images/65899_20210624_3_0_0_4_2_13_0_30.jpg,0,0
170894_20210624_3_0_0_5_2_13_0_88,/content/drive/MyDrive/CD2_DSA/raw/val/images/170894_20210624_3_0_0_5_2_13_0_88.jpg,0,0
1023_20210624_3_0_0_1_2_13_0_78,/content/drive/MyDrive/CD2_DSA/raw/val/images/1023_20210624_3_0_0_1_2_13_0_78.jpg,0,0
125140_20210624_3_0_0_1_2_13_0_171,/content/drive/MyDrive/CD2_DSA/raw/val/images/125140_20210624_3_0_0_1_2_13_0_171.jpg,0,0
308112_20210914_3_0_0_3_2_11_0_12,/content/drive/MyDrive/CD2_DSA/raw/val/images/308112_20210914_3_0_0_3_2_11_0_12.jpg,0,0
308009_20210914_3_0_0_5_2_11_0_206,/content/drive/MyDrive/CD2_DSA/raw/val/images/308009_20210914_3_0_0_5_2_11_0_206.jpg,0,0
15801_20210622_3_1_a9_3_2_13_2_42,/content/drive/MyDrive/CD2_DSA/raw/val/images/15801_20210622_3_1_a9_3_2_13_2_42.jpg,1,1
3354_20210629_3_1_a9_3_2_13_1_109,/content/drive/MyDrive/CD2_DSA/raw/val/images/3354_20210629_3_1_a9_3_2_13_1_109.jpg,1,1
16892_20210622_3_1_a9_3_2_13_1_52,/content/drive/MyDrive/CD2_DSA/raw/val/images/16892_20210622_3_1_a9_3_2_13_1_52.jpg,1,0
307477_20210914_3_0_0_3_2_11_0_77,/content/drive/MyDrive/CD2_DSA/raw/val/images/307477_20210914_3_0_0_3_2_11_0_77.jpg,0,0
14612_20210624_3_0_0_3_2_13_0_124,/content/drive/MyDrive/CD2_DSA/raw/val/images/14612_20210624_3_0_0_3_2_13_0_124.jpg,0,0
125695_20210624_3_0_0_2_2_13_0_99,/content/drive/MyDrive/CD2_DSA/raw/val/images/125695_20210624_3_0_0_2_2_13_0_99.jpg,0,0
16395_20210706_3_1_a9_3_2_13_2_311,/content/drive/MyDrive/CD2_DSA/raw/val/images/16395_20210706_3_1_a9_3_2_13_2_311.jpg,1,1
16821_20210713_3_1_a9_3_2_13_3_83,/content/drive/MyDrive/CD2_DSA/raw/val/images/16821_20210713_3_1_a9_3_2_13_3_83.jpg,1,1
304288_20210913_3_0_0_3_2_11_0_525,/content/drive/MyDrive/CD2_DSA/raw/val/images/304288_20210913_3_0_0_3_2_11_0_525.jpg,0,0
17052_20210622_3_1_a9_3_2_13_1_173,/content/drive/MyDrive/CD2_DSA/raw/val/images/17052_20210622_3_1_a9_3_2_13_1_173.jpg,1,0
16374_20210622_3_1_a9_3_2_13_3_3,/content/drive/MyDrive/CD2_DSA/raw/val/images/16374_20210622_3_1_a9_3_2_13_3_3.jpg,1,1
3680_20210629_3_1_a9_3_2_13_2_59,/content/drive/MyDrive/CD2_DSA/raw/val/images/3680_20210629_3_1_a9_3_2_13_2_59.jpg,1,1
16415_20210706_3_1_a9_3_2_13_2_331,/content/drive/MyDrive/CD2_DSA/raw/val/images/16415_20210706_3_1_a9_3_2_13_2_331.jpg,1,1
67543_20210624_3_0_0_1_2_13_0_144,/content/drive/MyDrive/CD2_DSA/raw/val/images/67543_20210624_3_0_0_1_2_13_0_144.jpg,0,0
125631_20210624_3_0_0_2_2_13_0_35,/content/drive/MyDrive/CD2_DSA/raw/val/images/125631_20210624_3_0_0_2_2_13_0_35.jpg,0,0
650_20210622_3_1_a9_3_2_13_1_15,/content/drive/MyDrive/CD2_DSA/raw/val/images/650_20210622_3_1_a9_3_2_13_1_15.jpg,1,1
895_20210622_3_1_a9_3_2_13_3_93,/content/drive/MyDrive/CD2_DSA/raw/val/images/895_20210622_3_1_a9_3_2_13_3_93.jpg,1,1
7209_20210624_3_0_0_1_2_13_0_253,/content/drive/MyDrive/CD2_DSA/raw/val/images/7209_20210624_3_0_0_1_2_13_0_253.jpg,0,0
682_20210622_3_1_a9_3_2_13_1_47,/content/drive/MyDrive/CD2_DSA/raw/val/images/682_20210622_3_1_a9_3_2_13_1_47.jpg,1,1
308216_20210914_3_0_0_3_2_11_0_116,/content/drive/MyDrive/CD2_DSA/raw/val/images/308216_20210914_3_0_0_3_2_11_0_116.jpg,0,0
16257_20210706_3_1_a9_3_2_13_2_187,/content/drive/MyDrive/CD2_DSA/raw/val/images/16257_20210706_3_1_a9_3_2_13_2_187.jpg,1,1
16477_20210706_3_1_a9_3_2_13_2_393,/content/drive/MyDrive/CD2_DSA/raw/val/images/16477_20210706_3_1_a9_3_2_13_2_393.jpg,1,0
307954_20210914_3_0_0_5_2_11_0_151,/content/drive/MyDrive/CD2_DSA/raw/val/images/307954_20210914_3_0_0_5_2_11_0_151.jpg,0,0
15681_20210706_3_1_a9_3_2_13_3_112,/content/drive/MyDrive/CD2_DSA/raw/val/images/15681_20210706_3_1_a9_3_2_13_3_112.jpg,1,1
677_20210622_3_1_a9_3_2_13_1_42,/content/drive/MyDrive/CD2_DSA/raw/val/images/677_20210622_3_1_a9_3_2_13_1_42.jpg,1,1
95276_20210624_3_0_0_1_2_13_0_97,/content/drive/MyDrive/CD2_DSA/raw/val/images/95276_20210624_3_0_0_1_2_13_0_97.jpg,0,0
308458_20210914_3_0_0_3_2_11_0_358,/content/drive/MyDrive/CD2_DSA/raw/val/images/308458_20210914_3_0_0_3_2_11_0_358.jpg,0,0
312012_20210914_3_0_0_3_2_11_0_135,/content/drive/MyDrive/CD2_DSA/raw/val/images/312012_20210914_3_0_0_3_2_11_0_135.jpg,0,0
95238_20210624_3_0_0_1_2_13_0_59,/content/drive/MyDrive/CD2_DSA/raw/val/images/95238_20210624_3_0_0_1_2_13_0_59.jpg,0,0
312062_20210914_3_0_0_3_2_11_0_185,/content/drive/MyDrive/CD2_DSA/raw/val/images/312062_20210914_3_0_0_3_2_11_0_185.jpg,0,0
916_20210622_3_1_a9_3_2_13_3_114,/content/drive/MyDrive/CD2_DSA/raw/val/images/916_20210622_3_1_a9_3_2_13_3_114.jpg,1,1
308508_20210914_3_0_0_3_2_11_0_408,/content/drive/MyDrive/CD2_DSA/raw/val/images/308508_20210914_3_0_0_3_2_11_0_408.jpg,0,0
16517_20210706_3_1_a9_3_2_13_3_32,/content/drive/MyDrive/CD2_DSA/raw/val/images/16517_20210706_3_1_a9_3_2_13_3_32.jpg,1,1
311893_20210914_3_0_0_3_2_11_0_16,/content/drive/MyDrive/CD2_DSA/raw/val/images/311893_20210914_3_0_0_3_2_11_0_16.jpg,0,0
65948_20210624_3_0_0_4_2_13_0_79,/content/drive/MyDrive/CD2_DSA/raw/val/images/65948_20210624_3_0_0_4_2_13_0_79.jpg,0,0
49867_20210624_3_0_0_3_2_13_0_5,/content/drive/MyDrive/CD2_DSA/raw/val/images/49867_20210624_3_0_0_3_2_13_0_5.jpg,0,0
311999_20210914_3_0_0_3_2_11_0_122,/content/drive/MyDrive/CD2_DSA/raw/val/images/311999_20210914_3_0_0_3_2_11_0_122.jpg,0,0
26122_20210624_3_0_0_5_2_13_0_171,/content/drive/MyDrive/CD2_DSA/raw/val/images/26122_20210624_3_0_0_5_2_13_0_171.jpg,0,0
71171_20210624_3_0_0_3_2_13_0_24,/content/drive/MyDrive/CD2_DSA/raw/val/images/71171_20210624_3_0_0_3_2_13_0_24.jpg,0,0
67588_20210624_3_0_0_1_2_13_0_159,/content/drive/MyDrive/CD2_DSA/raw/val/images/67588_20210624_3_0_0_1_2_13_0_159.jpg,0,0
16917_20210622_3_1_a9_3_2_13_2_7,/content/drive/MyDrive/CD2_DSA/raw/val/images/16917_20210622_3_1_a9_3_2_13_2_7.jpg,1,1
106603_20210624_3_0_0_1_2_13_0_200,/content/drive/MyDrive/CD2_DSA/raw/val/images/106603_20210624_3_0_0_1_2_13_0_200.jpg,0,0
304211_20210913_3_0_0_3_2_11_0_448,/content/drive/MyDrive/CD2_DSA/raw/val/images/304211_20210913_3_0_0_3_2_11_0_448.jpg,0,0
769_20210622_3_1_a9_3_2_13_1_134,/content/drive/MyDrive/CD2_DSA/raw/val/images/769_20210622_3_1_a9_3_2_13_1_134.jpg,1,1
170871_20210624_3_0_0_5_2_13_0_65,/content/drive/MyDrive/CD2_DSA/raw/val/images/170871_20210624_3_0_0_5_2_13_0_65.jpg,0,0
86842_20210624_3_0_0_1_2_13_0_167,/content/drive/MyDrive/CD2_DSA/raw/val/images/86842_20210624_3_0_0_1_2_13_0_167.jpg,0,0
3695_20210629_3_1_a9_3_2_13_2_74,/content/drive/MyDrive/CD2_DSA/raw/val/images/3695_20210629_3_1_a9_3_2_13_2_74.jpg,1,1
307719_20210914_3_0_0_3_2_11_0_319,/content/drive/MyDrive/CD2_DSA/raw/val/images/307719_20210914_3_0_0_3_2_11_0_319.jpg,0,0
71172_20210624_3_0_0_3_2_13_0_25,/content/drive/MyDrive/CD2_DSA/raw/val/images/71172_20210624_3_0_0_3_2_13_0_25.jpg,0,0
3643_20210629_3_1_a9_3_2_13_2_22,/content/drive/MyDrive/CD2_DSA/raw/val/images/3643_20210629_3_1_a9_3_2_13_2_22.jpg,1,1
1474_20210622_3_1_a9_3_2_13_2_46,/content/drive/MyDrive/CD2_DSA/raw/val/images/1474_20210622_3_1_a9_3_2_13_2_46.jpg,1,0
71187_20210624_3_0_0_3_2_13_0_40,/content/drive/MyDrive/CD2_DSA/raw/val/images/71187_20210624_3_0_0_3_2_13_0_40.jpg,0,0
2567_20210624_3_0_0_3_2_13_0_153,/content/drive/MyDrive/CD2_DSA/raw/val/images/2567_20210624_3_0_0_3_2_13_0_153.jpg,0,0
932_20210622_3_1_a9_3_2_13_3_130,/content/drive/MyDrive/CD2_DSA/raw/val/images/932_20210622_3_1_a9_3_2_13_3_130.jpg,1,1
1592_20210622_3_1_a9_3_2_13_2_164,/content/drive/MyDrive/CD2_DSA/raw/val/images/1592_20210622_3_1_a9_3_2_13_2_164.jpg,1,1
16232_20210706_3_1_a9_3_2_13_2_162,/content/drive/MyDrive/CD2_DSA/raw/val/images/16232_20210706_3_1_a9_3_2_13_2_162.jpg,1,0
17011_20210622_3_1_a9_3_2_13_1_132,/content/drive/MyDrive/CD2_DSA/raw/val/images/17011_20210622_3_1_a9_3_2_13_1_132.jpg,1,0
3845_20210629_3_1_a9_3_2_13_3_54,/content/drive/MyDrive/CD2_DSA/raw/val/images/3845_20210629_3_1_a9_3_2_13_3_54.jpg,1,1
3609_20210629_3_1_a9_3_2_13_1_258,/content/drive/MyDrive/CD2_DSA/raw/val/images/3609_20210629_3_1_a9_3_2_13_1_258.jpg,1,0
312163_20210914_3_0_0_3_2_11_0_286,/content/drive/MyDrive/CD2_DSA/raw/val/images/312163_20210914_3_0_0_3_2_11_0_286.jpg,0,0
83274_20210624_3_0_0_1_2_13_0_187,/content/drive/MyDrive/CD2_DSA/raw/val/images/83274_20210624_3_0_0_1_2_13_0_187.jpg,0,0
95526_20210624_3_0_0_1_2_13_0_192,/content/drive/MyDrive/CD2_DSA/raw/val/images/95526_20210624_3_0_0_1_2_13_0_192.jpg,0,0
86554_20210624_3_0_0_1_2_13_0_123,/content/drive/MyDrive/CD2_DSA/raw/val/images/86554_20210624_3_0_0_1_2_13_0_123.jpg,0,0
307561_20210914_3_0_0_3_2_11_0_161,/content/drive/MyDrive/CD2_DSA/raw/val/images/307561_20210914_3_0_0_3_2_11_0_161.jpg,0,0
82880_20210624_3_0_0_1_2_13_0_51,/content/drive/MyDrive/CD2_DSA/raw/val/images/82880_20210624_3_0_0_1_2_13_0_51.jpg,0,0
3982_20210622_3_1_a9_3_2_13_2_13,/content/drive/MyDrive/CD2_DSA/raw/val/images/3982_20210622_3_1_a9_3_2_13_2_13.jpg,1,1
125097_20210624_3_0_0_1_2_13_0_128,/content/drive/MyDrive/CD2_DSA/raw/val/images/125097_20210624_3_0_0_1_2_13_0_128.jpg,0,0
82890_20210624_3_0_0_1_2_13_0_61,/content/drive/MyDrive/CD2_DSA/raw/val/images/82890_20210624_3_0_0_1_2_13_0_61.jpg,0,0
16891_20210622_3_1_a9_3_2_13_1_51,/content/drive/MyDrive/CD2_DSA/raw/val/images/16891_20210622_3_1_a9_3_2_13_1_51.jpg,1,0
84093_20210708_3_0_0_1_2_13_0_159,/content/drive/MyDrive/CD2_DSA/raw/val/images/84093_20210708_3_0_0_1_2_13_0_159.jpg,0,0
308456_20210914_3_0_0_3_2_11_0_356,/content/drive/MyDrive/CD2_DSA/raw/val/images/308456_20210914_3_0_0_3_2_11_0_356.jpg,0,0
6458_20210622_3_1_a9_3_2_13_1_107,/content/drive/MyDrive/CD2_DSA/raw/val/images/6458_20210622_3_1_a9_3_2_13_1_107.jpg,1,1
308345_20210914_3_0_0_3_2_11_0_245,/content/drive/MyDrive/CD2_DSA/raw/val/images/308345_20210914_3_0_0_3_2_11_0_245.jpg,0,0
308229_20210914_3_0_0_3_2_11_0_129,/content/drive/MyDrive/CD2_DSA/raw/val/images/308229_20210914_3_0_0_3_2_11_0_129.jpg,0,0
307825_20210914_3_0_0_5_2_11_0_22,/content/drive/MyDrive/CD2_DSA/raw/val/images/307825_20210914_3_0_0_5_2_11_0_22.jpg,0,0
86858_20210624_3_0_0_1_2_13_0_183,/content/drive/MyDrive/CD2_DSA/raw/val/images/86858_20210624_3_0_0_1_2_13_0_183.jpg,0,0
4508_20210622_3_1_a9_3_2_13_2_76,/content/drive/MyDrive/CD2_DSA/raw/val/images/4508_20210622_3_1_a9_3_2_13_2_76.jpg,1,1
308082_20210914_3_0_0_5_2_11_0_279,/content/drive/MyDrive/CD2_DSA/raw/val/images/308082_20210914_3_0_0_5_2_11_0_279.jpg,0,0
67480_20210624_3_0_0_1_2_13_0_81,/content/drive/MyDrive/CD2_DSA/raw/val/images/67480_20210624_3_0_0_1_2_13_0_81.jpg,0,0
307571_20210914_3_0_0_3_2_11_0_171,/content/drive/MyDrive/CD2_DSA/raw/val/images/307571_20210914_3_0_0_3_2_11_0_171.jpg,0,0
16639_20210706_3_1_a9_3_2_13_2_490,/content/drive/MyDrive/CD2_DSA/raw/val/images/16639_20210706_3_1_a9_3_2_13_2_490.jpg,1,1
15900_20210622_3_1_a9_3_2_13_2_141,/content/drive/MyDrive/CD2_DSA/raw/val/images/15900_20210622_3_1_a9_3_2_13_2_141.jpg,1,1
16079_20210706_3_1_a9_3_2_13_2_89,/content/drive/MyDrive/CD2_DSA/raw/val/images/16079_20210706_3_1_a9_3_2_13_2_89.jpg,1,1
26093_20210624_3_0_0_5_2_13_0_142,/content/drive/MyDrive/CD2_DSA/raw/val/images/26093_20210624_3_0_0_5_2_13_0_142.jpg,0,0
15906_20210622_3_1_a9_3_2_13_2_147,/content/drive/MyDrive/CD2_DSA/raw/val/images/15906_20210622_3_1_a9_3_2_13_2_147.jpg,1,1
6833_20210624_3_0_0_1_2_13_0_58,/content/drive/MyDrive/CD2_DSA/raw/val/images/6833_20210624_3_0_0_1_2_13_0_58.jpg,0,0
5253_20210622_3_1_a9_3_2_13_2_129,/content/drive/MyDrive/CD2_DSA/raw/val/images/5253_20210622_3_1_a9_3_2_13_2_129.jpg,1,1
10467_20210624_3_0_0_1_2_13_0_16,/content/drive/MyDrive/CD2_DSA/raw/val/images/10467_20210624_3_0_0_1_2_13_0_16.jpg,0,0
95262_20210624_3_0_0_1_2_13_0_83,/content/drive/MyDrive/CD2_DSA/raw/val/images/95262_20210624_3_0_0_1_2_13_0_83.jpg,0,0
95453_20210624_3_0_0_1_2_13_0_119,/content/drive/MyDrive/CD2_DSA/raw/val/images/95453_20210624_3_0_0_1_2_13_0_119.jpg,0,0
65897_20210624_3_0_0_4_2_13_0_28,/content/drive/MyDrive/CD2_DSA/raw/val/images/65897_20210624_3_0_0_4_2_13_0_28.jpg,0,0
16578_20210706_3_1_a9_3_2_13_2_429,/content/drive/MyDrive/CD2_DSA/raw/val/images/16578_20210706_3_1_a9_3_2_13_2_429.jpg,1,1
308682_20210914_3_0_0_5_2_11_0_159,/content/drive/MyDrive/CD2_DSA/raw/val/images/308682_20210914_3_0_0_5_2_11_0_159.jpg,0,0
49077_20210624_3_0_0_1_2_13_0_151,/content/drive/MyDrive/CD2_DSA/raw/val/images/49077_20210624_3_0_0_1_2_13_0_151.jpg,0,0
307603_20210914_3_0_0_3_2_11_0_203,/content/drive/MyDrive/CD2_DSA/raw/val/images/307603_20210914_3_0_0_3_2_11_0_203.jpg,0,0
17044_20210622_3_1_a9_3_2_13_1_165,/content/drive/MyDrive/CD2_DSA/raw/val/images/17044_20210622_3_1_a9_3_2_13_1_165.jpg,1,1
16614_20210706_3_1_a9_3_2_13_2_465,/content/drive/MyDrive/CD2_DSA/raw/val/images/16614_20210706_3_1_a9_3_2_13_2_465.jpg,1,0
6897_20210624_3_0_0_1_2_13_0_122,/content/drive/MyDrive/CD2_DSA/raw/val/images/6897_20210624_3_0_0_1_2_13_0_122.jpg,0,0
16452_20210706_3_1_a9_3_2_13_2_368,/content/drive/MyDrive/CD2_DSA/raw/val/images/16452_20210706_3_1_a9_3_2_13_2_368.jpg,1,1
308295_20210914_3_0_0_3_2_11_0_195,/content/drive/MyDrive/CD2_DSA/raw/val/images/308295_20210914_3_0_0_3_2_11_0_195.jpg,0,0
308696_20210914_3_0_0_5_2_11_0_173,/content/drive/MyDrive/CD2_DSA/raw/val/images/308696_20210914_3_0_0_5_2_11_0_173.jpg,0,0
308762_20210914_3_0_0_5_2_11_0_238,/content/drive/MyDrive/CD2_DSA/raw/val/images/308762_20210914_3_0_0_5_2_11_0_238.jpg,0,0
6757_20210622_3_1_a9_3_2_13_1_153,/content/drive/MyDrive/CD2_DSA/raw/val/images/6757_20210622_3_1_a9_3_2_13_1_153.jpg,1,0
125659_20210624_3_0_0_2_2_13_0_63,/content/drive/MyDrive/CD2_DSA/raw/val/images/125659_20210624_3_0_0_2_2_13_0_63.jpg,0,0
3656_20210629_3_1_a9_3_2_13_2_35,/content/drive/MyDrive/CD2_DSA/raw/val/images/3656_20210629_3_1_a9_3_2_13_2_35.jpg,1,0
71149_20210624_3_0_0_3_2_13_0_2,/content/drive/MyDrive/CD2_DSA/raw/val/images/71149_20210624_3_0_0_3_2_13_0_2.jpg,0,0
15464_20210622_3_1_a9_3_2_13_3_168,/content/drive/MyDrive/CD2_DSA/raw/val/images/15464_20210622_3_1_a9_3_2_13_3_168.jpg,1,0
15799_20210622_3_1_a9_3_2_13_2_40,/content/drive/MyDrive/CD2_DSA/raw/val/images/15799_20210622_3_1_a9_3_2_13_2_40.jpg,1,1
15904_20210622_3_1_a9_3_2_13_2_145,/content/drive/MyDrive/CD2_DSA/raw/val/images/15904_20210622_3_1_a9_3_2_13_2_145.jpg,1,0
17005_20210622_3_1_a9_3_2_13_1_126,/content/drive/MyDrive/CD2_DSA/raw/val/images/17005_20210622_3_1_a9_3_2_13_1_126.jpg,1,1
304022_20210913_3_0_0_3_2_11_0_259,/content/drive/MyDrive/CD2_DSA/raw/val/images/304022_20210913_3_0_0_3_2_11_0_259.jpg,0,0
13469_20210624_3_0_0_1_2_13_0_194,/content/drive/MyDrive/CD2_DSA/raw/val/images/13469_20210624_3_0_0_1_2_13_0_194.jpg,0,0
3353_20210629_3_1_a9_3_2_13_1_108,/content/drive/MyDrive/CD2_DSA/raw/val/images/3353_20210629_3_1_a9_3_2_13_1_108.jpg,1,0
16458_20210706_3_1_a9_3_2_13_2_374,/content/drive/MyDrive/CD2_DSA/raw/val/images/16458_20210706_3_1_a9_3_2_13_2_374.jpg,1,1
86162_20210624_3_0_0_1_2_13_0_21,/content/drive/MyDrive/CD2_DSA/raw/val/images/86162_20210624_3_0_0_1_2_13_0_21.jpg,0,0
3873_20210622_3_1_a9_3_2_13_2_4,/content/drive/MyDrive/CD2_DSA/raw/val/images/3873_20210622_3_1_a9_3_2_13_2_4.jpg,1,1
7129_20210624_3_0_0_1_2_13_0_173,/content/drive/MyDrive/CD2_DSA/raw/val/images/7129_20210624_3_0_0_1_2_13_0_173.jpg,0,0
128816_20210624_3_0_0_1_2_13_0_6,/content/drive/MyDrive/CD2_DSA/raw/val/images/128816_20210624_3_0_0_1_2_13_0_6.jpg,0,0
9145_20210624_3_0_0_2_2_13_0_139,/content/drive/MyDrive/CD2_DSA/raw/val/images/9145_20210624_3_0_0_2_2_13_0_139.jpg,0,0
304137_20210913_3_0_0_3_2_11_0_374,/content/drive/MyDrive/CD2_DSA/raw/val/images/304137_20210913_3_0_0_3_2_11_0_374.jpg,0,0
304111_20210913_3_0_0_3_2_11_0_348,/content/drive/MyDrive/CD2_DSA/raw/val/images/304111_20210913_3_0_0_3_2_11_0_348.jpg,0,0
308017_20210914_3_0_0_5_2_11_0_214,/content/drive/MyDrive/CD2_DSA/raw/val/images/308017_20210914_3_0_0_5_2_11_0_214.jpg,0,0
108300_20210624_3_0_0_2_2_13_0_173,/content/drive/MyDrive/CD2_DSA/raw/val/images/108300_20210624_3_0_0_2_2_13_0_173.jpg,0,0
83214_20210624_3_0_0_1_2_13_0_127,/content/drive/MyDrive/CD2_DSA/raw/val/images/83214_20210624_3_0_0_1_2_13_0_127.jpg,0,0
16737_20210706_3_1_a9_3_2_13_2_588,/content/drive/MyDrive/CD2_DSA/raw/val/images/16737_20210706_3_1_a9_3_2_13_2_588.jpg,1,1
312045_20210914_3_0_0_3_2_11_0_168,/content/drive/MyDrive/CD2_DSA/raw/val/images/312045_20210914_3_0_0_3_2_11_0_168.jpg,0,0
106221_20210624_3_0_0_1_2_13_0_18,/content/drive/MyDrive/CD2_DSA/raw/val/images/106221_20210624_3_0_0_1_2_13_0_18.jpg,0,0
26216_20210624_3_0_0_5_2_13_0_177,/content/drive/MyDrive/CD2_DSA/raw/val/images/26216_20210624_3_0_0_5_2_13_0_177.jpg,0,0
935_20210622_3_1_a9_3_2_13_3_133,/content/drive/MyDrive/CD2_DSA/raw/val/images/935_20210622_3_1_a9_3_2_13_3_133.jpg,1,0
15499_20210622_3_1_a9_3_2_13_3_203,/content/drive/MyDrive/CD2_DSA/raw/val/images/15499_20210622_3_1_a9_3_2_13_3_203.jpg,1,0
811_20210622_3_1_a9_3_2_13_3_9,/content/drive/MyDrive/CD2_DSA/raw/val/images/811_20210622_3_1_a9_3_2_13_3_9.jpg,1,1
7166_20210624_3_0_0_1_2_13_0_210,/content/drive/MyDrive/CD2_DSA/raw/val/images/7166_20210624_3_0_0_1_2_13_0_210.jpg,0,0
698_20210622_3_1_a9_3_2_13_1_63,/content/drive/MyDrive/CD2_DSA/raw/val/images/698_20210622_3_1_a9_3_2_13_1_63.jpg,1,1
125122_20210624_3_0_0_1_2_13_0_153,/content/drive/MyDrive/CD2_DSA/raw/val/images/125122_20210624_3_0_0_1_2_13_0_153.jpg,0,0
1500_20210622_3_1_a9_3_2_13_2_72,/content/drive/MyDrive/CD2_DSA/raw/val/images/1500_20210622_3_1_a9_3_2_13_2_72.jpg,1,0
312236_20210914_3_0_0_3_2_11_0_359,/content/drive/MyDrive/CD2_DSA/raw/val/images/312236_20210914_3_0_0_3_2_11_0_359.jpg,0,0
7138_20210624_3_0_0_1_2_13_0_182,/content/drive/MyDrive/CD2_DSA/raw/val/images/7138_20210624_3_0_0_1_2_13_0_182.jpg,0,0
3668_20210629_3_1_a9_3_2_13_2_47,/content/drive/MyDrive/CD2_DSA/raw/val/images/3668_20210629_3_1_a9_3_2_13_2_47.jpg,1,1
2677_20210624_3_0_0_4_2_13_0_146,/content/drive/MyDrive/CD2_DSA/raw/val/images/2677_20210624_3_0_0_4_2_13_0_146.jpg,0,0
308546_20210914_3_0_0_5_2_11_0_22,/content/drive/MyDrive/CD2_DSA/raw/val/images/308546_20210914_3_0_0_5_2_11_0_22.jpg,0,0
5724_20210622_3_1_a9_3_2_13_1_9,/content/drive/MyDrive/CD2_DSA/raw/val/images/5724_20210622_3_1_a9_3_2_13_1_9.jpg,1,1
16706_20210706_3_1_a9_3_2_13_2_557,/content/drive/MyDrive/CD2_DSA/raw/val/images/16706_20210706_3_1_a9_3_2_13_2_557.jpg,1,1
16403_20210706_3_1_a9_3_2_13_2_319,/content/drive/MyDrive/CD2_DSA/raw/val/images/16403_20210706_3_1_a9_3_2_13_2_319.jpg,1,1
997_20210624_3_0_0_1_2_13_0_52,/content/drive/MyDrive/CD2_DSA/raw/val/images/997_20210624_3_0_0_1_2_13_0_52.jpg,0,0
872_20210622_3_1_a9_3_2_13_3_70,/content/drive/MyDrive/CD2_DSA/raw/val/images/872_20210622_3_1_a9_3_2_13_3_70.jpg,1,1
11560_20210624_3_0_0_1_2_13_0_115,/content/drive/MyDrive/CD2_DSA/raw/val/images/11560_20210624_3_0_0_1_2_13_0_115.jpg,0,0
12006_20210624_3_0_0_1_2_13_0_147,/content/drive/MyDrive/CD2_DSA/raw/val/images/12006_20210624_3_0_0_1_2_13_0_147.jpg,0,0
88984_20210624_3_0_0_3_2_13_0_7,/content/drive/MyDrive/CD2_DSA/raw/val/images/88984_20210624_3_0_0_3_2_13_0_7.jpg,0,0
308742_20210914_3_0_0_5_2_11_0_218,/content/drive/MyDrive/CD2_DSA/raw/val/images/308742_20210914_3_0_0_5_2_11_0_218.jpg,0,0
83256_20210624_3_0_0_1_2_13_0_169,/content/drive/MyDrive/CD2_DSA/raw/val/images/83256_20210624_3_0_0_1_2_13_0_169.jpg,0,0
311914_20210914_3_0_0_3_2_11_0_37,/content/drive/MyDrive/CD2_DSA/raw/val/images/311914_20210914_3_0_0_3_2_11_0_37.jpg,0,0
15791_20210622_3_1_a9_3_2_13_2_32,/content/drive/MyDrive/CD2_DSA/raw/val/images/15791_20210622_3_1_a9_3_2_13_2_32.jpg,1,0
304267_20210913_3_0_0_3_2_11_0_504,/content/drive/MyDrive/CD2_DSA/raw/val/images/304267_20210913_3_0_0_3_2_11_0_504.jpg,0,0
304297_20210913_3_0_0_3_2_11_0_534,/content/drive/MyDrive/CD2_DSA/raw/val/images/304297_20210913_3_0_0_3_2_11_0_534.jpg,0,0
1008_20210624_3_0_0_1_2_13_0_63,/content/drive/MyDrive/CD2_DSA/raw/val/images/1008_20210624_3_0_0_1_2_13_0_63.jpg,0,0
311725_20210803_3_0_0_3_2_11_0_57,/content/drive/MyDrive/CD2_DSA/raw/val/images/311725_20210803_3_0_0_3_2_11_0_57.jpg,0,0
15872_20210622_3_1_a9_3_2_13_2_113,/content/drive/MyDrive/CD2_DSA/raw/val/images/15872_20210622_3_1_a9_3_2_13_2_113.jpg,1,0
3663_20210629_3_1_a9_3_2_13_2_42,/content/drive/MyDrive/CD2_DSA/raw/val/images/3663_20210629_3_1_a9_3_2_13_2_42.jpg,1,1
95228_20210624_3_0_0_1_2_13_0_49,/content/drive/MyDrive/CD2_DSA/raw/val/images/95228_20210624_3_0_0_1_2_13_0_49.jpg,0,0
3394_20210629_3_1_a9_3_2_13_1_149,/content/drive/MyDrive/CD2_DSA/raw/val/images/3394_20210629_3_1_a9_3_2_13_1_149.jpg,1,0
312153_20210914_3_0_0_3_2_11_0_276,/content/drive/MyDrive/CD2_DSA/raw/val/images/312153_20210914_3_0_0_3_2_11_0_276.jpg,0,0
15376_20210622_3_1_a9_3_2_13_3_80,/content/drive/MyDrive/CD2_DSA/raw/val/images/15376_20210622_3_1_a9_3_2_13_3_80.jpg,1,0
106573_20210624_3_0_0_1_2_13_0_170,/content/drive/MyDrive/CD2_DSA/raw/val/images/106573_20210624_3_0_0_1_2_13_0_170.jpg,0,0
15584_20210706_3_1_a9_3_2_13_3_15,/content/drive/MyDrive/CD2_DSA/raw/val/images/15584_20210706_3_1_a9_3_2_13_3_15.jpg,1,0
304339_20210913_3_0_0_3_2_11_0_576,/content/drive/MyDrive/CD2_DSA/raw/val/images/304339_20210913_3_0_0_3_2_11_0_576.jpg,0,0
308495_20210914_3_0_0_3_2_11_0_395,/content/drive/MyDrive/CD2_DSA/raw/val/images/308495_20210914_3_0_0_3_2_11_0_395.jpg,0,0
11245_20210624_3_0_0_1_2_13_0_101,/content/drive/MyDrive/CD2_DSA/raw/val/images/11245_20210624_3_0_0_1_2_13_0_101.jpg,0,0
15789_20210622_3_1_a9_3_2_13_2_30,/content/drive/MyDrive/CD2_DSA/raw/val/images/15789_20210622_3_1_a9_3_2_13_2_30.jpg,1,1
870_20210622_3_1_a9_3_2_13_3_68,/content/drive/MyDrive/CD2_DSA/raw/val/images/870_20210622_3_1_a9_3_2_13_3_68.jpg,1,1
16508_20210706_3_1_a9_3_2_13_3_23,/content/drive/MyDrive/CD2_DSA/raw/val/images/16508_20210706_3_1_a9_3_2_13_3_23.jpg,1,1
15571_20210706_3_1_a9_3_2_13_3_2,/content/drive/MyDrive/CD2_DSA/raw/val/images/15571_20210706_3_1_a9_3_2_13_3_2.jpg,1,1
24949_20210624_3_0_0_5_2_13_0_1,/content/drive/MyDrive/CD2_DSA/raw/val/images/24949_20210624_3_0_0_5_2_13_0_1.jpg,0,0
15582_20210706_3_1_a9_3_2_13_3_13,/content/drive/MyDrive/CD2_DSA/raw/val/images/15582_20210706_3_1_a9_3_2_13_3_13.jpg,1,1
842_20210622_3_1_a9_3_2_13_3_40,/content/drive/MyDrive/CD2_DSA/raw/val/images/842_20210622_3_1_a9_3_2_13_3_40.jpg,1,1
67640_20210624_3_0_0_1_2_13_0_211,/content/drive/MyDrive/CD2_DSA/raw/val/images/67640_20210624_3_0_0_1_2_13_0_211.jpg,0,0
307885_20210914_3_0_0_5_2_11_0_82,/content/drive/MyDrive/CD2_DSA/raw/val/images/307885_20210914_3_0_0_5_2_11_0_82.jpg,0,0
3600_20210629_3_1_a9_3_2_13_1_249,/content/drive/MyDrive/CD2_DSA/raw/val/images/3600_20210629_3_1_a9_3_2_13_1_249.jpg,1,1
49115_20210624_3_0_0_1_2_13_0_189,/content/drive/MyDrive/CD2_DSA/raw/val/images/49115_20210624_3_0_0_1_2_13_0_189.jpg,0,0
7124_20210624_3_0_0_1_2_13_0_168,/content/drive/MyDrive/CD2_DSA/raw/val/images/7124_20210624_3_0_0_1_2_13_0_168.jpg,0,0
308266_20210914_3_0_0_3_2_11_0_166,/content/drive/MyDrive/CD2_DSA/raw/val/images/308266_20210914_3_0_0_3_2_11_0_166.jpg,0,0
26090_20210624_3_0_0_5_2_13_0_139,/content/drive/MyDrive/CD2_DSA/raw/val/images/26090_20210624_3_0_0_5_2_13_0_139.jpg,0,0
308084_20210914_3_0_0_5_2_11_0_281,/content/drive/MyDrive/CD2_DSA/raw/val/images/308084_20210914_3_0_0_5_2_11_0_281.jpg,0,0
308253_20210914_3_0_0_3_2_11_0_153,/content/drive/MyDrive/CD2_DSA/raw/val/images/308253_20210914_3_0_0_3_2_11_0_153.jpg,0,0
125676_20210624_3_0_0_2_2_13_0_80,/content/drive/MyDrive/CD2_DSA/raw/val/images/125676_20210624_3_0_0_2_2_13_0_80.jpg,0,0
4507_20210622_3_1_a9_3_2_13_2_75,/content/drive/MyDrive/CD2_DSA/raw/val/images/4507_20210622_3_1_a9_3_2_13_2_75.jpg,1,1
48940_20210624_3_0_0_1_2_13_0_14,/content/drive/MyDrive/CD2_DSA/raw/val/images/48940_20210624_3_0_0_1_2_13_0_14.jpg,0,0
108319_20210624_3_0_0_2_2_13_0_192,/content/drive/MyDrive/CD2_DSA/raw/val/images/108319_20210624_3_0_0_2_2_13_0_192.jpg,0,0
16460_20210706_3_1_a9_3_2_13_2_376,/content/drive/MyDrive/CD2_DSA/raw/val/images/16460_20210706_3_1_a9_3_2_13_2_376.jpg,1,0
312144_20210914_3_0_0_3_2_11_0_267,/content/drive/MyDrive/CD2_DSA/raw/val/images/312144_20210914_3_0_0_3_2_11_0_267.jpg,0,0
83229_20210624_3_0_0_1_2_13_0_142,/content/drive/MyDrive/CD2_DSA/raw/val/images/83229_20210624_3_0_0_1_2_13_0_142.jpg,0,0
3744_20210622_3_1_a9_3_2_13_3_22,/content/drive/MyDrive/CD2_DSA/raw/val/images/3744_20210622_3_1_a9_3_2_13_3_22.jpg,1,1
49871_20210624_3_0_0_3_2_13_0_9,/content/drive/MyDrive/CD2_DSA/raw/val/images/49871_20210624_3_0_0_3_2_13_0_9.jpg,0,0
66285_20210624_3_0_0_4_2_13_0_186,/content/drive/MyDrive/CD2_DSA/raw/val/images/66285_20210624_3_0_0_4_2_13_0_186.jpg,0,0
125126_20210624_3_0_0_1_2_13_0_157,/content/drive/MyDrive/CD2_DSA/raw/val/images/125126_20210624_3_0_0_1_2_13_0_157.jpg,0,0
3984_20210622_3_1_a9_3_2_13_2_15,/content/drive/MyDrive/CD2_DSA/raw/val/images/3984_20210622_3_1_a9_3_2_13_2_15.jpg,1,1
307670_20210914_3_0_0_3_2_11_0_270,/content/drive/MyDrive/CD2_DSA/raw/val/images/307670_20210914_3_0_0_3_2_11_0_270.jpg,0,0
16227_20210706_3_1_a9_3_2_13_2_157,/content/drive/MyDrive/CD2_DSA/raw/val/images/16227_20210706_3_1_a9_3_2_13_2_157.jpg,1,1
16243_20210706_3_1_a9_3_2_13_2_173,/content/drive/MyDrive/CD2_DSA/raw/val/images/16243_20210706_3_1_a9_3_2_13_2_173.jpg,1,1
48932_20210624_3_0_0_1_2_13_0_6,/content/drive/MyDrive/CD2_DSA/raw/val/images/48932_20210624_3_0_0_1_2_13_0_6.jpg,0,0
3614_20210629_3_1_a9_3_2_13_1_263,/content/drive/MyDrive/CD2_DSA/raw/val/images/3614_20210629_3_1_a9_3_2_13_1_263.jpg,1,1
960_20210624_3_0_0_1_2_13_0_15,/content/drive/MyDrive/CD2_DSA/raw/val/images/960_20210624_3_0_0_1_2_13_0_15.jpg,0,0
25363_20210624_3_0_0_5_2_13_0_88,/content/drive/MyDrive/CD2_DSA/raw/val/images/25363_20210624_3_0_0_5_2_13_0_88.jpg,0,0
312009_20210914_3_0_0_3_2_11_0_132,/content/drive/MyDrive/CD2_DSA/raw/val/images/312009_20210914_3_0_0_3_2_11_0_132.jpg,0,0
307473_20210914_3_0_0_3_2_11_0_73,/content/drive/MyDrive/CD2_DSA/raw/val/images/307473_20210914_3_0_0_3_2_11_0_73.jpg,0,0
4200_20210622_3_1_a9_3_2_13_2_31,/content/drive/MyDrive/CD2_DSA/raw/val/images/4200_20210622_3_1_a9_3_2_13_2_31.jpg,1,1
304183_20210913_3_0_0_3_2_11_0_420,/content/drive/MyDrive/CD2_DSA/raw/val/images/304183_20210913_3_0_0_3_2_11_0_420.jpg,0,0
312089_20210914_3_0_0_3_2_11_0_212,/content/drive/MyDrive/CD2_DSA/raw/val/images/312089_20210914_3_0_0_3_2_11_0_212.jpg,0,0
3577_20210629_3_1_a9_3_2_13_1_226,/content/drive/MyDrive/CD2_DSA/raw/val/images/3577_20210629_3_1_a9_3_2_13_1_226.jpg,1,0
16947_20210622_3_1_a9_3_2_13_2_37,/content/drive/MyDrive/CD2_DSA/raw/val/images/16947_20210622_3_1_a9_3_2_13_2_37.jpg,1,1
4207_20210622_3_1_a9_3_2_13_2_38,/content/drive/MyDrive/CD2_DSA/raw/val/images/4207_20210622_3_1_a9_3_2_13_2_38.jpg,1,1
16785_20210713_3_1_a9_3_2_13_3_47,/content/drive/MyDrive/CD2_DSA/raw/val/images/16785_20210713_3_1_a9_3_2_13_3_47.jpg,1,0
17077_20210622_3_1_a9_3_2_13_1_198,/content/drive/MyDrive/CD2_DSA/raw/val/images/17077_20210622_3_1_a9_3_2_13_1_198.jpg,1,1
15611_20210706_3_1_a9_3_2_13_3_42,/content/drive/MyDrive/CD2_DSA/raw/val/images/15611_20210706_3_1_a9_3_2_13_3_42.jpg,1,1
308096_20210914_3_0_0_5_2_11_0_293,/content/drive/MyDrive/CD2_DSA/raw/val/images/308096_20210914_3_0_0_5_2_11_0_293.jpg,0,0
311916_20210914_3_0_0_3_2_11_0_39,/content/drive/MyDrive/CD2_DSA/raw/val/images/311916_20210914_3_0_0_3_2_11_0_39.jpg,0,0
312342_20210914_3_0_0_5_2_11_0_5,/content/drive/MyDrive/CD2_DSA/raw/val/images/312342_20210914_3_0_0_5_2_11_0_5.jpg,0,0
170872_20210624_3_0_0_5_2_13_0_66,/content/drive/MyDrive/CD2_DSA/raw/val/images/170872_20210624_3_0_0_5_2_13_0_66.jpg,0,0
307692_20210914_3_0_0_3_2_11_0_292,/content/drive/MyDrive/CD2_DSA/raw/val/images/307692_20210914_3_0_0_3_2_11_0_292.jpg,0,0
4498_20210622_3_1_a9_3_2_13_2_66,/content/drive/MyDrive/CD2_DSA/raw/val/images/4498_20210622_3_1_a9_3_2_13_2_66.jpg,1,1
82832_20210624_3_0_0_1_2_13_0_3,/content/drive/MyDrive/CD2_DSA/raw/val/images/82832_20210624_3_0_0_1_2_13_0_3.jpg,0,0
304274_20210913_3_0_0_3_2_11_0_511,/content/drive/MyDrive/CD2_DSA/raw/val/images/304274_20210913_3_0_0_3_2_11_0_511.jpg,0,0
16372_20210622_3_1_a9_3_2_13_3_1,/content/drive/MyDrive/CD2_DSA/raw/val/images/16372_20210622_3_1_a9_3_2_13_3_1.jpg,1,0
304212_20210913_3_0_0_3_2_11_0_449,/content/drive/MyDrive/CD2_DSA/raw/val/images/304212_20210913_3_0_0_3_2_11_0_449.jpg,0,0
311709_20210803_3_0_0_3_2_11_0_41,/content/drive/MyDrive/CD2_DSA/raw/val/images/311709_20210803_3_0_0_3_2_11_0_41.jpg,0,0
83260_20210624_3_0_0_1_2_13_0_173,/content/drive/MyDrive/CD2_DSA/raw/val/images/83260_20210624_3_0_0_1_2_13_0_173.jpg,0,0
6827_20210624_3_0_0_1_2_13_0_52,/content/drive/MyDrive/CD2_DSA/raw/val/images/6827_20210624_3_0_0_1_2_13_0_52.jpg,0,0
15404_20210622_3_1_a9_3_2_13_3_108,/content/drive/MyDrive/CD2_DSA/raw/val/images/15404_20210622_3_1_a9_3_2_13_3_108.jpg,1,1
311691_20210803_3_0_0_3_2_11_0_23,/content/drive/MyDrive/CD2_DSA/raw/val/images/311691_20210803_3_0_0_3_2_11_0_23.jpg,0,0
3711_20210629_3_1_a9_3_2_13_2_90,/content/drive/MyDrive/CD2_DSA/raw/val/images/3711_20210629_3_1_a9_3_2_13_2_90.jpg,1,0
86879_20210624_3_0_0_1_2_13_0_204,/content/drive/MyDrive/CD2_DSA/raw/val/images/86879_20210624_3_0_0_1_2_13_0_204.jpg,0,0
68525_20210624_3_0_0_2_2_13_0_35,/content/drive/MyDrive/CD2_DSA/raw/val/images/68525_20210624_3_0_0_2_2_13_0_35.jpg,0,0
308087_20210914_3_0_0_5_2_11_0_284,/content/drive/MyDrive/CD2_DSA/raw/val/images/308087_20210914_3_0_0_5_2_11_0_284.jpg,0,0
312121_20210914_3_0_0_3_2_11_0_244,/content/drive/MyDrive/CD2_DSA/raw/val/images/312121_20210914_3_0_0_3_2_11_0_244.jpg,0,0
304203_20210913_3_0_0_3_2_11_0_440,/content/drive/MyDrive/CD2_DSA/raw/val/images/304203_20210913_3_0_0_3_2_11_0_440.jpg,0,0
82846_20210624_3_0_0_1_2_13_0_17,/content/drive/MyDrive/CD2_DSA/raw/val/images/82846_20210624_3_0_0_1_2_13_0_17.jpg,0,0
312183_20210914_3_0_0_3_2_11_0_306,/content/drive/MyDrive/CD2_DSA/raw/val/images/312183_20210914_3_0_0_3_2_11_0_306.jpg,0,0
311742_20210803_3_0_0_3_2_11_0_74,/content/drive/MyDrive/CD2_DSA/raw/val/images/311742_20210803_3_0_0_3_2_11_0_74.jpg,0,0
308212_20210914_3_0_0_3_2_11_0_112,/content/drive/MyDrive/CD2_DSA/raw/val/images/308212_20210914_3_0_0_3_2_11_0_112.jpg,0,0
308123_20210914_3_0_0_3_2_11_0_23,/content/drive/MyDrive/CD2_DSA/raw/val/images/308123_20210914_3_0_0_3_2_11_0_23.jpg,0,0
308283_20210914_3_0_0_3_2_11_0_183,/content/drive/MyDrive/CD2_DSA/raw/val/images/308283_20210914_3_0_0_3_2_11_0_183.jpg,0,0
307685_20210914_3_0_0_3_2_11_0_285,/content/drive/MyDrive/CD2_DSA/raw/val/images/307685_20210914_3_0_0_3_2_11_0_285.jpg,0,0
10553_20210624_3_0_0_3_2_13_0_59,/content/drive/MyDrive/CD2_DSA/raw/val/images/10553_20210624_3_0_0_3_2_13_0_59.jpg,0,0
7604_20210622_3_1_a9_3_2_13_1_216,/content/drive/MyDrive/CD2_DSA/raw/val/images/7604_20210622_3_1_a9_3_2_13_1_216.jpg,1,1
95940_20210624_3_0_0_3_2_13_0_84,/content/drive/MyDrive/CD2_DSA/raw/val/images/95940_20210624_3_0_0_3_2_13_0_84.jpg,0,0
95506_20210624_3_0_0_1_2_13_0_172,/content/drive/MyDrive/CD2_DSA/raw/val/images/95506_20210624_3_0_0_1_2_13_0_172.jpg,0,0
5847_20210622_3_1_a9_3_2_13_1_32,/content/drive/MyDrive/CD2_DSA/raw/val/images/5847_20210622_3_1_a9_3_2_13_1_32.jpg,1,0
16450_20210706_3_1_a9_3_2_13_2_366,/content/drive/MyDrive/CD2_DSA/raw/val/images/16450_20210706_3_1_a9_3_2_13_2_366.jpg,1,1
16962_20210622_3_1_a9_3_2_13_1_83,/content/drive/MyDrive/CD2_DSA/raw/val/images/16962_20210622_3_1_a9_3_2_13_1_83.jpg,1,0
7087_20210622_3_1_a9_3_2_13_1_182,/content/drive/MyDrive/CD2_DSA/raw/val/images/7087_20210622_3_1_a9_3_2_13_1_182.jpg,1,1
125100_20210624_3_0_0_1_2_13_0_131,/content/drive/MyDrive/CD2_DSA/raw/val/images/125100_20210624_3_0_0_1_2_13_0_131.jpg,0,0
6882_20210624_3_0_0_1_2_13_0_107,/content/drive/MyDrive/CD2_DSA/raw/val/images/6882_20210624_3_0_0_1_2_13_0_107.jpg,0,0
16116_20210706_3_1_a9_3_2_13_2_126,/content/drive/MyDrive/CD2_DSA/raw/val/images/16116_20210706_3_1_a9_3_2_13_2_126.jpg,1,1
16569_20210706_3_1_a9_3_2_13_2_420,/content/drive/MyDrive/CD2_DSA/raw/val/images/16569_20210706_3_1_a9_3_2_13_2_420.jpg,1,1
108326_20210624_3_0_0_2_2_13_0_199,/content/drive/MyDrive/CD2_DSA/raw/val/images/108326_20210624_3_0_0_2_2_13_0_199.jpg,0,0
307656_20210914_3_0_0_3_2_11_0_256,/content/drive/MyDrive/CD2_DSA/raw/val/images/307656_20210914_3_0_0_3_2_11_0_256.jpg,0,0
15804_20210622_3_1_a9_3_2_13_2_45,/content/drive/MyDrive/CD2_DSA/raw/val/images/15804_20210622_3_1_a9_3_2_13_2_45.jpg,1,1
304021_20210913_3_0_0_3_2_11_0_258,/content/drive/MyDrive/CD2_DSA/raw/val/images/304021_20210913_3_0_0_3_2_11_0_258.jpg,0,0
16069_20210706_3_1_a9_3_2_13_2_79,/content/drive/MyDrive/CD2_DSA/raw/val/images/16069_20210706_3_1_a9_3_2_13_2_79.jpg,1,1
308421_20210914_3_0_0_3_2_11_0_321,/content/drive/MyDrive/CD2_DSA/raw/val/images/308421_20210914_3_0_0_3_2_11_0_321.jpg,0,0
304100_20210913_3_0_0_3_2_11_0_337,/content/drive/MyDrive/CD2_DSA/raw/val/images/304100_20210913_3_0_0_3_2_11_0_337.jpg,0,0
170899_20210624_3_0_0_5_2_13_0_93,/content/drive/MyDrive/CD2_DSA/raw/val/images/170899_20210624_3_0_0_5_2_13_0_93.jpg,0,0
124672_20210624_3_0_0_1_2_13_0_23,/content/drive/MyDrive/CD2_DSA/raw/val/images/124672_20210624_3_0_0_1_2_13_0_23.jpg,0,0
304204_20210913_3_0_0_3_2_11_0_441,/content/drive/MyDrive/CD2_DSA/raw/val/images/304204_20210913_3_0_0_3_2_11_0_441.jpg,0,0
16969_20210622_3_1_a9_3_2_13_1_90,/content/drive/MyDrive/CD2_DSA/raw/val/images/16969_20210622_3_1_a9_3_2_13_1_90.jpg,1,1
7217_20210624_3_0_0_1_2_13_0_261,/content/drive/MyDrive/CD2_DSA/raw/val/images/7217_20210624_3_0_0_1_2_13_0_261.jpg,0,0
15896_20210622_3_1_a9_3_2_13_2_137,/content/drive/MyDrive/CD2_DSA/raw/val/images/15896_20210622_3_1_a9_3_2_13_2_137.jpg,1,1
170827_20210624_3_0_0_5_2_13_0_21,/content/drive/MyDrive/CD2_DSA/raw/val/images/170827_20210624_3_0_0_5_2_13_0_21.jpg,0,0
308209_20210914_3_0_0_3_2_11_0_109,/content/drive/MyDrive/CD2_DSA/raw/val/images/308209_20210914_3_0_0_3_2_11_0_109.jpg,0,0
15779_20210622_3_1_a9_3_2_13_2_20,/content/drive/MyDrive/CD2_DSA/raw/val/images/15779_20210622_3_1_a9_3_2_13_2_20.jpg,1,1
683_20210622_3_1_a9_3_2_13_1_48,/content/drive/MyDrive/CD2_DSA/raw/val/images/683_20210622_3_1_a9_3_2_13_1_48.jpg,1,1
311946_20210914_3_0_0_3_2_11_0_69,/content/drive/MyDrive/CD2_DSA/raw/val/images/311946_20210914_3_0_0_3_2_11_0_69.jpg,0,0
16862_20210622_3_1_a9_3_2_13_1_22,/content/drive/MyDrive/CD2_DSA/raw/val/images/16862_20210622_3_1_a9_3_2_13_1_22.jpg,1,1
308237_20210914_3_0_0_3_2_11_0_137,/content/drive/MyDrive/CD2_DSA/raw/val/images/308237_20210914_3_0_0_3_2_11_0_137.jpg,0,0
16388_20210706_3_1_a9_3_2_13_2_304,/content/drive/MyDrive/CD2_DSA/raw/val/images/16388_20210706_3_1_a9_3_2_13_2_304.jpg,1,0
307668_20210914_3_0_0_3_2_11_0_268,/content/drive/MyDrive/CD2_DSA/raw/val/images/307668_20210914_3_0_0_3_2_11_0_268.jpg,0,0
308125_20210914_3_0_0_3_2_11_0_25,/content/drive/MyDrive/CD2_DSA/raw/val/images/308125_20210914_3_0_0_3_2_11_0_25.jpg,0,0
15480_20210622_3_1_a9_3_2_13_3_184,/content/drive/MyDrive/CD2_DSA/raw/val/images/15480_20210622_3_1_a9_3_2_13_3_184.jpg,1,0
15391_20210622_3_1_a9_3_2_13_3_95,/content/drive/MyDrive/CD2_DSA/raw/val/images/15391_20210622_3_1_a9_3_2_13_3_95.jpg,1,1
86535_20210624_3_0_0_1_2_13_0_104,/content/drive/MyDrive/CD2_DSA/raw/val/images/86535_20210624_3_0_0_1_2_13_0_104.jpg,0,0
16466_20210706_3_1_a9_3_2_13_2_382,/content/drive/MyDrive/CD2_DSA/raw/val/images/16466_20210706_3_1_a9_3_2_13_2_382.jpg,1,1
3867_20210629_3_1_a9_3_2_13_3_76,/content/drive/MyDrive/CD2_DSA/raw/val/images/3867_20210629_3_1_a9_3_2_13_3_76.jpg,1,1
32326_20210624_3_0_0_4_2_13_0_29,/content/drive/MyDrive/CD2_DSA/raw/val/images/32326_20210624_3_0_0_4_2_13_0_29.jpg,0,0
3390_20210629_3_1_a9_3_2_13_1_145,/content/drive/MyDrive/CD2_DSA/raw/val/images/3390_20210629_3_1_a9_3_2_13_1_145.jpg,1,1
15122_20210622_3_1_a9_3_2_13_3_33,/content/drive/MyDrive/CD2_DSA/raw/val/images/15122_20210622_3_1_a9_3_2_13_3_33.jpg,1,1
853_20210622_3_1_a9_3_2_13_3_51,/content/drive/MyDrive/CD2_DSA/raw/val/images/853_20210622_3_1_a9_3_2_13_3_51.jpg,1,1
312137_20210914_3_0_0_3_2_11_0_260,/content/drive/MyDrive/CD2_DSA/raw/val/images/312137_20210914_3_0_0_3_2_11_0_260.jpg,0,0
308346_20210914_3_0_0_3_2_11_0_246,/content/drive/MyDrive/CD2_DSA/raw/val/images/308346_20210914_3_0_0_3_2_11_0_246.jpg,0,0
68519_20210624_3_0_0_2_2_13_0_29,/content/drive/MyDrive/CD2_DSA/raw/val/images/68519_20210624_3_0_0_2_2_13_0_29.jpg,0,0
67399_20210624_3_0_0_1_2_13_0_0,/content/drive/MyDrive/CD2_DSA/raw/val/images/67399_20210624_3_0_0_1_2_13_0_0.jpg,0,0
304304_20210913_3_0_0_3_2_11_0_541,/content/drive/MyDrive/CD2_DSA/raw/val/images/304304_20210913_3_0_0_3_2_11_0_541.jpg,0,0
16425_20210706_3_1_a9_3_2_13_2_341,/content/drive/MyDrive/CD2_DSA/raw/val/images/16425_20210706_3_1_a9_3_2_13_2_341.jpg,1,1
15612_20210706_3_1_a9_3_2_13_3_43,/content/drive/MyDrive/CD2_DSA/raw/val/images/15612_20210706_3_1_a9_3_2_13_3_43.jpg,1,1
67622_20210624_3_0_0_1_2_13_0_193,/content/drive/MyDrive/CD2_DSA/raw/val/images/67622_20210624_3_0_0_1_2_13_0_193.jpg,0,0
16250_20210706_3_1_a9_3_2_13_2_180,/content/drive/MyDrive/CD2_DSA/raw/val/images/16250_20210706_3_1_a9_3_2_13_2_180.jpg,1,1
15435_20210622_3_1_a9_3_2_13_3_139,/content/drive/MyDrive/CD2_DSA/raw/val/images/15435_20210622_3_1_a9_3_2_13_3_139.jpg,1,0
1550_20210622_3_1_a9_3_2_13_2_122,/content/drive/MyDrive/CD2_DSA/raw/val/images/1550_20210622_3_1_a9_3_2_13_2_122.jpg,1,1
688_20210622_3_1_a9_3_2_13_1_53,/content/drive/MyDrive/CD2_DSA/raw/val/images/688_20210622_3_1_a9_3_2_13_1_53.jpg,1,0
3747_20210622_3_1_a9_3_2_13_3_25,/content/drive/MyDrive/CD2_DSA/raw/val/images/3747_20210622_3_1_a9_3_2_13_3_25.jpg,1,0
67473_20210624_3_0_0_1_2_13_0_74,/content/drive/MyDrive/CD2_DSA/raw/val/images/67473_20210624_3_0_0_1_2_13_0_74.jpg,0,0
10673_20210624_3_0_0_3_2_13_0_167,/content/drive/MyDrive/CD2_DSA/raw/val/images/10673_20210624_3_0_0_3_2_13_0_167.jpg,0,0
16678_20210706_3_1_a9_3_2_13_2_529,/content/drive/MyDrive/CD2_DSA/raw/val/images/16678_20210706_3_1_a9_3_2_13_2_529.jpg,1,1
16828_20210713_3_1_a9_3_2_13_3_90,/content/drive/MyDrive/CD2_DSA/raw/val/images/16828_20210713_3_1_a9_3_2_13_3_90.jpg,1,0
308769_20210914_3_0_0_5_2_11_0_245,/content/drive/MyDrive/CD2_DSA/raw/val/images/308769_20210914_3_0_0_5_2_11_0_245.jpg,0,0
758_20210622_3_1_a9_3_2_13_1_123,/content/drive/MyDrive/CD2_DSA/raw/val/images/758_20210622_3_1_a9_3_2_13_1_123.jpg,1,1
125667_20210624_3_0_0_2_2_13_0_71,/content/drive/MyDrive/CD2_DSA/raw/val/images/125667_20210624_3_0_0_2_2_13_0_71.jpg,0,0
308514_20210914_3_0_0_3_2_11_0_414,/content/drive/MyDrive/CD2_DSA/raw/val/images/308514_20210914_3_0_0_3_2_11_0_414.jpg,0,0
304207_20210913_3_0_0_3_2_11_0_444,/content/drive/MyDrive/CD2_DSA/raw/val/images/304207_20210913_3_0_0_3_2_11_0_444.jpg,0,0
308631_20210914_3_0_0_5_2_11_0_108,/content/drive/MyDrive/CD2_DSA/raw/val/images/308631_20210914_3_0_0_5_2_11_0_108.jpg,0,0
304044_20210913_3_0_0_3_2_11_0_281,/content/drive/MyDrive/CD2_DSA/raw/val/images/304044_20210913_3_0_0_3_2_11_0_281.jpg,0,0
14324_20210624_3_0_0_3_2_13_0_46,/content/drive/MyDrive/CD2_DSA/raw/val/images/14324_20210624_3_0_0_3_2_13_0_46.jpg,0,0
311972_20210914_3_0_0_3_2_11_0_95,/content/drive/MyDrive/CD2_DSA/raw/val/images/311972_20210914_3_0_0_3_2_11_0_95.jpg,0,0
308487_20210914_3_0_0_3_2_11_0_387,/content/drive/MyDrive/CD2_DSA/raw/val/images/308487_20210914_3_0_0_3_2_11_0_387.jpg,0,0
307796_20210914_3_0_0_3_2_11_0_396,/content/drive/MyDrive/CD2_DSA/raw/val/images/307796_20210914_3_0_0_3_2_11_0_396.jpg,0,0
3664_20210629_3_1_a9_3_2_13_2_43,/content/drive/MyDrive/CD2_DSA/raw/val/images/3664_20210629_3_1_a9_3_2_13_2_43.jpg,1,1
14313_20210624_3_0_0_3_2_13_0_35,/content/drive/MyDrive/CD2_DSA/raw/val/images/14313_20210624_3_0_0_3_2_13_0_35.jpg,0,0
311670_20210803_3_0_0_3_2_11_0_2,/content/drive/MyDrive/CD2_DSA/raw/val/images/311670_20210803_3_0_0_3_2_11_0_2.jpg,0,0
68536_20210624_3_0_0_2_2_13_0_46,/content/drive/MyDrive/CD2_DSA/raw/val/images/68536_20210624_3_0_0_2_2_13_0_46.jpg,0,0
311915_20210914_3_0_0_3_2_11_0_38,/content/drive/MyDrive/CD2_DSA/raw/val/images/311915_20210914_3_0_0_3_2_11_0_38.jpg,0,0
66257_20210624_3_0_0_4_2_13_0_158,/content/drive/MyDrive/CD2_DSA/raw/val/images/66257_20210624_3_0_0_4_2_13_0_158.jpg,0,0
905_20210622_3_1_a9_3_2_13_3_103,/content/drive/MyDrive/CD2_DSA/raw/val/images/905_20210622_3_1_a9_3_2_13_3_103.jpg,1,1
308671_20210914_3_0_0_5_2_11_0_148,/content/drive/MyDrive/CD2_DSA/raw/val/images/308671_20210914_3_0_0_5_2_11_0_148.jpg,0,0
311920_20210914_3_0_0_3_2_11_0_43,/content/drive/MyDrive/CD2_DSA/raw/val/images/311920_20210914_3_0_0_3_2_11_0_43.jpg,0,0
5741_20210622_3_1_a9_3_2_13_1_26,/content/drive/MyDrive/CD2_DSA/raw/val/images/5741_20210622_3_1_a9_3_2_13_1_26.jpg,1,1
71160_20210624_3_0_0_3_2_13_0_13,/content/drive/MyDrive/CD2_DSA/raw/val/images/71160_20210624_3_0_0_3_2_13_0_13.jpg,0,0
108274_20210624_3_0_0_2_2_13_0_147,/content/drive/MyDrive/CD2_DSA/raw/val/images/108274_20210624_3_0_0_2_2_13_0_147.jpg,0,0
307908_20210914_3_0_0_5_2_11_0_105,/content/drive/MyDrive/CD2_DSA/raw/val/images/307908_20210914_3_0_0_5_2_11_0_105.jpg,0,0
308073_20210914_3_0_0_5_2_11_0_270,/content/drive/MyDrive/CD2_DSA/raw/val/images/308073_20210914_3_0_0_5_2_11_0_270.jpg,0,0
106527_20210624_3_0_0_1_2_13_0_124,/content/drive/MyDrive/CD2_DSA/raw/val/images/106527_20210624_3_0_0_1_2_13_0_124.jpg,0,0
308106_20210914_3_0_0_3_2_11_0_6,/content/drive/MyDrive/CD2_DSA/raw/val/images/308106_20210914_3_0_0_3_2_11_0_6.jpg,0,0
82847_20210624_3_0_0_1_2_13_0_18,/content/drive/MyDrive/CD2_DSA/raw/val/images/82847_20210624_3_0_0_1_2_13_0_18.jpg,0,0
3716_20210629_3_1_a9_3_2_13_2_95,/content/drive/MyDrive/CD2_DSA/raw/val/images/3716_20210629_3_1_a9_3_2_13_2_95.jpg,1,0
6758_20210622_3_1_a9_3_2_13_1_154,/content/drive/MyDrive/CD2_DSA/raw/val/images/6758_20210622_3_1_a9_3_2_13_1_154.jpg,1,0
307930_20210914_3_0_0_5_2_11_0_127,/content/drive/MyDrive/CD2_DSA/raw/val/images/307930_20210914_3_0_0_5_2_11_0_127.jpg,0,0
106559_20210624_3_0_0_1_2_13_0_156,/content/drive/MyDrive/CD2_DSA/raw/val/images/106559_20210624_3_0_0_1_2_13_0_156.jpg,0,0
16331_20210706_3_1_a9_3_2_13_2_261,/content/drive/MyDrive/CD2_DSA/raw/val/images/16331_20210706_3_1_a9_3_2_13_2_261.jpg,1,1
308132_20210914_3_0_0_3_2_11_0_32,/content/drive/MyDrive/CD2_DSA/raw/val/images/308132_20210914_3_0_0_3_2_11_0_32.jpg,0,0
10552_20210624_3_0_0_3_2_13_0_58,/content/drive/MyDrive/CD2_DSA/raw/val/images/10552_20210624_3_0_0_3_2_13_0_58.jpg,0,0
307525_20210914_3_0_0_3_2_11_0_125,/content/drive/MyDrive/CD2_DSA/raw/val/images/307525_20210914_3_0_0_3_2_11_0_125.jpg,0,0
16286_20210706_3_1_a9_3_2_13_2_216,/content/drive/MyDrive/CD2_DSA/raw/val/images/16286_20210706_3_1_a9_3_2_13_2_216.jpg,1,1
311936_20210914_3_0_0_3_2_11_0_59,/content/drive/MyDrive/CD2_DSA/raw/val/images/311936_20210914_3_0_0_3_2_11_0_59.jpg,0,0
6786_20210624_3_0_0_1_2_13_0_11,/content/drive/MyDrive/CD2_DSA/raw/val/images/6786_20210624_3_0_0_1_2_13_0_11.jpg,0,0
7136_20210624_3_0_0_1_2_13_0_180,/content/drive/MyDrive/CD2_DSA/raw/val/images/7136_20210624_3_0_0_1_2_13_0_180.jpg,0,0
3192_20210629_3_1_a9_3_2_13_1_47,/content/drive/MyDrive/CD2_DSA/raw/val/images/3192_20210629_3_1_a9_3_2_13_1_47.jpg,1,1
308014_20210914_3_0_0_5_2_11_0_211,/content/drive/MyDrive/CD2_DSA/raw/val/images/308014_20210914_3_0_0_5_2_11_0_211.jpg,0,0
1018_20210624_3_0_0_1_2_13_0_73,/content/drive/MyDrive/CD2_DSA/raw/val/images/1018_20210624_3_0_0_1_2_13_0_73.jpg,0,0
308099_20210914_3_0_0_5_2_11_0_296,/content/drive/MyDrive/CD2_DSA/raw/val/images/308099_20210914_3_0_0_5_2_11_0_296.jpg,0,0
124653_20210624_3_0_0_1_2_13_0_4,/content/drive/MyDrive/CD2_DSA/raw/val/images/124653_20210624_3_0_0_1_2_13_0_4.jpg,0,0
16273_20210706_3_1_a9_3_2_13_2_203,/content/drive/MyDrive/CD2_DSA/raw/val/images/16273_20210706_3_1_a9_3_2_13_2_203.jpg,1,1
15572_20210706_3_1_a9_3_2_13_3_3,/content/drive/MyDrive/CD2_DSA/raw/val/images/15572_20210706_3_1_a9_3_2_13_3_3.jpg,1,1
4747_20210622_3_1_a9_3_2_13_2_115,/content/drive/MyDrive/CD2_DSA/raw/val/images/4747_20210622_3_1_a9_3_2_13_2_115.jpg,1,1
648_20210622_3_1_a9_3_2_13_1_13,/content/drive/MyDrive/CD2_DSA/raw/val/images/648_20210622_3_1_a9_3_2_13_1_13.jpg,1,1
71177_20210624_3_0_0_3_2_13_0_30,/content/drive/MyDrive/CD2_DSA/raw/val/images/71177_20210624_3_0_0_3_2_13_0_30.jpg,0,0
106601_20210624_3_0_0_1_2_13_0_198,/content/drive/MyDrive/CD2_DSA/raw/val/images/106601_20210624_3_0_0_1_2_13_0_198.jpg,0,0
32318_20210624_3_0_0_4_2_13_0_21,/content/drive/MyDrive/CD2_DSA/raw/val/images/32318_20210624_3_0_0_4_2_13_0_21.jpg,0,0
15492_20210622_3_1_a9_3_2_13_3_196,/content/drive/MyDrive/CD2_DSA/raw/val/images/15492_20210622_3_1_a9_3_2_13_3_196.jpg,1,1
67611_20210624_3_0_0_1_2_13_0_182,/content/drive/MyDrive/CD2_DSA/raw/val/images/67611_20210624_3_0_0_1_2_13_0_182.jpg,0,0
307904_20210914_3_0_0_5_2_11_0_101,/content/drive/MyDrive/CD2_DSA/raw/val/images/307904_20210914_3_0_0_5_2_11_0_101.jpg,0,0
308294_20210914_3_0_0_3_2_11_0_194,/content/drive/MyDrive/CD2_DSA/raw/val/images/308294_20210914_3_0_0_3_2_11_0_194.jpg,0,0
6889_20210624_3_0_0_1_2_13_0_114,/content/drive/MyDrive/CD2_DSA/raw/val/images/6889_20210624_3_0_0_1_2_13_0_114.jpg,0,0
6765_20210622_3_1_a9_3_2_13_1_161,/content/drive/MyDrive/CD2_DSA/raw/val/images/6765_20210622_3_1_a9_3_2_13_1_161.jpg,1,1
10529_20210624_3_0_0_3_2_13_0_35,/content/drive/MyDrive/CD2_DSA/raw/val/images/10529_20210624_3_0_0_3_2_13_0_35.jpg,0,0
3346_20210629_3_1_a9_3_2_13_1_101,/content/drive/MyDrive/CD2_DSA/raw/val/images/3346_20210629_3_1_a9_3_2_13_1_101.jpg,1,0
15902_20210622_3_1_a9_3_2_13_2_143,/content/drive/MyDrive/CD2_DSA/raw/val/images/15902_20210622_3_1_a9_3_2_13_2_143.jpg,1,1
86863_20210624_3_0_0_1_2_13_0_188,/content/drive/MyDrive/CD2_DSA/raw/val/images/86863_20210624_3_0_0_1_2_13_0_188.jpg,0,0
125142_20210624_3_0_0_1_2_13_0_173,/content/drive/MyDrive/CD2_DSA/raw/val/images/125142_20210624_3_0_0_1_2_13_0_173.jpg,0,0
65993_20210624_3_0_0_4_2_13_0_124,/content/drive/MyDrive/CD2_DSA/raw/val/images/65993_20210624_3_0_0_4_2_13_0_124.jpg,0,0
5988_20210622_3_1_a9_3_2_13_1_57,/content/drive/MyDrive/CD2_DSA/raw/val/images/5988_20210622_3_1_a9_3_2_13_1_57.jpg,1,0
67496_20210624_3_0_0_1_2_13_0_97,/content/drive/MyDrive/CD2_DSA/raw/val/images/67496_20210624_3_0_0_1_2_13_0_97.jpg,0,0
16949_20210622_3_1_a9_3_2_13_2_39,/content/drive/MyDrive/CD2_DSA/raw/val/images/16949_20210622_3_1_a9_3_2_13_2_39.jpg,1,1
170919_20210624_3_0_0_5_2_13_0_113,/content/drive/MyDrive/CD2_DSA/raw/val/images/170919_20210624_3_0_0_5_2_13_0_113.jpg,0,0
11771_20210624_3_0_0_1_2_13_0_125,/content/drive/MyDrive/CD2_DSA/raw/val/images/11771_20210624_3_0_0_1_2_13_0_125.jpg,0,0
106596_20210624_3_0_0_1_2_13_0_193,/content/drive/MyDrive/CD2_DSA/raw/val/images/106596_20210624_3_0_0_1_2_13_0_193.jpg,0,0
307722_20210914_3_0_0_3_2_11_0_322,/content/drive/MyDrive/CD2_DSA/raw/val/images/307722_20210914_3_0_0_3_2_11_0_322.jpg,0,0
16683_20210706_3_1_a9_3_2_13_2_534,/content/drive/MyDrive/CD2_DSA/raw/val/images/16683_20210706_3_1_a9_3_2_13_2_534.jpg,1,1
15110_20210622_3_1_a9_3_2_13_3_21,/content/drive/MyDrive/CD2_DSA/raw/val/images/15110_20210622_3_1_a9_3_2_13_3_21.jpg,1,1
1565_20210622_3_1_a9_3_2_13_2_137,/content/drive/MyDrive/CD2_DSA/raw/val/images/1565_20210622_3_1_a9_3_2_13_2_137.jpg,1,1
25674_20210624_3_0_0_5_2_13_0_98,/content/drive/MyDrive/CD2_DSA/raw/val/images/25674_20210624_3_0_0_5_2_13_0_98.jpg,0,0
16278_20210706_3_1_a9_3_2_13_2_208,/content/drive/MyDrive/CD2_DSA/raw/val/images/16278_20210706_3_1_a9_3_2_13_2_208.jpg,1,1
16490_20210706_3_1_a9_3_2_13_3_5,/content/drive/MyDrive/CD2_DSA/raw/val/images/16490_20210706_3_1_a9_3_2_13_3_5.jpg,1,0
15502_20210622_3_1_a9_3_2_13_3_206,/content/drive/MyDrive/CD2_DSA/raw/val/images/15502_20210622_3_1_a9_3_2_13_3_206.jpg,1,0
123883_20210624_3_0_0_4_2_13_0_47,/content/drive/MyDrive/CD2_DSA/raw/val/images/123883_20210624_3_0_0_4_2_13_0_47.jpg,0,0
7191_20210624_3_0_0_1_2_13_0_235,/content/drive/MyDrive/CD2_DSA/raw/val/images/7191_20210624_3_0_0_1_2_13_0_235.jpg,0,0
5739_20210622_3_1_a9_3_2_13_1_24,/content/drive/MyDrive/CD2_DSA/raw/val/images/5739_20210622_3_1_a9_3_2_13_1_24.jpg,1,0
3359_20210629_3_1_a9_3_2_13_1_114,/content/drive/MyDrive/CD2_DSA/raw/val/images/3359_20210629_3_1_a9_3_2_13_1_114.jpg,1,1
307576_20210914_3_0_0_3_2_11_0_176,/content/drive/MyDrive/CD2_DSA/raw/val/images/307576_20210914_3_0_0_3_2_11_0_176.jpg,0,0
4512_20210622_3_1_a9_3_2_13_2_80,/content/drive/MyDrive/CD2_DSA/raw/val/images/4512_20210622_3_1_a9_3_2_13_2_80.jpg,1,1
84072_20210708_3_0_0_1_2_13_0_138,/content/drive/MyDrive/CD2_DSA/raw/val/images/84072_20210708_3_0_0_1_2_13_0_138.jpg,0,0
10522_20210624_3_0_0_3_2_13_0_28,/content/drive/MyDrive/CD2_DSA/raw/val/images/10522_20210624_3_0_0_3_2_13_0_28.jpg,0,0
312042_20210914_3_0_0_3_2_11_0_165,/content/drive/MyDrive/CD2_DSA/raw/val/images/312042_20210914_3_0_0_3_2_11_0_165.jpg,0,0
307559_20210914_3_0_0_3_2_11_0_159,/content/drive/MyDrive/CD2_DSA/raw/val/images/307559_20210914_3_0_0_3_2_11_0_159.jpg,0,0
660_20210622_3_1_a9_3_2_13_1_25,/content/drive/MyDrive/CD2_DSA/raw/val/images/660_20210622_3_1_a9_3_2_13_1_25.jpg,1,1
95221_20210624_3_0_0_1_2_13_0_42,/content/drive/MyDrive/CD2_DSA/raw/val/images/95221_20210624_3_0_0_1_2_13_0_42.jpg,0,0
16205_20210706_3_1_a9_3_2_13_2_135,/content/drive/MyDrive/CD2_DSA/raw/val/images/16205_20210706_3_1_a9_3_2_13_2_135.jpg,1,1
307628_20210914_3_0_0_3_2_11_0_228,/content/drive/MyDrive/CD2_DSA/raw/val/images/307628_20210914_3_0_0_3_2_11_0_228.jpg,0,0
855_20210622_3_1_a9_3_2_13_3_53,/content/drive/MyDrive/CD2_DSA/raw/val/images/855_20210622_3_1_a9_3_2_13_3_53.jpg,1,0
15649_20210706_3_1_a9_3_2_13_3_80,/content/drive/MyDrive/CD2_DSA/raw/val/images/15649_20210706_3_1_a9_3_2_13_3_80.jpg,1,1
308694_20210914_3_0_0_5_2_11_0_171,/content/drive/MyDrive/CD2_DSA/raw/val/images/308694_20210914_3_0_0_5_2_11_0_171.jpg,0,0
86869_20210624_3_0_0_1_2_13_0_194,/content/drive/MyDrive/CD2_DSA/raw/val/images/86869_20210624_3_0_0_1_2_13_0_194.jpg,0,0
312217_20210914_3_0_0_3_2_11_0_340,/content/drive/MyDrive/CD2_DSA/raw/val/images/312217_20210914_3_0_0_3_2_11_0_340.jpg,0,0
83216_20210624_3_0_0_1_2_13_0_129,/content/drive/MyDrive/CD2_DSA/raw/val/images/83216_20210624_3_0_0_1_2_13_0_129.jpg,0,0
311924_20210914_3_0_0_3_2_11_0_47,/content/drive/MyDrive/CD2_DSA/raw/val/images/311924_20210914_3_0_0_3_2_11_0_47.jpg,0,0
71221_20210624_3_0_0_3_2_13_0_74,/content/drive/MyDrive/CD2_DSA/raw/val/images/71221_20210624_3_0_0_3_2_13_0_74.jpg,0,0
308207_20210914_3_0_0_3_2_11_0_107,/content/drive/MyDrive/CD2_DSA/raw/val/images/308207_20210914_3_0_0_3_2_11_0_107.jpg,0,0
3158_20210629_3_1_a9_3_2_13_1_13,/content/drive/MyDrive/CD2_DSA/raw/val/images/3158_20210629_3_1_a9_3_2_13_1_13.jpg,1,1
170873_20210624_3_0_0_5_2_13_0_67,/content/drive/MyDrive/CD2_DSA/raw/val/images/170873_20210624_3_0_0_5_2_13_0_67.jpg,0,0
308116_20210914_3_0_0_3_2_11_0_16,/content/drive/MyDrive/CD2_DSA/raw/val/images/308116_20210914_3_0_0_3_2_11_0_16.jpg,0,0
308109_20210914_3_0_0_3_2_11_0_9,/content/drive/MyDrive/CD2_DSA/raw/val/images/308109_20210914_3_0_0_3_2_11_0_9.jpg,0,0
4728_20210622_3_1_a9_3_2_13_2_96,/content/drive/MyDrive/CD2_DSA/raw/val/images/4728_20210622_3_1_a9_3_2_13_2_96.jpg,1,1
307412_20210914_3_0_0_3_2_11_0_12,/content/drive/MyDrive/CD2_DSA/raw/val/images/307412_20210914_3_0_0_3_2_11_0_12.jpg,0,0
311729_20210803_3_0_0_3_2_11_0_61,/content/drive/MyDrive/CD2_DSA/raw/val/images/311729_20210803_3_0_0_3_2_11_0_61.jpg,0,0
308554_20210914_3_0_0_5_2_11_0_30,/content/drive/MyDrive/CD2_DSA/raw/val/images/308554_20210914_3_0_0_5_2_11_0_30.jpg,0,0
1551_20210622_3_1_a9_3_2_13_2_123,/content/drive/MyDrive/CD2_DSA/raw/val/images/1551_20210622_3_1_a9_3_2_13_2_123.jpg,1,1
921_20210622_3_1_a9_3_2_13_3_119,/content/drive/MyDrive/CD2_DSA/raw/val/images/921_20210622_3_1_a9_3_2_13_3_119.jpg,1,1
16931_20210622_3_1_a9_3_2_13_2_21,/content/drive/MyDrive/CD2_DSA/raw/val/images/16931_20210622_3_1_a9_3_2_13_2_21.jpg,1,1
3243_20210629_3_1_a9_3_2_13_1_98,/content/drive/MyDrive/CD2_DSA/raw/val/images/3243_20210629_3_1_a9_3_2_13_1_98.jpg,1,1
15137_20210622_3_1_a9_3_2_13_3_48,/content/drive/MyDrive/CD2_DSA/raw/val/images/15137_20210622_3_1_a9_3_2_13_3_48.jpg,1,0
308186_20210914_3_0_0_3_2_11_0_86,/content/drive/MyDrive/CD2_DSA/raw/val/images/308186_20210914_3_0_0_3_2_11_0_86.jpg,0,0
2698_20210624_3_0_0_4_2_13_0_167,/content/drive/MyDrive/CD2_DSA/raw/val/images/2698_20210624_3_0_0_4_2_13_0_167.jpg,0,0
966_20210624_3_0_0_1_2_13_0_21,/content/drive/MyDrive/CD2_DSA/raw/val/images/966_20210624_3_0_0_1_2_13_0_21.jpg,0,0
106587_20210624_3_0_0_1_2_13_0_184,/content/drive/MyDrive/CD2_DSA/raw/val/images/106587_20210624_3_0_0_1_2_13_0_184.jpg,0,0
106236_20210624_3_0_0_1_2_13_0_33,/content/drive/MyDrive/CD2_DSA/raw/val/images/106236_20210624_3_0_0_1_2_13_0_33.jpg,0,0
95267_20210624_3_0_0_1_2_13_0_88,/content/drive/MyDrive/CD2_DSA/raw/val/images/95267_20210624_3_0_0_1_2_13_0_88.jpg,0,0
15671_20210706_3_1_a9_3_2_13_3_102,/content/drive/MyDrive/CD2_DSA/raw/val/images/15671_20210706_3_1_a9_3_2_13_3_102.jpg,1,1
304028_20210913_3_0_0_3_2_11_0_265,/content/drive/MyDrive/CD2_DSA/raw/val/images/304028_20210913_3_0_0_3_2_11_0_265.jpg,0,0
3617_20210629_3_1_a9_3_2_13_1_266,/content/drive/MyDrive/CD2_DSA/raw/val/images/3617_20210629_3_1_a9_3_2_13_1_266.jpg,1,0
312119_20210914_3_0_0_3_2_11_0_242,/content/drive/MyDrive/CD2_DSA/raw/val/images/312119_20210914_3_0_0_3_2_11_0_242.jpg,0,0
1758_20210622_3_1_a9_3_2_13_2_330,/content/drive/MyDrive/CD2_DSA/raw/val/images/1758_20210622_3_1_a9_3_2_13_2_330.jpg,1,1
170886_20210624_3_0_0_5_2_13_0_80,/content/drive/MyDrive/CD2_DSA/raw/val/images/170886_20210624_3_0_0_5_2_13_0_80.jpg,0,0
308593_20210914_3_0_0_5_2_11_0_69,/content/drive/MyDrive/CD2_DSA/raw/val/images/308593_20210914_3_0_0_5_2_11_0_69.jpg,0,0
106305_20210624_3_0_0_1_2_13_0_102,/content/drive/MyDrive/CD2_DSA/raw/val/images/106305_20210624_3_0_0_1_2_13_0_102.jpg,0,0
3163_20210629_3_1_a9_3_2_13_1_18,/content/drive/MyDrive/CD2_DSA/raw/val/images/3163_20210629_3_1_a9_3_2_13_1_18.jpg,1,1
1546_20210622_3_1_a9_3_2_13_2_118,/content/drive/MyDrive/CD2_DSA/raw/val/images/1546_20210622_3_1_a9_3_2_13_2_118.jpg,1,1
307986_20210914_3_0_0_5_2_11_0_183,/content/drive/MyDrive/CD2_DSA/raw/val/images/307986_20210914_3_0_0_5_2_11_0_183.jpg,0,0
108288_20210624_3_0_0_2_2_13_0_161,/content/drive/MyDrive/CD2_DSA/raw/val/images/108288_20210624_3_0_0_2_2_13_0_161.jpg,0,0
308201_20210914_3_0_0_3_2_11_0_101,/content/drive/MyDrive/CD2_DSA/raw/val/images/308201_20210914_3_0_0_3_2_11_0_101.jpg,0,0
307822_20210914_3_0_0_5_2_11_0_19,/content/drive/MyDrive/CD2_DSA/raw/val/images/307822_20210914_3_0_0_5_2_11_0_19.jpg,0,0
11884_20210624_3_0_0_1_2_13_0_130,/content/drive/MyDrive/CD2_DSA/raw/val/images/11884_20210624_3_0_0_1_2_13_0_130.jpg,0,0
15092_20210622_3_1_a9_3_2_13_3_3,/content/drive/MyDrive/CD2_DSA/raw/val/images/15092_20210622_3_1_a9_3_2_13_3_3.jpg,1,0
16520_20210706_3_1_a9_3_2_13_3_35,/content/drive/MyDrive/CD2_DSA/raw/val/images/16520_20210706_3_1_a9_3_2_13_3_35.jpg,1,1
308760_20210914_3_0_0_5_2_11_0_236,/content/drive/MyDrive/CD2_DSA/raw/val/images/308760_20210914_3_0_0_5_2_11_0_236.jpg,0,0
67609_20210624_3_0_0_1_2_13_0_180,/content/drive/MyDrive/CD2_DSA/raw/val/images/67609_20210624_3_0_0_1_2_13_0_180.jpg,0,0
95191_20210624_3_0_0_1_2_13_0_12,/content/drive/MyDrive/CD2_DSA/raw/val/images/95191_20210624_3_0_0_1_2_13_0_12.jpg,0,0
16276_20210706_3_1_a9_3_2_13_2_206,/content/drive/MyDrive/CD2_DSA/raw/val/images/16276_20210706_3_1_a9_3_2_13_2_206.jpg,1,1
311925_20210914_3_0_0_3_2_11_0_48,/content/drive/MyDrive/CD2_DSA/raw/val/images/311925_20210914_3_0_0_3_2_11_0_48.jpg,0,0
3557_20210629_3_1_a9_3_2_13_1_206,/content/drive/MyDrive/CD2_DSA/raw/val/images/3557_20210629_3_1_a9_3_2_13_1_206.jpg,1,1
16409_20210706_3_1_a9_3_2_13_2_325,/content/drive/MyDrive/CD2_DSA/raw/val/images/16409_20210706_3_1_a9_3_2_13_2_325.jpg,1,1
980_20210624_3_0_0_1_2_13_0_35,/content/drive/MyDrive/CD2_DSA/raw/val/images/980_20210624_3_0_0_1_2_13_0_35.jpg,0,0
308138_20210914_3_0_0_3_2_11_0_38,/content/drive/MyDrive/CD2_DSA/raw/val/images/308138_20210914_3_0_0_3_2_11_0_38.jpg,0,0
311970_20210914_3_0_0_3_2_11_0_93,/content/drive/MyDrive/CD2_DSA/raw/val/images/311970_20210914_3_0_0_3_2_11_0_93.jpg,0,0
848_20210622_3_1_a9_3_2_13_3_46,/content/drive/MyDrive/CD2_DSA/raw/val/images/848_20210622_3_1_a9_3_2_13_3_46.jpg,1,0
96129_20210624_3_0_0_3_2_13_0_183,/content/drive/MyDrive/CD2_DSA/raw/val/images/96129_20210624_3_0_0_3_2_13_0_183.jpg,0,0
170843_20210624_3_0_0_5_2_13_0_37,/content/drive/MyDrive/CD2_DSA/raw/val/images/170843_20210624_3_0_0_5_2_13_0_37.jpg,0,0
6622_20210622_3_1_a9_3_2_13_1_150,/content/drive/MyDrive/CD2_DSA/raw/val/images/6622_20210622_3_1_a9_3_2_13_1_150.jpg,1,1
308122_20210914_3_0_0_3_2_11_0_22,/content/drive/MyDrive/CD2_DSA/raw/val/images/308122_20210914_3_0_0_3_2_11_0_22.jpg,0,0
3721_20210629_3_1_a9_3_2_13_2_100,/content/drive/MyDrive/CD2_DSA/raw/val/images/3721_20210629_3_1_a9_3_2_13_2_100.jpg,1,1
312113_20210914_3_0_0_3_2_11_0_236,/content/drive/MyDrive/CD2_DSA/raw/val/images/312113_20210914_3_0_0_3_2_11_0_236.jpg,0,0
48972_20210624_3_0_0_1_2_13_0_46,/content/drive/MyDrive/CD2_DSA/raw/val/images/48972_20210624_3_0_0_1_2_13_0_46.jpg,0,0
66264_20210624_3_0_0_4_2_13_0_165,/content/drive/MyDrive/CD2_DSA/raw/val/images/66264_20210624_3_0_0_4_2_13_0_165.jpg,0,0
16894_20210622_3_1_a9_3_2_13_1_54,/content/drive/MyDrive/CD2_DSA/raw/val/images/16894_20210622_3_1_a9_3_2_13_1_54.jpg,1,1
3741_20210622_3_1_a9_3_2_13_3_19,/content/drive/MyDrive/CD2_DSA/raw/val/images/3741_20210622_3_1_a9_3_2_13_3_19.jpg,1,1
312046_20210914_3_0_0_3_2_11_0_169,/content/drive/MyDrive/CD2_DSA/raw/val/images/312046_20210914_3_0_0_3_2_11_0_169.jpg,0,0
304231_20210913_3_0_0_3_2_11_0_468,/content/drive/MyDrive/CD2_DSA/raw/val/images/304231_20210913_3_0_0_3_2_11_0_468.jpg,0,0
16210_20210706_3_1_a9_3_2_13_2_140,/content/drive/MyDrive/CD2_DSA/raw/val/images/16210_20210706_3_1_a9_3_2_13_2_140.jpg,1,1
308167_20210914_3_0_0_3_2_11_0_67,/content/drive/MyDrive/CD2_DSA/raw/val/images/308167_20210914_3_0_0_3_2_11_0_67.jpg,0,0
304332_20210913_3_0_0_3_2_11_0_569,/content/drive/MyDrive/CD2_DSA/raw/val/images/304332_20210913_3_0_0_3_2_11_0_569.jpg,0,0
16033_20210706_3_1_a9_3_2_13_2_43,/content/drive/MyDrive/CD2_DSA/raw/val/images/16033_20210706_3_1_a9_3_2_13_2_43.jpg,1,1
1538_20210622_3_1_a9_3_2_13_2_110,/content/drive/MyDrive/CD2_DSA/raw/val/images/1538_20210622_3_1_a9_3_2_13_2_110.jpg,1,1
170845_20210624_3_0_0_5_2_13_0_39,/content/drive/MyDrive/CD2_DSA/raw/val/images/170845_20210624_3_0_0_5_2_13_0_39.jpg,0,0
3405_20210629_3_1_a9_3_2_13_1_160,/content/drive/MyDrive/CD2_DSA/raw/val/images/3405_20210629_3_1_a9_3_2_13_1_160.jpg,1,1
3574_20210629_3_1_a9_3_2_13_1_223,/content/drive/MyDrive/CD2_DSA/raw/val/images/3574_20210629_3_1_a9_3_2_13_1_223.jpg,1,0
15147_20210622_3_1_a9_3_2_13_3_58,/content/drive/MyDrive/CD2_DSA/raw/val/images/15147_20210622_3_1_a9_3_2_13_3_58.jpg,1,1
49101_20210624_3_0_0_1_2_13_0_175,/content/drive/MyDrive/CD2_DSA/raw/val/images/49101_20210624_3_0_0_1_2_13_0_175.jpg,0,0
12311_20210624_3_0_0_1_2_13_0_156,/content/drive/MyDrive/CD2_DSA/raw/val/images/12311_20210624_3_0_0_1_2_13_0_156.jpg,0,0
304289_20210913_3_0_0_3_2_11_0_526,/content/drive/MyDrive/CD2_DSA/raw/val/images/304289_20210913_3_0_0_3_2_11_0_526.jpg,0,0
7119_20210624_3_0_0_1_2_13_0_163,/content/drive/MyDrive/CD2_DSA/raw/val/images/7119_20210624_3_0_0_1_2_13_0_163.jpg,0,0
311960_20210914_3_0_0_3_2_11_0_83,/content/drive/MyDrive/CD2_DSA/raw/val/images/311960_20210914_3_0_0_3_2_11_0_83.jpg,0,0
7156_20210624_3_0_0_1_2_13_0_200,/content/drive/MyDrive/CD2_DSA/raw/val/images/7156_20210624_3_0_0_1_2_13_0_200.jpg,0,0
86550_20210624_3_0_0_1_2_13_0_119,/content/drive/MyDrive/CD2_DSA/raw/val/images/86550_20210624_3_0_0_1_2_13_0_119.jpg,0,0
16803_20210713_3_1_a9_3_2_13_3_65,/content/drive/MyDrive/CD2_DSA/raw/val/images/16803_20210713_3_1_a9_3_2_13_3_65.jpg,1,1
16713_20210706_3_1_a9_3_2_13_2_564,/content/drive/MyDrive/CD2_DSA/raw/val/images/16713_20210706_3_1_a9_3_2_13_2_564.jpg,1,1
15452_20210622_3_1_a9_3_2_13_3_156,/content/drive/MyDrive/CD2_DSA/raw/val/images/15452_20210622_3_1_a9_3_2_13_3_156.jpg,1,1
784_20210622_3_1_a9_3_2_13_1_149,/content/drive/MyDrive/CD2_DSA/raw/val/images/784_20210622_3_1_a9_3_2_13_1_149.jpg,1,1
16801_20210713_3_1_a9_3_2_13_3_63,/content/drive/MyDrive/CD2_DSA/raw/val/images/16801_20210713_3_1_a9_3_2_13_3_63.jpg,1,1
1453_20210622_3_1_a9_3_2_13_2_25,/content/drive/MyDrive/CD2_DSA/raw/val/images/1453_20210622_3_1_a9_3_2_13_2_25.jpg,1,1
5997_20210622_3_1_a9_3_2_13_1_66,/content/drive/MyDrive/CD2_DSA/raw/val/images/5997_20210622_3_1_a9_3_2_13_1_66.jpg,1,1
308803_20210914_3_0_0_5_2_11_0_279,/content/drive/MyDrive/CD2_DSA/raw/val/images/308803_20210914_3_0_0_5_2_11_0_279.jpg,0,0
1483_20210622_3_1_a9_3_2_13_2_55,/content/drive/MyDrive/CD2_DSA/raw/val/images/1483_20210622_3_1_a9_3_2_13_2_55.jpg,1,0
4197_20210622_3_1_a9_3_2_13_2_28,/content/drive/MyDrive/CD2_DSA/raw/val/images/4197_20210622_3_1_a9_3_2_13_2_28.jpg,1,1
83518_20210708_3_0_0_1_2_13_0_12,/content/drive/MyDrive/CD2_DSA/raw/val/images/83518_20210708_3_0_0_1_2_13_0_12.jpg,0,0
67485_20210624_3_0_0_1_2_13_0_86,/content/drive/MyDrive/CD2_DSA/raw/val/images/67485_20210624_3_0_0_1_2_13_0_86.jpg,0,0
125091_20210624_3_0_0_1_2_13_0_122,/content/drive/MyDrive/CD2_DSA/raw/val/images/125091_20210624_3_0_0_1_2_13_0_122.jpg,0,0
86161_20210624_3_0_0_1_2_13_0_20,/content/drive/MyDrive/CD2_DSA/raw/val/images/86161_20210624_3_0_0_1_2_13_0_20.jpg,0,0
308061_20210914_3_0_0_5_2_11_0_258,/content/drive/MyDrive/CD2_DSA/raw/val/images/308061_20210914_3_0_0_5_2_11_0_258.jpg,0,0
106523_20210624_3_0_0_1_2_13_0_120,/content/drive/MyDrive/CD2_DSA/raw/val/images/106523_20210624_3_0_0_1_2_13_0_120.jpg,0,0
307411_20210914_3_0_0_3_2_11_0_11,/content/drive/MyDrive/CD2_DSA/raw/val/images/307411_20210914_3_0_0_3_2_11_0_11.jpg,0,0
67499_20210624_3_0_0_1_2_13_0_100,/content/drive/MyDrive/CD2_DSA/raw/val/images/67499_20210624_3_0_0_1_2_13_0_100.jpg,0,0
312078_20210914_3_0_0_3_2_11_0_201,/content/drive/MyDrive/CD2_DSA/raw/val/images/312078_20210914_3_0_0_3_2_11_0_201.jpg,0,0
9000_20210624_3_0_0_2_2_13_0_2,/content/drive/MyDrive/CD2_DSA/raw/val/images/9000_20210624_3_0_0_2_2_13_0_2.jpg,0,0
15650_20210706_3_1_a9_3_2_13_3_81,/content/drive/MyDrive/CD2_DSA/raw/val/images/15650_20210706_3_1_a9_3_2_13_3_81.jpg,1,1
16859_20210622_3_1_a9_3_2_13_1_19,/content/drive/MyDrive/CD2_DSA/raw/val/images/16859_20210622_3_1_a9_3_2_13_1_19.jpg,1,0
307919_20210914_3_0_0_5_2_11_0_116,/content/drive/MyDrive/CD2_DSA/raw/val/images/307919_20210914_3_0_0_5_2_11_0_116.jpg,0,0
312232_20210914_3_0_0_3_2_11_0_355,/content/drive/MyDrive/CD2_DSA/raw/val/images/312232_20210914_3_0_0_3_2_11_0_355.jpg,0,0
108124_20210624_3_0_0_2_2_13_0_112,/content/drive/MyDrive/CD2_DSA/raw/val/images/108124_20210624_3_0_0_2_2_13_0_112.jpg,0,0
304219_20210913_3_0_0_3_2_11_0_456,/content/drive/MyDrive/CD2_DSA/raw/val/images/304219_20210913_3_0_0_3_2_11_0_456.jpg,0,0
686_20210622_3_1_a9_3_2_13_1_51,/content/drive/MyDrive/CD2_DSA/raw/val/images/686_20210622_3_1_a9_3_2_13_1_51.jpg,1,1
10560_20210624_3_0_0_3_2_13_0_66,/content/drive/MyDrive/CD2_DSA/raw/val/images/10560_20210624_3_0_0_3_2_13_0_66.jpg,0,0
67639_20210624_3_0_0_1_2_13_0_210,/content/drive/MyDrive/CD2_DSA/raw/val/images/67639_20210624_3_0_0_1_2_13_0_210.jpg,0,0
86571_20210624_3_0_0_1_2_13_0_140,/content/drive/MyDrive/CD2_DSA/raw/val/images/86571_20210624_3_0_0_1_2_13_0_140.jpg,0,0
15403_20210622_3_1_a9_3_2_13_3_107,/content/drive/MyDrive/CD2_DSA/raw/val/images/15403_20210622_3_1_a9_3_2_13_3_107.jpg,1,1
3870_20210622_3_1_a9_3_2_13_2_1,/content/drive/MyDrive/CD2_DSA/raw/val/images/3870_20210622_3_1_a9_3_2_13_2_1.jpg,1,1
308842_20210914_3_0_0_5_2_11_0_318,/content/drive/MyDrive/CD2_DSA/raw/val/images/308842_20210914_3_0_0_5_2_11_0_318.jpg,0,0
67478_20210624_3_0_0_1_2_13_0_79,/content/drive/MyDrive/CD2_DSA/raw/val/images/67478_20210624_3_0_0_1_2_13_0_79.jpg,0,0
3401_20210629_3_1_a9_3_2_13_1_156,/content/drive/MyDrive/CD2_DSA/raw/val/images/3401_20210629_3_1_a9_3_2_13_1_156.jpg,1,0
1093_20210624_3_0_0_1_2_13_0_148,/content/drive/MyDrive/CD2_DSA/raw/val/images/1093_20210624_3_0_0_1_2_13_0_148.jpg,0,0
1125_20210624_3_0_0_1_2_13_0_180,/content/drive/MyDrive/CD2_DSA/raw/val/images/1125_20210624_3_0_0_1_2_13_0_180.jpg,0,0
125673_20210624_3_0_0_2_2_13_0_77,/content/drive/MyDrive/CD2_DSA/raw/val/images/125673_20210624_3_0_0_2_2_13_0_77.jpg,0,0
307655_20210914_3_0_0_3_2_11_0_255,/content/drive/MyDrive/CD2_DSA/raw/val/images/307655_20210914_3_0_0_3_2_11_0_255.jpg,0,0
308108_20210914_3_0_0_3_2_11_0_8,/content/drive/MyDrive/CD2_DSA/raw/val/images/308108_20210914_3_0_0_3_2_11_0_8.jpg,0,0
312189_20210914_3_0_0_3_2_11_0_312,/content/drive/MyDrive/CD2_DSA/raw/val/images/312189_20210914_3_0_0_3_2_11_0_312.jpg,0,0
48943_20210624_3_0_0_1_2_13_0_17,/content/drive/MyDrive/CD2_DSA/raw/val/images/48943_20210624_3_0_0_1_2_13_0_17.jpg,0,0
856_20210622_3_1_a9_3_2_13_3_54,/content/drive/MyDrive/CD2_DSA/raw/val/images/856_20210622_3_1_a9_3_2_13_3_54.jpg,1,0
16698_20210706_3_1_a9_3_2_13_2_549,/content/drive/MyDrive/CD2_DSA/raw/val/images/16698_20210706_3_1_a9_3_2_13_2_549.jpg,1,1
7169_20210624_3_0_0_1_2_13_0_213,/content/drive/MyDrive/CD2_DSA/raw/val/images/7169_20210624_3_0_0_1_2_13_0_213.jpg,0,0
3173_20210629_3_1_a9_3_2_13_1_28,/content/drive/MyDrive/CD2_DSA/raw/val/images/3173_20210629_3_1_a9_3_2_13_1_28.jpg,1,0
68517_20210624_3_0_0_2_2_13_0_27,/content/drive/MyDrive/CD2_DSA/raw/val/images/68517_20210624_3_0_0_2_2_13_0_27.jpg,0,0
641_20210622_3_1_a9_3_2_13_1_6,/content/drive/MyDrive/CD2_DSA/raw/val/images/641_20210622_3_1_a9_3_2_13_1_6.jpg,1,1
26089_20210624_3_0_0_5_2_13_0_138,/content/drive/MyDrive/CD2_DSA/raw/val/images/26089_20210624_3_0_0_5_2_13_0_138.jpg,0,0
71155_20210624_3_0_0_3_2_13_0_8,/content/drive/MyDrive/CD2_DSA/raw/val/images/71155_20210624_3_0_0_3_2_13_0_8.jpg,0,0
16986_20210622_3_1_a9_3_2_13_1_107,/content/drive/MyDrive/CD2_DSA/raw/val/images/16986_20210622_3_1_a9_3_2_13_1_107.jpg,1,0
3875_20210622_3_1_a9_3_2_13_2_6,/content/drive/MyDrive/CD2_DSA/raw/val/images/3875_20210622_3_1_a9_3_2_13_2_6.jpg,1,1
311952_20210914_3_0_0_3_2_11_0_75,/content/drive/MyDrive/CD2_DSA/raw/val/images/311952_20210914_3_0_0_3_2_11_0_75.jpg,0,0
17010_20210622_3_1_a9_3_2_13_1_131,/content/drive/MyDrive/CD2_DSA/raw/val/images/17010_20210622_3_1_a9_3_2_13_1_131.jpg,1,0
1738_20210622_3_1_a9_3_2_13_2_310,/content/drive/MyDrive/CD2_DSA/raw/val/images/1738_20210622_3_1_a9_3_2_13_2_310.jpg,1,1
15617_20210706_3_1_a9_3_2_13_3_48,/content/drive/MyDrive/CD2_DSA/raw/val/images/15617_20210706_3_1_a9_3_2_13_3_48.jpg,1,1
304281_20210913_3_0_0_3_2_11_0_518,/content/drive/MyDrive/CD2_DSA/raw/val/images/304281_20210913_3_0_0_3_2_11_0_518.jpg,0,0
67517_20210624_3_0_0_1_2_13_0_118,/content/drive/MyDrive/CD2_DSA/raw/val/images/67517_20210624_3_0_0_1_2_13_0_118.jpg,0,0
104090_20210624_3_0_0_4_2_13_0_168,/content/drive/MyDrive/CD2_DSA/raw/val/images/104090_20210624_3_0_0_4_2_13_0_168.jpg,0,0
16306_20210706_3_1_a9_3_2_13_2_236,/content/drive/MyDrive/CD2_DSA/raw/val/images/16306_20210706_3_1_a9_3_2_13_2_236.jpg,1,1
16526_20210706_3_1_a9_3_2_13_3_41,/content/drive/MyDrive/CD2_DSA/raw/val/images/16526_20210706_3_1_a9_3_2_13_3_41.jpg,1,1
95279_20210624_3_0_0_1_2_13_0_100,/content/drive/MyDrive/CD2_DSA/raw/val/images/95279_20210624_3_0_0_1_2_13_0_100.jpg,0,0
308330_20210914_3_0_0_3_2_11_0_230,/content/drive/MyDrive/CD2_DSA/raw/val/images/308330_20210914_3_0_0_3_2_11_0_230.jpg,0,0
86564_20210624_3_0_0_1_2_13_0_133,/content/drive/MyDrive/CD2_DSA/raw/val/images/86564_20210624_3_0_0_1_2_13_0_133.jpg,0,0
6615_20210622_3_1_a9_3_2_13_1_143,/content/drive/MyDrive/CD2_DSA/raw/val/images/6615_20210622_3_1_a9_3_2_13_1_143.jpg,1,1
738_20210622_3_1_a9_3_2_13_1_103,/content/drive/MyDrive/CD2_DSA/raw/val/images/738_20210622_3_1_a9_3_2_13_1_103.jpg,1,1
304080_20210913_3_0_0_3_2_11_0_317,/content/drive/MyDrive/CD2_DSA/raw/val/images/304080_20210913_3_0_0_3_2_11_0_317.jpg,0,0
308828_20210914_3_0_0_5_2_11_0_304,/content/drive/MyDrive/CD2_DSA/raw/val/images/308828_20210914_3_0_0_5_2_11_0_304.jpg,0,0
4389_20210622_3_1_a9_3_2_13_2_57,/content/drive/MyDrive/CD2_DSA/raw/val/images/4389_20210622_3_1_a9_3_2_13_2_57.jpg,1,1
15827_20210622_3_1_a9_3_2_13_2_68,/content/drive/MyDrive/CD2_DSA/raw/val/images/15827_20210622_3_1_a9_3_2_13_2_68.jpg,1,0
25698_20210624_3_0_0_5_2_13_0_122,/content/drive/MyDrive/CD2_DSA/raw/val/images/25698_20210624_3_0_0_5_2_13_0_122.jpg,0,0
106528_20210624_3_0_0_1_2_13_0_125,/content/drive/MyDrive/CD2_DSA/raw/val/images/106528_20210624_3_0_0_1_2_13_0_125.jpg,0,0
17024_20210622_3_1_a9_3_2_13_1_145,/content/drive/MyDrive/CD2_DSA/raw/val/images/17024_20210622_3_1_a9_3_2_13_1_145.jpg,1,1
308374_20210914_3_0_0_3_2_11_0_274,/content/drive/MyDrive/CD2_DSA/raw/val/images/308374_20210914_3_0_0_3_2_11_0_274.jpg,0,0
16841_20210622_3_1_a9_3_2_13_1_1,/content/drive/MyDrive/CD2_DSA/raw/val/images/16841_20210622_3_1_a9_3_2_13_1_1.jpg,1,1
841_20210622_3_1_a9_3_2_13_3_39,/content/drive/MyDrive/CD2_DSA/raw/val/images/841_20210622_3_1_a9_3_2_13_3_39.jpg,1,1
126097_20210624_3_0_0_5_2_13_0_32,/content/drive/MyDrive/CD2_DSA/raw/val/images/126097_20210624_3_0_0_5_2_13_0_32.jpg,0,0
67414_20210624_3_0_0_1_2_13_0_15,/content/drive/MyDrive/CD2_DSA/raw/val/images/67414_20210624_3_0_0_1_2_13_0_15.jpg,0,0
308220_20210914_3_0_0_3_2_11_0_120,/content/drive/MyDrive/CD2_DSA/raw/val/images/308220_20210914_3_0_0_3_2_11_0_120.jpg,0,0
16251_20210706_3_1_a9_3_2_13_2_181,/content/drive/MyDrive/CD2_DSA/raw/val/images/16251_20210706_3_1_a9_3_2_13_2_181.jpg,1,1
7115_20210624_3_0_0_1_2_13_0_159,/content/drive/MyDrive/CD2_DSA/raw/val/images/7115_20210624_3_0_0_1_2_13_0_159.jpg,0,0
170838_20210624_3_0_0_5_2_13_0_32,/content/drive/MyDrive/CD2_DSA/raw/val/images/170838_20210624_3_0_0_5_2_13_0_32.jpg,0,0
16399_20210706_3_1_a9_3_2_13_2_315,/content/drive/MyDrive/CD2_DSA/raw/val/images/16399_20210706_3_1_a9_3_2_13_2_315.jpg,1,1
67467_20210624_3_0_0_1_2_13_0_68,/content/drive/MyDrive/CD2_DSA/raw/val/images/67467_20210624_3_0_0_1_2_13_0_68.jpg,0,0
308202_20210914_3_0_0_3_2_11_0_102,/content/drive/MyDrive/CD2_DSA/raw/val/images/308202_20210914_3_0_0_3_2_11_0_102.jpg,0,0
304154_20210913_3_0_0_3_2_11_0_391,/content/drive/MyDrive/CD2_DSA/raw/val/images/304154_20210913_3_0_0_3_2_11_0_391.jpg,0,0
312017_20210914_3_0_0_3_2_11_0_140,/content/drive/MyDrive/CD2_DSA/raw/val/images/312017_20210914_3_0_0_3_2_11_0_140.jpg,0,0
65904_20210624_3_0_0_4_2_13_0_35,/content/drive/MyDrive/CD2_DSA/raw/val/images/65904_20210624_3_0_0_4_2_13_0_35.jpg,0,0
307615_20210914_3_0_0_3_2_11_0_215,/content/drive/MyDrive/CD2_DSA/raw/val/images/307615_20210914_3_0_0_3_2_11_0_215.jpg,0,0
307545_20210914_3_0_0_3_2_11_0_145,/content/drive/MyDrive/CD2_DSA/raw/val/images/307545_20210914_3_0_0_3_2_11_0_145.jpg,0,0
307799_20210914_3_0_0_3_2_11_0_399,/content/drive/MyDrive/CD2_DSA/raw/val/images/307799_20210914_3_0_0_3_2_11_0_399.jpg,0,0
123851_20210624_3_0_0_4_2_13_0_15,/content/drive/MyDrive/CD2_DSA/raw/val/images/123851_20210624_3_0_0_4_2_13_0_15.jpg,0,0
15427_20210622_3_1_a9_3_2_13_3_131,/content/drive/MyDrive/CD2_DSA/raw/val/images/15427_20210622_3_1_a9_3_2_13_3_131.jpg,1,1
5262_20210622_3_1_a9_3_2_13_2_138,/content/drive/MyDrive/CD2_DSA/raw/val/images/5262_20210622_3_1_a9_3_2_13_2_138.jpg,1,1
307623_20210914_3_0_0_3_2_11_0_223,/content/drive/MyDrive/CD2_DSA/raw/val/images/307623_20210914_3_0_0_3_2_11_0_223.jpg,0,0
307457_20210914_3_0_0_3_2_11_0_57,/content/drive/MyDrive/CD2_DSA/raw/val/images/307457_20210914_3_0_0_3_2_11_0_57.jpg,0,0
1588_20210622_3_1_a9_3_2_13_2_160,/content/drive/MyDrive/CD2_DSA/raw/val/images/1588_20210622_3_1_a9_3_2_13_2_160.jpg,1,0
66283_20210624_3_0_0_4_2_13_0_184,/content/drive/MyDrive/CD2_DSA/raw/val/images/66283_20210624_3_0_0_4_2_13_0_184.jpg,0,0
307947_20210914_3_0_0_5_2_11_0_144,/content/drive/MyDrive/CD2_DSA/raw/val/images/307947_20210914_3_0_0_5_2_11_0_144.jpg,0,0
95258_20210624_3_0_0_1_2_13_0_79,/content/drive/MyDrive/CD2_DSA/raw/val/images/95258_20210624_3_0_0_1_2_13_0_79.jpg,0,0
311887_20210914_3_0_0_3_2_11_0_10,/content/drive/MyDrive/CD2_DSA/raw/val/images/311887_20210914_3_0_0_3_2_11_0_10.jpg,0,0
2514_20210624_3_0_0_4_2_13_0_101,/content/drive/MyDrive/CD2_DSA/raw/val/images/2514_20210624_3_0_0_4_2_13_0_101.jpg,0,0
1608_20210622_3_1_a9_3_2_13_2_180,/content/drive/MyDrive/CD2_DSA/raw/val/images/1608_20210622_3_1_a9_3_2_13_2_180.jpg,1,1
308837_20210914_3_0_0_5_2_11_0_313,/content/drive/MyDrive/CD2_DSA/raw/val/images/308837_20210914_3_0_0_5_2_11_0_313.jpg,0,0
15488_20210622_3_1_a9_3_2_13_3_192,/content/drive/MyDrive/CD2_DSA/raw/val/images/15488_20210622_3_1_a9_3_2_13_3_192.jpg,1,1
16668_20210706_3_1_a9_3_2_13_2_519,/content/drive/MyDrive/CD2_DSA/raw/val/images/16668_20210706_3_1_a9_3_2_13_2_519.jpg,1,0
170806_20210624_3_0_0_5_2_13_0_0,/content/drive/MyDrive/CD2_DSA/raw/val/images/170806_20210624_3_0_0_5_2_13_0_0.jpg,0,0
304085_20210913_3_0_0_3_2_11_0_322,/content/drive/MyDrive/CD2_DSA/raw/val/images/304085_20210913_3_0_0_3_2_11_0_322.jpg,0,0
1624_20210622_3_1_a9_3_2_13_2_196,/content/drive/MyDrive/CD2_DSA/raw/val/images/1624_20210622_3_1_a9_3_2_13_2_196.jpg,1,1
16092_20210706_3_1_a9_3_2_13_2_102,/content/drive/MyDrive/CD2_DSA/raw/val/images/16092_20210706_3_1_a9_3_2_13_2_102.jpg,1,0
123878_20210624_3_0_0_4_2_13_0_42,/content/drive/MyDrive/CD2_DSA/raw/val/images/123878_20210624_3_0_0_4_2_13_0_42.jpg,0,0
4729_20210622_3_1_a9_3_2_13_2_97,/content/drive/MyDrive/CD2_DSA/raw/val/images/4729_20210622_3_1_a9_3_2_13_2_97.jpg,1,1
3672_20210629_3_1_a9_3_2_13_2_51,/content/drive/MyDrive/CD2_DSA/raw/val/images/3672_20210629_3_1_a9_3_2_13_2_51.jpg,1,1
16694_20210706_3_1_a9_3_2_13_2_545,/content/drive/MyDrive/CD2_DSA/raw/val/images/16694_20210706_3_1_a9_3_2_13_2_545.jpg,1,1
26114_20210624_3_0_0_5_2_13_0_163,/content/drive/MyDrive/CD2_DSA/raw/val/images/26114_20210624_3_0_0_5_2_13_0_163.jpg,0,0
16937_20210622_3_1_a9_3_2_13_2_27,/content/drive/MyDrive/CD2_DSA/raw/val/images/16937_20210622_3_1_a9_3_2_13_2_27.jpg,1,0
679_20210622_3_1_a9_3_2_13_1_44,/content/drive/MyDrive/CD2_DSA/raw/val/images/679_20210622_3_1_a9_3_2_13_1_44.jpg,1,0
2763_20210624_3_0_0_4_2_13_0_232,/content/drive/MyDrive/CD2_DSA/raw/val/images/2763_20210624_3_0_0_4_2_13_0_232.jpg,0,0
95181_20210624_3_0_0_1_2_13_0_2,/content/drive/MyDrive/CD2_DSA/raw/val/images/95181_20210624_3_0_0_1_2_13_0_2.jpg,0,0
16522_20210706_3_1_a9_3_2_13_3_37,/content/drive/MyDrive/CD2_DSA/raw/val/images/16522_20210706_3_1_a9_3_2_13_3_37.jpg,1,0
6875_20210624_3_0_0_1_2_13_0_100,/content/drive/MyDrive/CD2_DSA/raw/val/images/6875_20210624_3_0_0_1_2_13_0_100.jpg,0,0
1717_20210622_3_1_a9_3_2_13_2_289,/content/drive/MyDrive/CD2_DSA/raw/val/images/1717_20210622_3_1_a9_3_2_13_2_289.jpg,1,1
86421_20210624_3_0_0_5_2_13_0_0,/content/drive/MyDrive/CD2_DSA/raw/val/images/86421_20210624_3_0_0_5_2_13_0_0.jpg,0,0
83200_20210624_3_0_0_1_2_13_0_113,/content/drive/MyDrive/CD2_DSA/raw/val/images/83200_20210624_3_0_0_1_2_13_0_113.jpg,0,0
1610_20210622_3_1_a9_3_2_13_2_182,/content/drive/MyDrive/CD2_DSA/raw/val/images/1610_20210622_3_1_a9_3_2_13_2_182.jpg,1,1
16987_20210622_3_1_a9_3_2_13_1_108,/content/drive/MyDrive/CD2_DSA/raw/val/images/16987_20210622_3_1_a9_3_2_13_1_108.jpg,1,0
1043_20210624_3_0_0_1_2_13_0_98,/content/drive/MyDrive/CD2_DSA/raw/val/images/1043_20210624_3_0_0_1_2_13_0_98.jpg,0,0
307694_20210914_3_0_0_3_2_11_0_294,/content/drive/MyDrive/CD2_DSA/raw/val/images/307694_20210914_3_0_0_3_2_11_0_294.jpg,0,0
15678_20210706_3_1_a9_3_2_13_3_109,/content/drive/MyDrive/CD2_DSA/raw/val/images/15678_20210706_3_1_a9_3_2_13_3_109.jpg,1,1
308825_20210914_3_0_0_5_2_11_0_301,/content/drive/MyDrive/CD2_DSA/raw/val/images/308825_20210914_3_0_0_5_2_11_0_301.jpg,0,0
67604_20210624_3_0_0_1_2_13_0_175,/content/drive/MyDrive/CD2_DSA/raw/val/images/67604_20210624_3_0_0_1_2_13_0_175.jpg,0,0
308007_20210914_3_0_0_5_2_11_0_204,/content/drive/MyDrive/CD2_DSA/raw/val/images/308007_20210914_3_0_0_5_2_11_0_204.jpg,0,0
16911_20210622_3_1_a9_3_2_13_2_0,/content/drive/MyDrive/CD2_DSA/raw/val/images/16911_20210622_3_1_a9_3_2_13_2_0.jpg,1,1
32320_20210624_3_0_0_4_2_13_0_23,/content/drive/MyDrive/CD2_DSA/raw/val/images/32320_20210624_3_0_0_4_2_13_0_23.jpg,0,0
17013_20210622_3_1_a9_3_2_13_1_134,/content/drive/MyDrive/CD2_DSA/raw/val/images/17013_20210622_3_1_a9_3_2_13_1_134.jpg,1,1
16837_20210713_3_1_a9_3_2_13_3_99,/content/drive/MyDrive/CD2_DSA/raw/val/images/16837_20210713_3_1_a9_3_2_13_3_99.jpg,1,0
307611_20210914_3_0_0_3_2_11_0_211,/content/drive/MyDrive/CD2_DSA/raw/val/images/307611_20210914_3_0_0_3_2_11_0_211.jpg,0,0
924_20210622_3_1_a9_3_2_13_3_122,/content/drive/MyDrive/CD2_DSA/raw/val/images/924_20210622_3_1_a9_3_2_13_3_122.jpg,1,0
16381_20210622_3_1_a9_3_2_13_3_11,/content/drive/MyDrive/CD2_DSA/raw/val/images/16381_20210622_3_1_a9_3_2_13_3_11.jpg,1,0
308092_20210914_3_0_0_5_2_11_0_289,/content/drive/MyDrive/CD2_DSA/raw/val/images/308092_20210914_3_0_0_5_2_11_0_289.jpg,0,0
10477_20210624_3_0_0_1_2_13_0_26,/content/drive/MyDrive/CD2_DSA/raw/val/images/10477_20210624_3_0_0_1_2_13_0_26.jpg,0,0
16988_20210622_3_1_a9_3_2_13_1_109,/content/drive/MyDrive/CD2_DSA/raw/val/images/16988_20210622_3_1_a9_3_2_13_1_109.jpg,1,1
875_20210622_3_1_a9_3_2_13_3_73,/content/drive/MyDrive/CD2_DSA/raw/val/images/875_20210622_3_1_a9_3_2_13_3_73.jpg,1,1
5245_20210622_3_1_a9_3_2_13_2_121,/content/drive/MyDrive/CD2_DSA/raw/val/images/5245_20210622_3_1_a9_3_2_13_2_121.jpg,1,1
971_20210624_3_0_0_1_2_13_0_26,/content/drive/MyDrive/CD2_DSA/raw/val/images/971_20210624_3_0_0_1_2_13_0_26.jpg,0,0
307914_20210914_3_0_0_5_2_11_0_111,/content/drive/MyDrive/CD2_DSA/raw/val/images/307914_20210914_3_0_0_5_2_11_0_111.jpg,0,0
1054_20210624_3_0_0_1_2_13_0_109,/content/drive/MyDrive/CD2_DSA/raw/val/images/1054_20210624_3_0_0_1_2_13_0_109.jpg,0,0
128830_20210624_3_0_0_1_2_13_0_20,/content/drive/MyDrive/CD2_DSA/raw/val/images/128830_20210624_3_0_0_1_2_13_0_20.jpg,0,0
10527_20210624_3_0_0_3_2_13_0_33,/content/drive/MyDrive/CD2_DSA/raw/val/images/10527_20210624_3_0_0_3_2_13_0_33.jpg,0,0
307572_20210914_3_0_0_3_2_11_0_172,/content/drive/MyDrive/CD2_DSA/raw/val/images/307572_20210914_3_0_0_3_2_11_0_172.jpg,0,0
13347_20210624_3_0_0_1_2_13_0_180,/content/drive/MyDrive/CD2_DSA/raw/val/images/13347_20210624_3_0_0_1_2_13_0_180.jpg,0,0
16036_20210706_3_1_a9_3_2_13_2_46,/content/drive/MyDrive/CD2_DSA/raw/val/images/16036_20210706_3_1_a9_3_2_13_2_46.jpg,1,1
308716_20210914_3_0_0_5_2_11_0_193,/content/drive/MyDrive/CD2_DSA/raw/val/images/308716_20210914_3_0_0_5_2_11_0_193.jpg,0,0
49033_20210624_3_0_0_1_2_13_0_107,/content/drive/MyDrive/CD2_DSA/raw/val/images/49033_20210624_3_0_0_1_2_13_0_107.jpg,0,0
17051_20210622_3_1_a9_3_2_13_1_172,/content/drive/MyDrive/CD2_DSA/raw/val/images/17051_20210622_3_1_a9_3_2_13_1_172.jpg,1,1
17070_20210622_3_1_a9_3_2_13_1_191,/content/drive/MyDrive/CD2_DSA/raw/val/images/17070_20210622_3_1_a9_3_2_13_1_191.jpg,1,1
307491_20210914_3_0_0_3_2_11_0_91,/content/drive/MyDrive/CD2_DSA/raw/val/images/307491_20210914_3_0_0_3_2_11_0_91.jpg,0,0
84045_20210708_3_0_0_1_2_13_0_111,/content/drive/MyDrive/CD2_DSA/raw/val/images/84045_20210708_3_0_0_1_2_13_0_111.jpg,0,0
68502_20210624_3_0_0_2_2_13_0_12,/content/drive/MyDrive/CD2_DSA/raw/val/images/68502_20210624_3_0_0_2_2_13_0_12.jpg,0,0
16961_20210622_3_1_a9_3_2_13_1_82,/content/drive/MyDrive/CD2_DSA/raw/val/images/16961_20210622_3_1_a9_3_2_13_1_82.jpg,1,0
308455_20210914_3_0_0_3_2_11_0_355,/content/drive/MyDrive/CD2_DSA/raw/val/images/308455_20210914_3_0_0_3_2_11_0_355.jpg,0,0
15425_20210622_3_1_a9_3_2_13_3_129,/content/drive/MyDrive/CD2_DSA/raw/val/images/15425_20210622_3_1_a9_3_2_13_3_129.jpg,1,1
307724_20210914_3_0_0_3_2_11_0_324,/content/drive/MyDrive/CD2_DSA/raw/val/images/307724_20210914_3_0_0_3_2_11_0_324.jpg,0,0
3556_20210629_3_1_a9_3_2_13_1_205,/content/drive/MyDrive/CD2_DSA/raw/val/images/3556_20210629_3_1_a9_3_2_13_1_205.jpg,1,1
126110_20210624_3_0_0_5_2_13_0_45,/content/drive/MyDrive/CD2_DSA/raw/val/images/126110_20210624_3_0_0_5_2_13_0_45.jpg,0,0
16680_20210706_3_1_a9_3_2_13_2_531,/content/drive/MyDrive/CD2_DSA/raw/val/images/16680_20210706_3_1_a9_3_2_13_2_531.jpg,1,1
3812_20210629_3_1_a9_3_2_13_3_21,/content/drive/MyDrive/CD2_DSA/raw/val/images/3812_20210629_3_1_a9_3_2_13_3_21.jpg,1,1
71156_20210624_3_0_0_3_2_13_0_9,/content/drive/MyDrive/CD2_DSA/raw/val/images/71156_20210624_3_0_0_3_2_13_0_9.jpg,0,0
125684_20210624_3_0_0_2_2_13_0_88,/content/drive/MyDrive/CD2_DSA/raw/val/images/125684_20210624_3_0_0_2_2_13_0_88.jpg,0,0
312230_20210914_3_0_0_3_2_11_0_353,/content/drive/MyDrive/CD2_DSA/raw/val/images/312230_20210914_3_0_0_3_2_11_0_353.jpg,0,0
16087_20210706_3_1_a9_3_2_13_2_97,/content/drive/MyDrive/CD2_DSA/raw/val/images/16087_20210706_3_1_a9_3_2_13_2_97.jpg,1,1
7143_20210624_3_0_0_1_2_13_0_187,/content/drive/MyDrive/CD2_DSA/raw/val/images/7143_20210624_3_0_0_1_2_13_0_187.jpg,0,0
15762_20210622_3_1_a9_3_2_13_2_3,/content/drive/MyDrive/CD2_DSA/raw/val/images/15762_20210622_3_1_a9_3_2_13_2_3.jpg,1,1
1591_20210622_3_1_a9_3_2_13_2_163,/content/drive/MyDrive/CD2_DSA/raw/val/images/1591_20210622_3_1_a9_3_2_13_2_163.jpg,1,0
12105_20210624_3_0_0_1_2_13_0_150,/content/drive/MyDrive/CD2_DSA/raw/val/images/12105_20210624_3_0_0_1_2_13_0_150.jpg,0,0
308043_20210914_3_0_0_5_2_11_0_240,/content/drive/MyDrive/CD2_DSA/raw/val/images/308043_20210914_3_0_0_5_2_11_0_240.jpg,0,0
3355_20210629_3_1_a9_3_2_13_1_110,/content/drive/MyDrive/CD2_DSA/raw/val/images/3355_20210629_3_1_a9_3_2_13_1_110.jpg,1,0
16045_20210706_3_1_a9_3_2_13_2_55,/content/drive/MyDrive/CD2_DSA/raw/val/images/16045_20210706_3_1_a9_3_2_13_2_55.jpg,1,1
1061_20210624_3_0_0_1_2_13_0_116,/content/drive/MyDrive/CD2_DSA/raw/val/images/1061_20210624_3_0_0_1_2_13_0_116.jpg,0,0
126089_20210624_3_0_0_5_2_13_0_24,/content/drive/MyDrive/CD2_DSA/raw/val/images/126089_20210624_3_0_0_5_2_13_0_24.jpg,0,0
86585_20210624_3_0_0_1_2_13_0_154,/content/drive/MyDrive/CD2_DSA/raw/val/images/86585_20210624_3_0_0_1_2_13_0_154.jpg,0,0
67469_20210624_3_0_0_1_2_13_0_70,/content/drive/MyDrive/CD2_DSA/raw/val/images/67469_20210624_3_0_0_1_2_13_0_70.jpg,0,0
7146_20210624_3_0_0_1_2_13_0_190,/content/drive/MyDrive/CD2_DSA/raw/val/images/7146_20210624_3_0_0_1_2_13_0_190.jpg,0,0
3204_20210629_3_1_a9_3_2_13_1_59,/content/drive/MyDrive/CD2_DSA/raw/val/images/3204_20210629_3_1_a9_3_2_13_1_59.jpg,1,1
308535_20210914_3_0_0_5_2_11_0_11,/content/drive/MyDrive/CD2_DSA/raw/val/images/308535_20210914_3_0_0_5_2_11_0_11.jpg,0,0
3435_20210629_3_1_a9_3_2_13_1_190,/content/drive/MyDrive/CD2_DSA/raw/val/images/3435_20210629_3_1_a9_3_2_13_1_190.jpg,1,1
1589_20210622_3_1_a9_3_2_13_2_161,/content/drive/MyDrive/CD2_DSA/raw/val/images/1589_20210622_3_1_a9_3_2_13_2_161.jpg,1,0
71179_20210624_3_0_0_3_2_13_0_32,/content/drive/MyDrive/CD2_DSA/raw/val/images/71179_20210624_3_0_0_3_2_13_0_32.jpg,0,0
83271_20210624_3_0_0_1_2_13_0_184,/content/drive/MyDrive/CD2_DSA/raw/val/images/83271_20210624_3_0_0_1_2_13_0_184.jpg,0,0
304161_20210913_3_0_0_3_2_11_0_398,/content/drive/MyDrive/CD2_DSA/raw/val/images/304161_20210913_3_0_0_3_2_11_0_398.jpg,0,0
66310_20210624_3_0_0_4_2_13_0_211,/content/drive/MyDrive/CD2_DSA/raw/val/images/66310_20210624_3_0_0_4_2_13_0_211.jpg,0,0
307983_20210914_3_0_0_5_2_11_0_180,/content/drive/MyDrive/CD2_DSA/raw/val/images/307983_20210914_3_0_0_5_2_11_0_180.jpg,0,0
16557_20210706_3_1_a9_3_2_13_2_408,/content/drive/MyDrive/CD2_DSA/raw/val/images/16557_20210706_3_1_a9_3_2_13_2_408.jpg,1,1
16285_20210706_3_1_a9_3_2_13_2_215,/content/drive/MyDrive/CD2_DSA/raw/val/images/16285_20210706_3_1_a9_3_2_13_2_215.jpg,1,1
866_20210622_3_1_a9_3_2_13_3_64,/content/drive/MyDrive/CD2_DSA/raw/val/images/866_20210622_3_1_a9_3_2_13_3_64.jpg,1,1
15815_20210622_3_1_a9_3_2_13_2_56,/content/drive/MyDrive/CD2_DSA/raw/val/images/15815_20210622_3_1_a9_3_2_13_2_56.jpg,1,1
104105_20210624_3_0_0_4_2_13_0_183,/content/drive/MyDrive/CD2_DSA/raw/val/images/104105_20210624_3_0_0_4_2_13_0_183.jpg,0,0
106561_20210624_3_0_0_1_2_13_0_158,/content/drive/MyDrive/CD2_DSA/raw/val/images/106561_20210624_3_0_0_1_2_13_0_158.jpg,0,0
3759_20210622_3_1_a9_3_2_13_3_37,/content/drive/MyDrive/CD2_DSA/raw/val/images/3759_20210622_3_1_a9_3_2_13_3_37.jpg,1,1
304083_20210913_3_0_0_3_2_11_0_320,/content/drive/MyDrive/CD2_DSA/raw/val/images/304083_20210913_3_0_0_3_2_11_0_320.jpg,0,0
863_20210622_3_1_a9_3_2_13_3_61,/content/drive/MyDrive/CD2_DSA/raw/val/images/863_20210622_3_1_a9_3_2_13_3_61.jpg,1,1
307934_20210914_3_0_0_5_2_11_0_131,/content/drive/MyDrive/CD2_DSA/raw/val/images/307934_20210914_3_0_0_5_2_11_0_131.jpg,0,0
83220_20210624_3_0_0_1_2_13_0_133,/content/drive/MyDrive/CD2_DSA/raw/val/images/83220_20210624_3_0_0_1_2_13_0_133.jpg,0,0
1611_20210622_3_1_a9_3_2_13_2_183,/content/drive/MyDrive/CD2_DSA/raw/val/images/1611_20210622_3_1_a9_3_2_13_2_183.jpg,1,0
303998_20210913_3_0_0_3_2_11_0_235,/content/drive/MyDrive/CD2_DSA/raw/val/images/303998_20210913_3_0_0_3_2_11_0_235.jpg,0,0
304334_20210913_3_0_0_3_2_11_0_571,/content/drive/MyDrive/CD2_DSA/raw/val/images/304334_20210913_3_0_0_3_2_11_0_571.jpg,0,0
4092_20210622_3_1_a9_3_2_13_2_23,/content/drive/MyDrive/CD2_DSA/raw/val/images/4092_20210622_3_1_a9_3_2_13_2_23.jpg,1,1
3729_20210622_3_1_a9_3_2_13_3_7,/content/drive/MyDrive/CD2_DSA/raw/val/images/3729_20210622_3_1_a9_3_2_13_3_7.jpg,1,0
5991_20210622_3_1_a9_3_2_13_1_60,/content/drive/MyDrive/CD2_DSA/raw/val/images/5991_20210622_3_1_a9_3_2_13_1_60.jpg,1,1
7092_20210622_3_1_a9_3_2_13_1_187,/content/drive/MyDrive/CD2_DSA/raw/val/images/7092_20210622_3_1_a9_3_2_13_1_187.jpg,1,1
124694_20210624_3_0_0_1_2_13_0_45,/content/drive/MyDrive/CD2_DSA/raw/val/images/124694_20210624_3_0_0_1_2_13_0_45.jpg,0,0
109684_20210624_3_0_0_3_2_13_0_167,/content/drive/MyDrive/CD2_DSA/raw/val/images/109684_20210624_3_0_0_3_2_13_0_167.jpg,0,0
7174_20210624_3_0_0_1_2_13_0_218,/content/drive/MyDrive/CD2_DSA/raw/val/images/7174_20210624_3_0_0_1_2_13_0_218.jpg,0,0
308539_20210914_3_0_0_5_2_11_0_15,/content/drive/MyDrive/CD2_DSA/raw/val/images/308539_20210914_3_0_0_5_2_11_0_15.jpg,0,0
32304_20210624_3_0_0_4_2_13_0_7,/content/drive/MyDrive/CD2_DSA/raw/val/images/32304_20210624_3_0_0_4_2_13_0_7.jpg,0,0
67579_20210624_3_0_0_1_2_13_0_150,/content/drive/MyDrive/CD2_DSA/raw/val/images/67579_20210624_3_0_0_1_2_13_0_150.jpg,0,0
3161_20210629_3_1_a9_3_2_13_1_16,/content/drive/MyDrive/CD2_DSA/raw/val/images/3161_20210629_3_1_a9_3_2_13_1_16.jpg,1,1
307769_20210914_3_0_0_3_2_11_0_369,/content/drive/MyDrive/CD2_DSA/raw/val/images/307769_20210914_3_0_0_3_2_11_0_369.jpg,0,0
311983_20210914_3_0_0_3_2_11_0_106,/content/drive/MyDrive/CD2_DSA/raw/val/images/311983_20210914_3_0_0_3_2_11_0_106.jpg,0,0
7791_20210622_3_1_a9_3_2_13_1_235,/content/drive/MyDrive/CD2_DSA/raw/val/images/7791_20210622_3_1_a9_3_2_13_1_235.jpg,1,1
16820_20210713_3_1_a9_3_2_13_3_82,/content/drive/MyDrive/CD2_DSA/raw/val/images/16820_20210713_3_1_a9_3_2_13_3_82.jpg,1,1
304318_20210913_3_0_0_3_2_11_0_555,/content/drive/MyDrive/CD2_DSA/raw/val/images/304318_20210913_3_0_0_3_2_11_0_555.jpg,0,0
49045_20210624_3_0_0_1_2_13_0_119,/content/drive/MyDrive/CD2_DSA/raw/val/images/49045_20210624_3_0_0_1_2_13_0_119.jpg,0,0
1078_20210624_3_0_0_1_2_13_0_133,/content/drive/MyDrive/CD2_DSA/raw/val/images/1078_20210624_3_0_0_1_2_13_0_133.jpg,0,0
16824_20210713_3_1_a9_3_2_13_3_86,/content/drive/MyDrive/CD2_DSA/raw/val/images/16824_20210713_3_1_a9_3_2_13_3_86.jpg,1,1
6792_20210624_3_0_0_1_2_13_0_17,/content/drive/MyDrive/CD2_DSA/raw/val/images/6792_20210624_3_0_0_1_2_13_0_17.jpg,0,0
308329_20210914_3_0_0_3_2_11_0_229,/content/drive/MyDrive/CD2_DSA/raw/val/images/308329_20210914_3_0_0_3_2_11_0_229.jpg,0,0
16545_20210706_3_1_a9_3_2_13_3_60,/content/drive/MyDrive/CD2_DSA/raw/val/images/16545_20210706_3_1_a9_3_2_13_3_60.jpg,1,0
1728_20210622_3_1_a9_3_2_13_2_300,/content/drive/MyDrive/CD2_DSA/raw/val/images/1728_20210622_3_1_a9_3_2_13_2_300.jpg,1,0
7110_20210624_3_0_0_1_2_13_0_154,/content/drive/MyDrive/CD2_DSA/raw/val/images/7110_20210624_3_0_0_1_2_13_0_154.jpg,0,0
15440_20210622_3_1_a9_3_2_13_3_144,/content/drive/MyDrive/CD2_DSA/raw/val/images/15440_20210622_3_1_a9_3_2_13_3_144.jpg,1,0
987_20210624_3_0_0_1_2_13_0_42,/content/drive/MyDrive/CD2_DSA/raw/val/images/987_20210624_3_0_0_1_2_13_0_42.jpg,0,0
16607_20210706_3_1_a9_3_2_13_2_458,/content/drive/MyDrive/CD2_DSA/raw/val/images/16607_20210706_3_1_a9_3_2_13_2_458.jpg,1,0
125104_20210624_3_0_0_1_2_13_0_135,/content/drive/MyDrive/CD2_DSA/raw/val/images/125104_20210624_3_0_0_1_2_13_0_135.jpg,0,0
49873_20210624_3_0_0_3_2_13_0_11,/content/drive/MyDrive/CD2_DSA/raw/val/images/49873_20210624_3_0_0_3_2_13_0_11.jpg,0,0
7181_20210624_3_0_0_1_2_13_0_225,/content/drive/MyDrive/CD2_DSA/raw/val/images/7181_20210624_3_0_0_1_2_13_0_225.jpg,0,0
3170_20210629_3_1_a9_3_2_13_1_25,/content/drive/MyDrive/CD2_DSA/raw/val/images/3170_20210629_3_1_a9_3_2_13_1_25.jpg,1,1
65876_20210624_3_0_0_4_2_13_0_7,/content/drive/MyDrive/CD2_DSA/raw/val/images/65876_20210624_3_0_0_4_2_13_0_7.jpg,0,0
1544_20210622_3_1_a9_3_2_13_2_116,/content/drive/MyDrive/CD2_DSA/raw/val/images/1544_20210622_3_1_a9_3_2_13_2_116.jpg,1,1
3651_20210629_3_1_a9_3_2_13_2_30,/content/drive/MyDrive/CD2_DSA/raw/val/images/3651_20210629_3_1_a9_3_2_13_2_30.jpg,1,1
11564_20210624_3_0_0_1_2_13_0_119,/content/drive/MyDrive/CD2_DSA/raw/val/images/11564_20210624_3_0_0_1_2_13_0_119.jpg,0,0
67457_20210624_3_0_0_1_2_13_0_58,/content/drive/MyDrive/CD2_DSA/raw/val/images/67457_20210624_3_0_0_1_2_13_0_58.jpg,0,0
311907_20210914_3_0_0_3_2_11_0_30,/content/drive/MyDrive/CD2_DSA/raw/val/images/311907_20210914_3_0_0_3_2_11_0_30.jpg,0,0
6619_20210622_3_1_a9_3_2_13_1_147,/content/drive/MyDrive/CD2_DSA/raw/val/images/6619_20210622_3_1_a9_3_2_13_1_147.jpg,1,1
16003_20210706_3_1_a9_3_2_13_2_13,/content/drive/MyDrive/CD2_DSA/raw/val/images/16003_20210706_3_1_a9_3_2_13_2_13.jpg,1,1
3245_20210629_3_1_a9_3_2_13_1_100,/content/drive/MyDrive/CD2_DSA/raw/val/images/3245_20210629_3_1_a9_3_2_13_1_100.jpg,1,1
16114_20210706_3_1_a9_3_2_13_2_124,/content/drive/MyDrive/CD2_DSA/raw/val/images/16114_20210706_3_1_a9_3_2_13_2_124.jpg,1,1
125598_20210624_3_0_0_2_2_13_0_2,/content/drive/MyDrive/CD2_DSA/raw/val/images/125598_20210624_3_0_0_2_2_13_0_2.jpg,0,0
308274_20210914_3_0_0_3_2_11_0_174,/content/drive/MyDrive/CD2_DSA/raw/val/images/308274_20210914_3_0_0_3_2_11_0_174.jpg,0,0
812_20210622_3_1_a9_3_2_13_3_10,/content/drive/MyDrive/CD2_DSA/raw/val/images/812_20210622_3_1_a9_3_2_13_3_10.jpg,1,1
86813_20210624_3_0_0_5_2_13_0_182,/content/drive/MyDrive/CD2_DSA/raw/val/images/86813_20210624_3_0_0_5_2_13_0_182.jpg,0,0
307943_20210914_3_0_0_5_2_11_0_140,/content/drive/MyDrive/CD2_DSA/raw/val/images/307943_20210914_3_0_0_5_2_11_0_140.jpg,0,0
95259_20210624_3_0_0_1_2_13_0_80,/content/drive/MyDrive/CD2_DSA/raw/val/images/95259_20210624_3_0_0_1_2_13_0_80.jpg,0,0
106320_20210624_3_0_0_1_2_13_0_117,/content/drive/MyDrive/CD2_DSA/raw/val/images/106320_20210624_3_0_0_1_2_13_0_117.jpg,0,0
65884_20210624_3_0_0_4_2_13_0_15,/content/drive/MyDrive/CD2_DSA/raw/val/images/65884_20210624_3_0_0_4_2_13_0_15.jpg,0,0
308576_20210914_3_0_0_5_2_11_0_52,/content/drive/MyDrive/CD2_DSA/raw/val/images/308576_20210914_3_0_0_5_2_11_0_52.jpg,0,0
7522_20210622_3_1_a9_3_2_13_1_201,/content/drive/MyDrive/CD2_DSA/raw/val/images/7522_20210622_3_1_a9_3_2_13_1_201.jpg,1,1
95199_20210624_3_0_0_1_2_13_0_20,/content/drive/MyDrive/CD2_DSA/raw/val/images/95199_20210624_3_0_0_1_2_13_0_20.jpg,0,0
10473_20210624_3_0_0_1_2_13_0_22,/content/drive/MyDrive/CD2_DSA/raw/val/images/10473_20210624_3_0_0_1_2_13_0_22.jpg,0,0
308367_20210914_3_0_0_3_2_11_0_267,/content/drive/MyDrive/CD2_DSA/raw/val/images/308367_20210914_3_0_0_3_2_11_0_267.jpg,0,0
5728_20210622_3_1_a9_3_2_13_1_13,/content/drive/MyDrive/CD2_DSA/raw/val/images/5728_20210622_3_1_a9_3_2_13_1_13.jpg,1,1
16606_20210706_3_1_a9_3_2_13_2_457,/content/drive/MyDrive/CD2_DSA/raw/val/images/16606_20210706_3_1_a9_3_2_13_2_457.jpg,1,1
3216_20210629_3_1_a9_3_2_13_1_71,/content/drive/MyDrive/CD2_DSA/raw/val/images/3216_20210629_3_1_a9_3_2_13_1_71.jpg,1,0
5853_20210622_3_1_a9_3_2_13_1_38,/content/drive/MyDrive/CD2_DSA/raw/val/images/5853_20210622_3_1_a9_3_2_13_1_38.jpg,1,0
1107_20210624_3_0_0_1_2_13_0_162,/content/drive/MyDrive/CD2_DSA/raw/val/images/1107_20210624_3_0_0_1_2_13_0_162.jpg,0,0
16757_20210713_3_1_a9_3_2_13_3_19,/content/drive/MyDrive/CD2_DSA/raw/val/images/16757_20210713_3_1_a9_3_2_13_3_19.jpg,1,1
7014_20210622_3_1_a9_3_2_13_1_174,/content/drive/MyDrive/CD2_DSA/raw/val/images/7014_20210622_3_1_a9_3_2_13_1_174.jpg,1,1
83276_20210624_3_0_0_1_2_13_0_189,/content/drive/MyDrive/CD2_DSA/raw/val/images/83276_20210624_3_0_0_1_2_13_0_189.jpg,0,0
15808_20210622_3_1_a9_3_2_13_2_49,/content/drive/MyDrive/CD2_DSA/raw/val/images/15808_20210622_3_1_a9_3_2_13_2_49.jpg,1,1
308395_20210914_3_0_0_3_2_11_0_295,/content/drive/MyDrive/CD2_DSA/raw/val/images/308395_20210914_3_0_0_3_2_11_0_295.jpg,0,0
16751_20210713_3_1_a9_3_2_13_3_13,/content/drive/MyDrive/CD2_DSA/raw/val/images/16751_20210713_3_1_a9_3_2_13_3_13.jpg,1,0
308239_20210914_3_0_0_3_2_11_0_139,/content/drive/MyDrive/CD2_DSA/raw/val/images/308239_20210914_3_0_0_3_2_11_0_139.jpg,0,0
307716_20210914_3_0_0_3_2_11_0_316,/content/drive/MyDrive/CD2_DSA/raw/val/images/307716_20210914_3_0_0_3_2_11_0_316.jpg,0,0
13354_20210624_3_0_0_1_2_13_0_187,/content/drive/MyDrive/CD2_DSA/raw/val/images/13354_20210624_3_0_0_1_2_13_0_187.jpg,0,0
308285_20210914_3_0_0_3_2_11_0_185,/content/drive/MyDrive/CD2_DSA/raw/val/images/308285_20210914_3_0_0_3_2_11_0_185.jpg,0,0
6021_20210622_3_1_a9_3_2_13_1_70,/content/drive/MyDrive/CD2_DSA/raw/val/images/6021_20210622_3_1_a9_3_2_13_1_70.jpg,1,1
123857_20210624_3_0_0_4_2_13_0_21,/content/drive/MyDrive/CD2_DSA/raw/val/images/123857_20210624_3_0_0_4_2_13_0_21.jpg,0,0
3661_20210629_3_1_a9_3_2_13_2_40,/content/drive/MyDrive/CD2_DSA/raw/val/images/3661_20210629_3_1_a9_3_2_13_2_40.jpg,1,1
7789_20210622_3_1_a9_3_2_13_1_234,/content/drive/MyDrive/CD2_DSA/raw/val/images/7789_20210622_3_1_a9_3_2_13_1_234.jpg,1,1
123866_20210624_3_0_0_4_2_13_0_30,/content/drive/MyDrive/CD2_DSA/raw/val/images/123866_20210624_3_0_0_4_2_13_0_30.jpg,0,0
16532_20210706_3_1_a9_3_2_13_3_47,/content/drive/MyDrive/CD2_DSA/raw/val/images/16532_20210706_3_1_a9_3_2_13_3_47.jpg,1,1
1104_20210624_3_0_0_1_2_13_0_159,/content/drive/MyDrive/CD2_DSA/raw/val/images/1104_20210624_3_0_0_1_2_13_0_159.jpg,0,0
125154_20210624_3_0_0_1_2_13_0_185,/content/drive/MyDrive/CD2_DSA/raw/val/images/125154_20210624_3_0_0_1_2_13_0_185.jpg,0,0
810_20210622_3_1_a9_3_2_13_3_8,/content/drive/MyDrive/CD2_DSA/raw/val/images/810_20210622_3_1_a9_3_2_13_3_8.jpg,1,1
32303_20210624_3_0_0_4_2_13_0_6,/content/drive/MyDrive/CD2_DSA/raw/val/images/32303_20210624_3_0_0_4_2_13_0_6.jpg,0,0
307759_20210914_3_0_0_3_2_11_0_359,/content/drive/MyDrive/CD2_DSA/raw/val/images/307759_20210914_3_0_0_3_2_11_0_359.jpg,0,0
304055_20210913_3_0_0_3_2_11_0_292,/content/drive/MyDrive/CD2_DSA/raw/val/images/304055_20210913_3_0_0_3_2_11_0_292.jpg,0,0
3568_20210629_3_1_a9_3_2_13_1_217,/content/drive/MyDrive/CD2_DSA/raw/val/images/3568_20210629_3_1_a9_3_2_13_1_217.jpg,1,1
308604_20210914_3_0_0_5_2_11_0_80,/content/drive/MyDrive/CD2_DSA/raw/val/images/308604_20210914_3_0_0_5_2_11_0_80.jpg,0,0
17031_20210622_3_1_a9_3_2_13_1_152,/content/drive/MyDrive/CD2_DSA/raw/val/images/17031_20210622_3_1_a9_3_2_13_1_152.jpg,1,0
307870_20210914_3_0_0_5_2_11_0_67,/content/drive/MyDrive/CD2_DSA/raw/val/images/307870_20210914_3_0_0_5_2_11_0_67.jpg,0,0
311724_20210803_3_0_0_3_2_11_0_56,/content/drive/MyDrive/CD2_DSA/raw/val/images/311724_20210803_3_0_0_3_2_11_0_56.jpg,0,0
312022_20210914_3_0_0_3_2_11_0_145,/content/drive/MyDrive/CD2_DSA/raw/val/images/312022_20210914_3_0_0_3_2_11_0_145.jpg,0,0
311760_20210803_3_0_0_3_2_11_0_92,/content/drive/MyDrive/CD2_DSA/raw/val/images/311760_20210803_3_0_0_3_2_11_0_92.jpg,0,0
308415_20210914_3_0_0_3_2_11_0_315,/content/drive/MyDrive/CD2_DSA/raw/val/images/308415_20210914_3_0_0_3_2_11_0_315.jpg,0,0
6293_20210622_3_1_a9_3_2_13_1_92,/content/drive/MyDrive/CD2_DSA/raw/val/images/6293_20210622_3_1_a9_3_2_13_1_92.jpg,1,1
307734_20210914_3_0_0_3_2_11_0_334,/content/drive/MyDrive/CD2_DSA/raw/val/images/307734_20210914_3_0_0_3_2_11_0_334.jpg,0,0
95498_20210624_3_0_0_1_2_13_0_164,/content/drive/MyDrive/CD2_DSA/raw/val/images/95498_20210624_3_0_0_1_2_13_0_164.jpg,0,0
125636_20210624_3_0_0_2_2_13_0_40,/content/drive/MyDrive/CD2_DSA/raw/val/images/125636_20210624_3_0_0_2_2_13_0_40.jpg,0,0
304217_20210913_3_0_0_3_2_11_0_454,/content/drive/MyDrive/CD2_DSA/raw/val/images/304217_20210913_3_0_0_3_2_11_0_454.jpg,0,0
1436_20210622_3_1_a9_3_2_13_2_8,/content/drive/MyDrive/CD2_DSA/raw/val/images/1436_20210622_3_1_a9_3_2_13_2_8.jpg,1,1
886_20210622_3_1_a9_3_2_13_3_84,/content/drive/MyDrive/CD2_DSA/raw/val/images/886_20210622_3_1_a9_3_2_13_3_84.jpg,1,1
67456_20210624_3_0_0_1_2_13_0_57,/content/drive/MyDrive/CD2_DSA/raw/val/images/67456_20210624_3_0_0_1_2_13_0_57.jpg,0,0
311913_20210914_3_0_0_3_2_11_0_36,/content/drive/MyDrive/CD2_DSA/raw/val/images/311913_20210914_3_0_0_3_2_11_0_36.jpg,0,0
106321_20210624_3_0_0_1_2_13_0_118,/content/drive/MyDrive/CD2_DSA/raw/val/images/106321_20210624_3_0_0_1_2_13_0_118.jpg,0,0
312058_20210914_3_0_0_3_2_11_0_181,/content/drive/MyDrive/CD2_DSA/raw/val/images/312058_20210914_3_0_0_3_2_11_0_181.jpg,0,0
308192_20210914_3_0_0_3_2_11_0_92,/content/drive/MyDrive/CD2_DSA/raw/val/images/308192_20210914_3_0_0_3_2_11_0_92.jpg,0,0
1032_20210624_3_0_0_1_2_13_0_87,/content/drive/MyDrive/CD2_DSA/raw/val/images/1032_20210624_3_0_0_1_2_13_0_87.jpg,0,0
304240_20210913_3_0_0_3_2_11_0_477,/content/drive/MyDrive/CD2_DSA/raw/val/images/304240_20210913_3_0_0_3_2_11_0_477.jpg,0,0
121574_20210624_3_0_0_4_2_13_0_5,/content/drive/MyDrive/CD2_DSA/raw/val/images/121574_20210624_3_0_0_4_2_13_0_5.jpg,0,0
66298_20210624_3_0_0_4_2_13_0_199,/content/drive/MyDrive/CD2_DSA/raw/val/images/66298_20210624_3_0_0_4_2_13_0_199.jpg,0,0
15500_20210622_3_1_a9_3_2_13_3_204,/content/drive/MyDrive/CD2_DSA/raw/val/images/15500_20210622_3_1_a9_3_2_13_3_204.jpg,1,1
15769_20210622_3_1_a9_3_2_13_2_10,/content/drive/MyDrive/CD2_DSA/raw/val/images/15769_20210622_3_1_a9_3_2_13_2_10.jpg,1,0
34057_20210624_3_0_0_3_2_13_0_5,/content/drive/MyDrive/CD2_DSA/raw/val/images/34057_20210624_3_0_0_3_2_13_0_5.jpg,0,0
170864_20210624_3_0_0_5_2_13_0_58,/content/drive/MyDrive/CD2_DSA/raw/val/images/170864_20210624_3_0_0_5_2_13_0_58.jpg,0,0
10516_20210624_3_0_0_3_2_13_0_22,/content/drive/MyDrive/CD2_DSA/raw/val/images/10516_20210624_3_0_0_3_2_13_0_22.jpg,0,0
71173_20210624_3_0_0_3_2_13_0_26,/content/drive/MyDrive/CD2_DSA/raw/val/images/71173_20210624_3_0_0_3_2_13_0_26.jpg,0,0
307662_20210914_3_0_0_3_2_11_0_262,/content/drive/MyDrive/CD2_DSA/raw/val/images/307662_20210914_3_0_0_3_2_11_0_262.jpg,0,0
16292_20210706_3_1_a9_3_2_13_2_222,/content/drive/MyDrive/CD2_DSA/raw/val/images/16292_20210706_3_1_a9_3_2_13_2_222.jpg,1,1
304125_20210913_3_0_0_3_2_11_0_362,/content/drive/MyDrive/CD2_DSA/raw/val/images/304125_20210913_3_0_0_3_2_11_0_362.jpg,0,0
308520_20210914_3_0_0_3_2_11_0_420,/content/drive/MyDrive/CD2_DSA/raw/val/images/308520_20210914_3_0_0_3_2_11_0_420.jpg,0,0
307887_20210914_3_0_0_5_2_11_0_84,/content/drive/MyDrive/CD2_DSA/raw/val/images/307887_20210914_3_0_0_5_2_11_0_84.jpg,0,0
308504_20210914_3_0_0_3_2_11_0_404,/content/drive/MyDrive/CD2_DSA/raw/val/images/308504_20210914_3_0_0_3_2_11_0_404.jpg,0,0
311921_20210914_3_0_0_3_2_11_0_44,/content/drive/MyDrive/CD2_DSA/raw/val/images/311921_20210914_3_0_0_3_2_11_0_44.jpg,0,0
16973_20210622_3_1_a9_3_2_13_1_94,/content/drive/MyDrive/CD2_DSA/raw/val/images/16973_20210622_3_1_a9_3_2_13_1_94.jpg,1,0
95496_20210624_3_0_0_1_2_13_0_162,/content/drive/MyDrive/CD2_DSA/raw/val/images/95496_20210624_3_0_0_1_2_13_0_162.jpg,0,0
16113_20210706_3_1_a9_3_2_13_2_123,/content/drive/MyDrive/CD2_DSA/raw/val/images/16113_20210706_3_1_a9_3_2_13_2_123.jpg,1,1
308254_20210914_3_0_0_3_2_11_0_154,/content/drive/MyDrive/CD2_DSA/raw/val/images/308254_20210914_3_0_0_3_2_11_0_154.jpg,0,0
304200_20210913_3_0_0_3_2_11_0_437,/content/drive/MyDrive/CD2_DSA/raw/val/images/304200_20210913_3_0_0_3_2_11_0_437.jpg,0,0
307402_20210914_3_0_0_3_2_11_0_2,/content/drive/MyDrive/CD2_DSA/raw/val/images/307402_20210914_3_0_0_3_2_11_0_2.jpg,0,0
308002_20210914_3_0_0_5_2_11_0_199,/content/drive/MyDrive/CD2_DSA/raw/val/images/308002_20210914_3_0_0_5_2_11_0_199.jpg,0,0
15997_20210706_3_1_a9_3_2_13_2_7,/content/drive/MyDrive/CD2_DSA/raw/val/images/15997_20210706_3_1_a9_3_2_13_2_7.jpg,1,1
95447_20210624_3_0_0_1_2_13_0_113,/content/drive/MyDrive/CD2_DSA/raw/val/images/95447_20210624_3_0_0_1_2_13_0_113.jpg,0,0
3671_20210629_3_1_a9_3_2_13_2_50,/content/drive/MyDrive/CD2_DSA/raw/val/images/3671_20210629_3_1_a9_3_2_13_2_50.jpg,1,1
123879_20210624_3_0_0_4_2_13_0_43,/content/drive/MyDrive/CD2_DSA/raw/val/images/123879_20210624_3_0_0_4_2_13_0_43.jpg,0,0
304008_20210913_3_0_0_3_2_11_0_245,/content/drive/MyDrive/CD2_DSA/raw/val/images/304008_20210913_3_0_0_3_2_11_0_245.jpg,0,0
311767_20210803_3_0_0_3_2_11_0_99,/content/drive/MyDrive/CD2_DSA/raw/val/images/311767_20210803_3_0_0_3_2_11_0_99.jpg,0,0
307832_20210914_3_0_0_5_2_11_0_29,/content/drive/MyDrive/CD2_DSA/raw/val/images/307832_20210914_3_0_0_5_2_11_0_29.jpg,0,0
5621_20210622_3_1_a9_3_2_13_1_6,/content/drive/MyDrive/CD2_DSA/raw/val/images/5621_20210622_3_1_a9_3_2_13_1_6.jpg,1,1
121571_20210624_3_0_0_4_2_13_0_2,/content/drive/MyDrive/CD2_DSA/raw/val/images/121571_20210624_3_0_0_4_2_13_0_2.jpg,0,0
308405_20210914_3_0_0_3_2_11_0_305,/content/drive/MyDrive/CD2_DSA/raw/val/images/308405_20210914_3_0_0_3_2_11_0_305.jpg,0,0
304091_20210913_3_0_0_3_2_11_0_328,/content/drive/MyDrive/CD2_DSA/raw/val/images/304091_20210913_3_0_0_3_2_11_0_328.jpg,0,0
304330_20210913_3_0_0_3_2_11_0_567,/content/drive/MyDrive/CD2_DSA/raw/val/images/304330_20210913_3_0_0_3_2_11_0_567.jpg,0,0
3861_20210629_3_1_a9_3_2_13_3_70,/content/drive/MyDrive/CD2_DSA/raw/val/images/3861_20210629_3_1_a9_3_2_13_3_70.jpg,1,1
15764_20210622_3_1_a9_3_2_13_2_5,/content/drive/MyDrive/CD2_DSA/raw/val/images/15764_20210622_3_1_a9_3_2_13_2_5.jpg,1,1
1012_20210624_3_0_0_1_2_13_0_67,/content/drive/MyDrive/CD2_DSA/raw/val/images/1012_20210624_3_0_0_1_2_13_0_67.jpg,0,0
49098_20210624_3_0_0_1_2_13_0_172,/content/drive/MyDrive/CD2_DSA/raw/val/images/49098_20210624_3_0_0_1_2_13_0_172.jpg,0,0
308461_20210914_3_0_0_3_2_11_0_361,/content/drive/MyDrive/CD2_DSA/raw/val/images/308461_20210914_3_0_0_3_2_11_0_361.jpg,0,0
5736_20210622_3_1_a9_3_2_13_1_21,/content/drive/MyDrive/CD2_DSA/raw/val/images/5736_20210622_3_1_a9_3_2_13_1_21.jpg,1,1
304229_20210913_3_0_0_3_2_11_0_466,/content/drive/MyDrive/CD2_DSA/raw/val/images/304229_20210913_3_0_0_3_2_11_0_466.jpg,0,0
1649_20210622_3_1_a9_3_2_13_2_221,/content/drive/MyDrive/CD2_DSA/raw/val/images/1649_20210622_3_1_a9_3_2_13_2_221.jpg,1,0
125116_20210624_3_0_0_1_2_13_0_147,/content/drive/MyDrive/CD2_DSA/raw/val/images/125116_20210624_3_0_0_1_2_13_0_147.jpg,0,0
1618_20210622_3_1_a9_3_2_13_2_190,/content/drive/MyDrive/CD2_DSA/raw/val/images/1618_20210622_3_1_a9_3_2_13_2_190.jpg,1,1
96154_20210624_3_0_0_3_2_13_0_208,/content/drive/MyDrive/CD2_DSA/raw/val/images/96154_20210624_3_0_0_3_2_13_0_208.jpg,0,0
16799_20210713_3_1_a9_3_2_13_3_61,/content/drive/MyDrive/CD2_DSA/raw/val/images/16799_20210713_3_1_a9_3_2_13_3_61.jpg,1,1
126109_20210624_3_0_0_5_2_13_0_44,/content/drive/MyDrive/CD2_DSA/raw/val/images/126109_20210624_3_0_0_5_2_13_0_44.jpg,0,0
15647_20210706_3_1_a9_3_2_13_3_78,/content/drive/MyDrive/CD2_DSA/raw/val/images/15647_20210706_3_1_a9_3_2_13_3_78.jpg,1,1
6909_20210624_3_0_0_1_2_13_0_134,/content/drive/MyDrive/CD2_DSA/raw/val/images/6909_20210624_3_0_0_1_2_13_0_134.jpg,0,0
308408_20210914_3_0_0_3_2_11_0_308,/content/drive/MyDrive/CD2_DSA/raw/val/images/308408_20210914_3_0_0_3_2_11_0_308.jpg,0,0
308735_20210914_3_0_0_5_2_11_0_211,/content/drive/MyDrive/CD2_DSA/raw/val/images/308735_20210914_3_0_0_5_2_11_0_211.jpg,0,0
34070_20210624_3_0_0_3_2_13_0_18,/content/drive/MyDrive/CD2_DSA/raw/val/images/34070_20210624_3_0_0_3_2_13_0_18.jpg,0,0
1435_20210622_3_1_a9_3_2_13_2_7,/content/drive/MyDrive/CD2_DSA/raw/val/images/1435_20210622_3_1_a9_3_2_13_2_7.jpg,1,1
10514_20210624_3_0_0_3_2_13_0_20,/content/drive/MyDrive/CD2_DSA/raw/val/images/10514_20210624_3_0_0_3_2_13_0_20.jpg,0,0
308350_20210914_3_0_0_3_2_11_0_250,/content/drive/MyDrive/CD2_DSA/raw/val/images/308350_20210914_3_0_0_3_2_11_0_250.jpg,0,0
68494_20210624_3_0_0_2_2_13_0_4,/content/drive/MyDrive/CD2_DSA/raw/val/images/68494_20210624_3_0_0_2_2_13_0_4.jpg,0,0
308663_20210914_3_0_0_5_2_11_0_140,/content/drive/MyDrive/CD2_DSA/raw/val/images/308663_20210914_3_0_0_5_2_11_0_140.jpg,0,0
49864_20210624_3_0_0_3_2_13_0_2,/content/drive/MyDrive/CD2_DSA/raw/val/images/49864_20210624_3_0_0_3_2_13_0_2.jpg,0,0
86574_20210624_3_0_0_1_2_13_0_143,/content/drive/MyDrive/CD2_DSA/raw/val/images/86574_20210624_3_0_0_1_2_13_0_143.jpg,0,0
95463_20210624_3_0_0_1_2_13_0_129,/content/drive/MyDrive/CD2_DSA/raw/val/images/95463_20210624_3_0_0_1_2_13_0_129.jpg,0,0
16995_20210622_3_1_a9_3_2_13_1_116,/content/drive/MyDrive/CD2_DSA/raw/val/images/16995_20210622_3_1_a9_3_2_13_1_116.jpg,1,0
95204_20210624_3_0_0_1_2_13_0_25,/content/drive/MyDrive/CD2_DSA/raw/val/images/95204_20210624_3_0_0_1_2_13_0_25.jpg,0,0
304213_20210913_3_0_0_3_2_11_0_450,/content/drive/MyDrive/CD2_DSA/raw/val/images/304213_20210913_3_0_0_3_2_11_0_450.jpg,0,0
15486_20210622_3_1_a9_3_2_13_3_190,/content/drive/MyDrive/CD2_DSA/raw/val/images/15486_20210622_3_1_a9_3_2_13_3_190.jpg,1,1
17036_20210622_3_1_a9_3_2_13_1_157,/content/drive/MyDrive/CD2_DSA/raw/val/images/17036_20210622_3_1_a9_3_2_13_1_157.jpg,1,1
308590_20210914_3_0_0_5_2_11_0_66,/content/drive/MyDrive/CD2_DSA/raw/val/images/308590_20210914_3_0_0_5_2_11_0_66.jpg,0,0
15105_20210622_3_1_a9_3_2_13_3_16,/content/drive/MyDrive/CD2_DSA/raw/val/images/15105_20210622_3_1_a9_3_2_13_3_16.jpg,1,1
308319_20210914_3_0_0_3_2_11_0_219,/content/drive/MyDrive/CD2_DSA/raw/val/images/308319_20210914_3_0_0_3_2_11_0_219.jpg,0,0
1029_20210624_3_0_0_1_2_13_0_84,/content/drive/MyDrive/CD2_DSA/raw/val/images/1029_20210624_3_0_0_1_2_13_0_84.jpg,0,0
49096_20210624_3_0_0_1_2_13_0_170,/content/drive/MyDrive/CD2_DSA/raw/val/images/49096_20210624_3_0_0_1_2_13_0_170.jpg,0,0
308227_20210914_3_0_0_3_2_11_0_127,/content/drive/MyDrive/CD2_DSA/raw/val/images/308227_20210914_3_0_0_3_2_11_0_127.jpg,0,0
312202_20210914_3_0_0_3_2_11_0_325,/content/drive/MyDrive/CD2_DSA/raw/val/images/312202_20210914_3_0_0_3_2_11_0_325.jpg,0,0
71205_20210624_3_0_0_3_2_13_0_58,/content/drive/MyDrive/CD2_DSA/raw/val/images/71205_20210624_3_0_0_3_2_13_0_58.jpg,0,0
308650_20210914_3_0_0_5_2_11_0_127,/content/drive/MyDrive/CD2_DSA/raw/val/images/308650_20210914_3_0_0_5_2_11_0_127.jpg,0,0
16224_20210706_3_1_a9_3_2_13_2_154,/content/drive/MyDrive/CD2_DSA/raw/val/images/16224_20210706_3_1_a9_3_2_13_2_154.jpg,1,1
95514_20210624_3_0_0_1_2_13_0_180,/content/drive/MyDrive/CD2_DSA/raw/val/images/95514_20210624_3_0_0_1_2_13_0_180.jpg,0,0
311891_20210914_3_0_0_3_2_11_0_14,/content/drive/MyDrive/CD2_DSA/raw/val/images/311891_20210914_3_0_0_3_2_11_0_14.jpg,0,0
1066_20210624_3_0_0_1_2_13_0_121,/content/drive/MyDrive/CD2_DSA/raw/val/images/1066_20210624_3_0_0_1_2_13_0_121.jpg,0,0
1623_20210622_3_1_a9_3_2_13_2_195,/content/drive/MyDrive/CD2_DSA/raw/val/images/1623_20210622_3_1_a9_3_2_13_2_195.jpg,1,1
304121_20210913_3_0_0_3_2_11_0_358,/content/drive/MyDrive/CD2_DSA/raw/val/images/304121_20210913_3_0_0_3_2_11_0_358.jpg,0,0
49869_20210624_3_0_0_3_2_13_0_7,/content/drive/MyDrive/CD2_DSA/raw/val/images/49869_20210624_3_0_0_3_2_13_0_7.jpg,0,0
651_20210622_3_1_a9_3_2_13_1_16,/content/drive/MyDrive/CD2_DSA/raw/val/images/651_20210622_3_1_a9_3_2_13_1_16.jpg,1,1
308678_20210914_3_0_0_5_2_11_0_155,/content/drive/MyDrive/CD2_DSA/raw/val/images/308678_20210914_3_0_0_5_2_11_0_155.jpg,0,0
639_20210622_3_1_a9_3_2_13_1_4,/content/drive/MyDrive/CD2_DSA/raw/val/images/639_20210622_3_1_a9_3_2_13_1_4.jpg,1,0
16727_20210706_3_1_a9_3_2_13_2_578,/content/drive/MyDrive/CD2_DSA/raw/val/images/16727_20210706_3_1_a9_3_2_13_2_578.jpg,1,1
312101_20210914_3_0_0_3_2_11_0_224,/content/drive/MyDrive/CD2_DSA/raw/val/images/312101_20210914_3_0_0_3_2_11_0_224.jpg,0,0
304072_20210913_3_0_0_3_2_11_0_309,/content/drive/MyDrive/CD2_DSA/raw/val/images/304072_20210913_3_0_0_3_2_11_0_309.jpg,0,0
816_20210622_3_1_a9_3_2_13_3_14,/content/drive/MyDrive/CD2_DSA/raw/val/images/816_20210622_3_1_a9_3_2_13_3_14.jpg,1,1
108264_20210624_3_0_0_2_2_13_0_137,/content/drive/MyDrive/CD2_DSA/raw/val/images/108264_20210624_3_0_0_2_2_13_0_137.jpg,0,0
308661_20210914_3_0_0_5_2_11_0_138,/content/drive/MyDrive/CD2_DSA/raw/val/images/308661_20210914_3_0_0_5_2_11_0_138.jpg,0,0
88991_20210624_3_0_0_3_2_13_0_14,/content/drive/MyDrive/CD2_DSA/raw/val/images/88991_20210624_3_0_0_3_2_13_0_14.jpg,0,0
125146_20210624_3_0_0_1_2_13_0_177,/content/drive/MyDrive/CD2_DSA/raw/val/images/125146_20210624_3_0_0_1_2_13_0_177.jpg,0,0
11766_20210624_3_0_0_1_2_13_0_120,/content/drive/MyDrive/CD2_DSA/raw/val/images/11766_20210624_3_0_0_1_2_13_0_120.jpg,0,0
16107_20210706_3_1_a9_3_2_13_2_117,/content/drive/MyDrive/CD2_DSA/raw/val/images/16107_20210706_3_1_a9_3_2_13_2_117.jpg,1,1
3441_20210629_3_1_a9_3_2_13_1_196,/content/drive/MyDrive/CD2_DSA/raw/val/images/3441_20210629_3_1_a9_3_2_13_1_196.jpg,1,1
6037_20210622_3_1_a9_3_2_13_1_86,/content/drive/MyDrive/CD2_DSA/raw/val/images/6037_20210622_3_1_a9_3_2_13_1_86.jpg,1,1
67425_20210624_3_0_0_1_2_13_0_26,/content/drive/MyDrive/CD2_DSA/raw/val/images/67425_20210624_3_0_0_1_2_13_0_26.jpg,0,0
3715_20210629_3_1_a9_3_2_13_2_94,/content/drive/MyDrive/CD2_DSA/raw/val/images/3715_20210629_3_1_a9_3_2_13_2_94.jpg,1,1
15771_20210622_3_1_a9_3_2_13_2_12,/content/drive/MyDrive/CD2_DSA/raw/val/images/15771_20210622_3_1_a9_3_2_13_2_12.jpg,1,0
83222_20210624_3_0_0_1_2_13_0_135,/content/drive/MyDrive/CD2_DSA/raw/val/images/83222_20210624_3_0_0_1_2_13_0_135.jpg,0,0
170908_20210624_3_0_0_5_2_13_0_102,/content/drive/MyDrive/CD2_DSA/raw/val/images/170908_20210624_3_0_0_5_2_13_0_102.jpg,0,0
16291_20210706_3_1_a9_3_2_13_2_221,/content/drive/MyDrive/CD2_DSA/raw/val/images/16291_20210706_3_1_a9_3_2_13_2_221.jpg,1,0
307452_20210914_3_0_0_3_2_11_0_52,/content/drive/MyDrive/CD2_DSA/raw/val/images/307452_20210914_3_0_0_3_2_11_0_52.jpg,0,0
307630_20210914_3_0_0_3_2_11_0_230,/content/drive/MyDrive/CD2_DSA/raw/val/images/307630_20210914_3_0_0_3_2_11_0_230.jpg,0,0
10708_20210624_3_0_0_1_2_13_0_56,/content/drive/MyDrive/CD2_DSA/raw/val/images/10708_20210624_3_0_0_1_2_13_0_56.jpg,0,0
308307_20210914_3_0_0_3_2_11_0_207,/content/drive/MyDrive/CD2_DSA/raw/val/images/308307_20210914_3_0_0_3_2_11_0_207.jpg,0,0
3393_20210629_3_1_a9_3_2_13_1_148,/content/drive/MyDrive/CD2_DSA/raw/val/images/3393_20210629_3_1_a9_3_2_13_1_148.jpg,1,1
16485_20210706_3_1_a9_3_2_13_3_0,/content/drive/MyDrive/CD2_DSA/raw/val/images/16485_20210706_3_1_a9_3_2_13_3_0.jpg,1,0
71193_20210624_3_0_0_3_2_13_0_46,/content/drive/MyDrive/CD2_DSA/raw/val/images/71193_20210624_3_0_0_3_2_13_0_46.jpg,0,0
307459_20210914_3_0_0_3_2_11_0_59,/content/drive/MyDrive/CD2_DSA/raw/val/images/307459_20210914_3_0_0_3_2_11_0_59.jpg,0,0
15645_20210706_3_1_a9_3_2_13_3_76,/content/drive/MyDrive/CD2_DSA/raw/val/images/15645_20210706_3_1_a9_3_2_13_3_76.jpg,1,1
304141_20210913_3_0_0_3_2_11_0_378,/content/drive/MyDrive/CD2_DSA/raw/val/images/304141_20210913_3_0_0_3_2_11_0_378.jpg,0,0
95508_20210624_3_0_0_1_2_13_0_174,/content/drive/MyDrive/CD2_DSA/raw/val/images/95508_20210624_3_0_0_1_2_13_0_174.jpg,0,0
307549_20210914_3_0_0_3_2_11_0_149,/content/drive/MyDrive/CD2_DSA/raw/val/images/307549_20210914_3_0_0_3_2_11_0_149.jpg,0,0
25668_20210624_3_0_0_5_2_13_0_92,/content/drive/MyDrive/CD2_DSA/raw/val/images/25668_20210624_3_0_0_5_2_13_0_92.jpg,0,0
48966_20210624_3_0_0_1_2_13_0_40,/content/drive/MyDrive/CD2_DSA/raw/val/images/48966_20210624_3_0_0_1_2_13_0_40.jpg,0,0
71182_20210624_3_0_0_3_2_13_0_35,/content/drive/MyDrive/CD2_DSA/raw/val/images/71182_20210624_3_0_0_3_2_13_0_35.jpg,0,0
16469_20210706_3_1_a9_3_2_13_2_385,/content/drive/MyDrive/CD2_DSA/raw/val/images/16469_20210706_3_1_a9_3_2_13_2_385.jpg,1,1
307831_20210914_3_0_0_5_2_11_0_28,/content/drive/MyDrive/CD2_DSA/raw/val/images/307831_20210914_3_0_0_5_2_11_0_28.jpg,0,0
2370_20210624_3_0_0_3_2_13_0_57,/content/drive/MyDrive/CD2_DSA/raw/val/images/2370_20210624_3_0_0_3_2_13_0_57.jpg,0,0
67632_20210624_3_0_0_1_2_13_0_203,/content/drive/MyDrive/CD2_DSA/raw/val/images/67632_20210624_3_0_0_1_2_13_0_203.jpg,0,0
308203_20210914_3_0_0_3_2_11_0_103,/content/drive/MyDrive/CD2_DSA/raw/val/images/308203_20210914_3_0_0_3_2_11_0_103.jpg,0,0
304007_20210913_3_0_0_3_2_11_0_244,/content/drive/MyDrive/CD2_DSA/raw/val/images/304007_20210913_3_0_0_3_2_11_0_244.jpg,0,0
170830_20210624_3_0_0_5_2_13_0_24,/content/drive/MyDrive/CD2_DSA/raw/val/images/170830_20210624_3_0_0_5_2_13_0_24.jpg,0,0
308788_20210914_3_0_0_5_2_11_0_264,/content/drive/MyDrive/CD2_DSA/raw/val/images/308788_20210914_3_0_0_5_2_11_0_264.jpg,0,0
67580_20210624_3_0_0_1_2_13_0_151,/content/drive/MyDrive/CD2_DSA/raw/val/images/67580_20210624_3_0_0_1_2_13_0_151.jpg,0,0
15859_20210622_3_1_a9_3_2_13_2_100,/content/drive/MyDrive/CD2_DSA/raw/val/images/15859_20210622_3_1_a9_3_2_13_2_100.jpg,1,1
125114_20210624_3_0_0_1_2_13_0_145,/content/drive/MyDrive/CD2_DSA/raw/val/images/125114_20210624_3_0_0_1_2_13_0_145.jpg,0,0
308547_20210914_3_0_0_5_2_11_0_23,/content/drive/MyDrive/CD2_DSA/raw/val/images/308547_20210914_3_0_0_5_2_11_0_23.jpg,0,0
3352_20210629_3_1_a9_3_2_13_1_107,/content/drive/MyDrive/CD2_DSA/raw/val/images/3352_20210629_3_1_a9_3_2_13_1_107.jpg,1,0
304060_20210913_3_0_0_3_2_11_0_297,/content/drive/MyDrive/CD2_DSA/raw/val/images/304060_20210913_3_0_0_3_2_11_0_297.jpg,0,0
2414_20210624_3_0_0_4_2_13_0_1,/content/drive/MyDrive/CD2_DSA/raw/val/images/2414_20210624_3_0_0_4_2_13_0_1.jpg,0,0
34073_20210624_3_0_0_3_2_13_0_21,/content/drive/MyDrive/CD2_DSA/raw/val/images/34073_20210624_3_0_0_3_2_13_0_21.jpg,0,0
16880_20210622_3_1_a9_3_2_13_1_40,/content/drive/MyDrive/CD2_DSA/raw/val/images/16880_20210622_3_1_a9_3_2_13_1_40.jpg,1,0
16637_20210706_3_1_a9_3_2_13_2_488,/content/drive/MyDrive/CD2_DSA/raw/val/images/16637_20210706_3_1_a9_3_2_13_2_488.jpg,1,1
304292_20210913_3_0_0_3_2_11_0_529,/content/drive/MyDrive/CD2_DSA/raw/val/images/304292_20210913_3_0_0_3_2_11_0_529.jpg,0,0
7153_20210624_3_0_0_1_2_13_0_197,/content/drive/MyDrive/CD2_DSA/raw/val/images/7153_20210624_3_0_0_1_2_13_0_197.jpg,0,0
16768_20210713_3_1_a9_3_2_13_3_30,/content/drive/MyDrive/CD2_DSA/raw/val/images/16768_20210713_3_1_a9_3_2_13_3_30.jpg,1,1
307511_20210914_3_0_0_3_2_11_0_111,/content/drive/MyDrive/CD2_DSA/raw/val/images/307511_20210914_3_0_0_3_2_11_0_111.jpg,0,0
16465_20210706_3_1_a9_3_2_13_2_381,/content/drive/MyDrive/CD2_DSA/raw/val/images/16465_20210706_3_1_a9_3_2_13_2_381.jpg,1,1
16618_20210706_3_1_a9_3_2_13_2_469,/content/drive/MyDrive/CD2_DSA/raw/val/images/16618_20210706_3_1_a9_3_2_13_2_469.jpg,1,0
67475_20210624_3_0_0_1_2_13_0_76,/content/drive/MyDrive/CD2_DSA/raw/val/images/67475_20210624_3_0_0_1_2_13_0_76.jpg,0,0
67462_20210624_3_0_0_1_2_13_0_63,/content/drive/MyDrive/CD2_DSA/raw/val/images/67462_20210624_3_0_0_1_2_13_0_63.jpg,0,0
15766_20210622_3_1_a9_3_2_13_2_7,/content/drive/MyDrive/CD2_DSA/raw/val/images/15766_20210622_3_1_a9_3_2_13_2_7.jpg,1,0
308701_20210914_3_0_0_5_2_11_0_178,/content/drive/MyDrive/CD2_DSA/raw/val/images/308701_20210914_3_0_0_5_2_11_0_178.jpg,0,0
16943_20210622_3_1_a9_3_2_13_2_33,/content/drive/MyDrive/CD2_DSA/raw/val/images/16943_20210622_3_1_a9_3_2_13_2_33.jpg,1,1
308714_20210914_3_0_0_5_2_11_0_191,/content/drive/MyDrive/CD2_DSA/raw/val/images/308714_20210914_3_0_0_5_2_11_0_191.jpg,0,0
7775_20210622_3_1_a9_3_2_13_1_226,/content/drive/MyDrive/CD2_DSA/raw/val/images/7775_20210622_3_1_a9_3_2_13_1_226.jpg,1,1
64649_20210624_3_0_0_1_2_13_0_13,/content/drive/MyDrive/CD2_DSA/raw/val/images/64649_20210624_3_0_0_1_2_13_0_13.jpg,0,0
307470_20210914_3_0_0_3_2_11_0_70,/content/drive/MyDrive/CD2_DSA/raw/val/images/307470_20210914_3_0_0_3_2_11_0_70.jpg,0,0
12104_20210624_3_0_0_1_2_13_0_149,/content/drive/MyDrive/CD2_DSA/raw/val/images/12104_20210624_3_0_0_1_2_13_0_149.jpg,0,0
15837_20210622_3_1_a9_3_2_13_2_78,/content/drive/MyDrive/CD2_DSA/raw/val/images/15837_20210622_3_1_a9_3_2_13_2_78.jpg,1,0
3199_20210629_3_1_a9_3_2_13_1_54,/content/drive/MyDrive/CD2_DSA/raw/val/images/3199_20210629_3_1_a9_3_2_13_1_54.jpg,1,1
125141_20210624_3_0_0_1_2_13_0_172,/content/drive/MyDrive/CD2_DSA/raw/val/images/125141_20210624_3_0_0_1_2_13_0_172.jpg,0,0
6895_20210624_3_0_0_1_2_13_0_120,/content/drive/MyDrive/CD2_DSA/raw/val/images/6895_20210624_3_0_0_1_2_13_0_120.jpg,0,0
732_20210622_3_1_a9_3_2_13_1_97,/content/drive/MyDrive/CD2_DSA/raw/val/images/732_20210622_3_1_a9_3_2_13_1_97.jpg,1,1
307974_20210914_3_0_0_5_2_11_0_171,/content/drive/MyDrive/CD2_DSA/raw/val/images/307974_20210914_3_0_0_5_2_11_0_171.jpg,0,0
65896_20210624_3_0_0_4_2_13_0_27,/content/drive/MyDrive/CD2_DSA/raw/val/images/65896_20210624_3_0_0_4_2_13_0_27.jpg,0,0
308105_20210914_3_0_0_3_2_11_0_5,/content/drive/MyDrive/CD2_DSA/raw/val/images/308105_20210914_3_0_0_3_2_11_0_5.jpg,0,0
304122_20210913_3_0_0_3_2_11_0_359,/content/drive/MyDrive/CD2_DSA/raw/val/images/304122_20210913_3_0_0_3_2_11_0_359.jpg,0,0
951_20210624_3_0_0_1_2_13_0_6,/content/drive/MyDrive/CD2_DSA/raw/val/images/951_20210624_3_0_0_1_2_13_0_6.jpg,0,0
126088_20210624_3_0_0_5_2_13_0_23,/content/drive/MyDrive/CD2_DSA/raw/val/images/126088_20210624_3_0_0_5_2_13_0_23.jpg,0,0
928_20210622_3_1_a9_3_2_13_3_126,/content/drive/MyDrive/CD2_DSA/raw/val/images/928_20210622_3_1_a9_3_2_13_3_126.jpg,1,1
49116_20210624_3_0_0_1_2_13_0_190,/content/drive/MyDrive/CD2_DSA/raw/val/images/49116_20210624_3_0_0_1_2_13_0_190.jpg,0,0
1569_20210622_3_1_a9_3_2_13_2_141,/content/drive/MyDrive/CD2_DSA/raw/val/images/1569_20210622_3_1_a9_3_2_13_2_141.jpg,1,1
850_20210622_3_1_a9_3_2_13_3_48,/content/drive/MyDrive/CD2_DSA/raw/val/images/850_20210622_3_1_a9_3_2_13_3_48.jpg,1,1
15797_20210622_3_1_a9_3_2_13_2_38,/content/drive/MyDrive/CD2_DSA/raw/val/images/15797_20210622_3_1_a9_3_2_13_2_38.jpg,1,1
67444_20210624_3_0_0_1_2_13_0_45,/content/drive/MyDrive/CD2_DSA/raw/val/images/67444_20210624_3_0_0_1_2_13_0_45.jpg,0,0
307896_20210914_3_0_0_5_2_11_0_93,/content/drive/MyDrive/CD2_DSA/raw/val/images/307896_20210914_3_0_0_5_2_11_0_93.jpg,0,0
11561_20210624_3_0_0_1_2_13_0_116,/content/drive/MyDrive/CD2_DSA/raw/val/images/11561_20210624_3_0_0_1_2_13_0_116.jpg,0,0
5723_20210622_3_1_a9_3_2_13_1_8,/content/drive/MyDrive/CD2_DSA/raw/val/images/5723_20210622_3_1_a9_3_2_13_1_8.jpg,1,1
95890_20210624_3_0_0_3_2_13_0_34,/content/drive/MyDrive/CD2_DSA/raw/val/images/95890_20210624_3_0_0_3_2_13_0_34.jpg,0,0
308805_20210914_3_0_0_5_2_11_0_281,/content/drive/MyDrive/CD2_DSA/raw/val/images/308805_20210914_3_0_0_5_2_11_0_281.jpg,0,0
3172_20210629_3_1_a9_3_2_13_1_27,/content/drive/MyDrive/CD2_DSA/raw/val/images/3172_20210629_3_1_a9_3_2_13_1_27.jpg,1,0
7154_20210624_3_0_0_1_2_13_0_198,/content/drive/MyDrive/CD2_DSA/raw/val/images/7154_20210624_3_0_0_1_2_13_0_198.jpg,0,0
125610_20210624_3_0_0_2_2_13_0_14,/content/drive/MyDrive/CD2_DSA/raw/val/images/125610_20210624_3_0_0_2_2_13_0_14.jpg,0,0
26103_20210624_3_0_0_5_2_13_0_152,/content/drive/MyDrive/CD2_DSA/raw/val/images/26103_20210624_3_0_0_5_2_13_0_152.jpg,0,0
15387_20210622_3_1_a9_3_2_13_3_91,/content/drive/MyDrive/CD2_DSA/raw/val/images/15387_20210622_3_1_a9_3_2_13_3_91.jpg,1,1
996_20210624_3_0_0_1_2_13_0_51,/content/drive/MyDrive/CD2_DSA/raw/val/images/996_20210624_3_0_0_1_2_13_0_51.jpg,0,0
125597_20210624_3_0_0_2_2_13_0_1,/content/drive/MyDrive/CD2_DSA/raw/val/images/125597_20210624_3_0_0_2_2_13_0_1.jpg,0,0
308298_20210914_3_0_0_3_2_11_0_198,/content/drive/MyDrive/CD2_DSA/raw/val/images/308298_20210914_3_0_0_3_2_11_0_198.jpg,0,0
16479_20210706_3_1_a9_3_2_13_2_395,/content/drive/MyDrive/CD2_DSA/raw/val/images/16479_20210706_3_1_a9_3_2_13_2_395.jpg,1,1
4510_20210622_3_1_a9_3_2_13_2_78,/content/drive/MyDrive/CD2_DSA/raw/val/images/4510_20210622_3_1_a9_3_2_13_2_78.jpg,1,1
67483_20210624_3_0_0_1_2_13_0_84,/content/drive/MyDrive/CD2_DSA/raw/val/images/67483_20210624_3_0_0_1_2_13_0_84.jpg,0,0
16735_20210706_3_1_a9_3_2_13_2_586,/content/drive/MyDrive/CD2_DSA/raw/val/images/16735_20210706_3_1_a9_3_2_13_2_586.jpg,1,1
304181_20210913_3_0_0_3_2_11_0_418,/content/drive/MyDrive/CD2_DSA/raw/val/images/304181_20210913_3_0_0_3_2_11_0_418.jpg,0,0
104046_20210624_3_0_0_4_2_13_0_124,/content/drive/MyDrive/CD2_DSA/raw/val/images/104046_20210624_3_0_0_4_2_13_0_124.jpg,0,0
10531_20210624_3_0_0_3_2_13_0_37,/content/drive/MyDrive/CD2_DSA/raw/val/images/10531_20210624_3_0_0_3_2_13_0_37.jpg,0,0
71185_20210624_3_0_0_3_2_13_0_38,/content/drive/MyDrive/CD2_DSA/raw/val/images/71185_20210624_3_0_0_3_2_13_0_38.jpg,0,0
2741_20210624_3_0_0_4_2_13_0_210,/content/drive/MyDrive/CD2_DSA/raw/val/images/2741_20210624_3_0_0_4_2_13_0_210.jpg,0,0
83320_20210624_3_0_0_1_2_13_0_203,/content/drive/MyDrive/CD2_DSA/raw/val/images/83320_20210624_3_0_0_1_2_13_0_203.jpg,0,0
312209_20210914_3_0_0_3_2_11_0_332,/content/drive/MyDrive/CD2_DSA/raw/val/images/312209_20210914_3_0_0_3_2_11_0_332.jpg,0,0
958_20210624_3_0_0_1_2_13_0_13,/content/drive/MyDrive/CD2_DSA/raw/val/images/958_20210624_3_0_0_1_2_13_0_13.jpg,0,0
307556_20210914_3_0_0_3_2_11_0_156,/content/drive/MyDrive/CD2_DSA/raw/val/images/307556_20210914_3_0_0_3_2_11_0_156.jpg,0,0
16368_20210706_3_1_a9_3_2_13_2_298,/content/drive/MyDrive/CD2_DSA/raw/val/images/16368_20210706_3_1_a9_3_2_13_2_298.jpg,1,1
26118_20210624_3_0_0_5_2_13_0_167,/content/drive/MyDrive/CD2_DSA/raw/val/images/26118_20210624_3_0_0_5_2_13_0_167.jpg,0,0
304069_20210913_3_0_0_3_2_11_0_306,/content/drive/MyDrive/CD2_DSA/raw/val/images/304069_20210913_3_0_0_3_2_11_0_306.jpg,0,0
690_20210622_3_1_a9_3_2_13_1_55,/content/drive/MyDrive/CD2_DSA/raw/val/images/690_20210622_3_1_a9_3_2_13_1_55.jpg,1,1
125643_20210624_3_0_0_2_2_13_0_47,/content/drive/MyDrive/CD2_DSA/raw/val/images/125643_20210624_3_0_0_2_2_13_0_47.jpg,0,0
15657_20210706_3_1_a9_3_2_13_3_88,/content/drive/MyDrive/CD2_DSA/raw/val/images/15657_20210706_3_1_a9_3_2_13_3_88.jpg,1,1
17076_20210622_3_1_a9_3_2_13_1_197,/content/drive/MyDrive/CD2_DSA/raw/val/images/17076_20210622_3_1_a9_3_2_13_1_197.jpg,1,1
16480_20210706_3_1_a9_3_2_13_2_396,/content/drive/MyDrive/CD2_DSA/raw/val/images/16480_20210706_3_1_a9_3_2_13_2_396.jpg,1,0
7091_20210622_3_1_a9_3_2_13_1_186,/content/drive/MyDrive/CD2_DSA/raw/val/images/7091_20210622_3_1_a9_3_2_13_1_186.jpg,1,1
16299_20210706_3_1_a9_3_2_13_2_229,/content/drive/MyDrive/CD2_DSA/raw/val/images/16299_20210706_3_1_a9_3_2_13_2_229.jpg,1,1
308437_20210914_3_0_0_3_2_11_0_337,/content/drive/MyDrive/CD2_DSA/raw/val/images/308437_20210914_3_0_0_3_2_11_0_337.jpg,0,0
170867_20210624_3_0_0_5_2_13_0_61,/content/drive/MyDrive/CD2_DSA/raw/val/images/170867_20210624_3_0_0_5_2_13_0_61.jpg,0,0
308359_20210914_3_0_0_3_2_11_0_259,/content/drive/MyDrive/CD2_DSA/raw/val/images/308359_20210914_3_0_0_3_2_11_0_259.jpg,0,0
307989_20210914_3_0_0_5_2_11_0_186,/content/drive/MyDrive/CD2_DSA/raw/val/images/307989_20210914_3_0_0_5_2_11_0_186.jpg,0,0
95524_20210624_3_0_0_1_2_13_0_190,/content/drive/MyDrive/CD2_DSA/raw/val/images/95524_20210624_3_0_0_1_2_13_0_190.jpg,0,0
307552_20210914_3_0_0_3_2_11_0_152,/content/drive/MyDrive/CD2_DSA/raw/val/images/307552_20210914_3_0_0_3_2_11_0_152.jpg,0,0
67615_20210624_3_0_0_1_2_13_0_186,/content/drive/MyDrive/CD2_DSA/raw/val/images/67615_20210624_3_0_0_1_2_13_0_186.jpg,0,0
7159_20210624_3_0_0_1_2_13_0_203,/content/drive/MyDrive/CD2_DSA/raw/val/images/7159_20210624_3_0_0_1_2_13_0_203.jpg,0,0
71158_20210624_3_0_0_3_2_13_0_11,/content/drive/MyDrive/CD2_DSA/raw/val/images/71158_20210624_3_0_0_3_2_13_0_11.jpg,0,0
16377_20210622_3_1_a9_3_2_13_3_7,/content/drive/MyDrive/CD2_DSA/raw/val/images/16377_20210622_3_1_a9_3_2_13_3_7.jpg,1,1
16094_20210706_3_1_a9_3_2_13_2_104,/content/drive/MyDrive/CD2_DSA/raw/val/images/16094_20210706_3_1_a9_3_2_13_2_104.jpg,1,1
17009_20210622_3_1_a9_3_2_13_1_130,/content/drive/MyDrive/CD2_DSA/raw/val/images/17009_20210622_3_1_a9_3_2_13_1_130.jpg,1,1
304202_20210913_3_0_0_3_2_11_0_439,/content/drive/MyDrive/CD2_DSA/raw/val/images/304202_20210913_3_0_0_3_2_11_0_439.jpg,0,0
86172_20210624_3_0_0_1_2_13_0_31,/content/drive/MyDrive/CD2_DSA/raw/val/images/86172_20210624_3_0_0_1_2_13_0_31.jpg,0,0
3795_20210629_3_1_a9_3_2_13_3_4,/content/drive/MyDrive/CD2_DSA/raw/val/images/3795_20210629_3_1_a9_3_2_13_3_4.jpg,1,1
49097_20210624_3_0_0_1_2_13_0_171,/content/drive/MyDrive/CD2_DSA/raw/val/images/49097_20210624_3_0_0_1_2_13_0_171.jpg,0,0
308314_20210914_3_0_0_3_2_11_0_214,/content/drive/MyDrive/CD2_DSA/raw/val/images/308314_20210914_3_0_0_3_2_11_0_214.jpg,0,0
125138_20210624_3_0_0_1_2_13_0_169,/content/drive/MyDrive/CD2_DSA/raw/val/images/125138_20210624_3_0_0_1_2_13_0_169.jpg,0,0
15816_20210622_3_1_a9_3_2_13_2_57,/content/drive/MyDrive/CD2_DSA/raw/val/images/15816_20210622_3_1_a9_3_2_13_2_57.jpg,1,1
311982_20210914_3_0_0_3_2_11_0_105,/content/drive/MyDrive/CD2_DSA/raw/val/images/311982_20210914_3_0_0_3_2_11_0_105.jpg,0,0
15375_20210622_3_1_a9_3_2_13_3_79,/content/drive/MyDrive/CD2_DSA/raw/val/images/15375_20210622_3_1_a9_3_2_13_3_79.jpg,1,1
4716_20210622_3_1_a9_3_2_13_2_84,/content/drive/MyDrive/CD2_DSA/raw/val/images/4716_20210622_3_1_a9_3_2_13_2_84.jpg,1,1
304284_20210913_3_0_0_3_2_11_0_521,/content/drive/MyDrive/CD2_DSA/raw/val/images/304284_20210913_3_0_0_3_2_11_0_521.jpg,0,0
1049_20210624_3_0_0_1_2_13_0_104,/content/drive/MyDrive/CD2_DSA/raw/val/images/1049_20210624_3_0_0_1_2_13_0_104.jpg,0,0
16550_20210706_3_1_a9_3_2_13_2_401,/content/drive/MyDrive/CD2_DSA/raw/val/images/16550_20210706_3_1_a9_3_2_13_2_401.jpg,1,1
308465_20210914_3_0_0_3_2_11_0_365,/content/drive/MyDrive/CD2_DSA/raw/val/images/308465_20210914_3_0_0_3_2_11_0_365.jpg,0,0
48958_20210624_3_0_0_1_2_13_0_32,/content/drive/MyDrive/CD2_DSA/raw/val/images/48958_20210624_3_0_0_1_2_13_0_32.jpg,0,0
307480_20210914_3_0_0_3_2_11_0_80,/content/drive/MyDrive/CD2_DSA/raw/val/images/307480_20210914_3_0_0_3_2_11_0_80.jpg,0,0
308368_20210914_3_0_0_3_2_11_0_268,/content/drive/MyDrive/CD2_DSA/raw/val/images/308368_20210914_3_0_0_3_2_11_0_268.jpg,0,0
304235_20210913_3_0_0_3_2_11_0_472,/content/drive/MyDrive/CD2_DSA/raw/val/images/304235_20210913_3_0_0_3_2_11_0_472.jpg,0,0
67649_20210624_3_0_0_1_2_13_0_220,/content/drive/MyDrive/CD2_DSA/raw/val/images/67649_20210624_3_0_0_1_2_13_0_220.jpg,0,0
3769_20210622_3_1_a9_3_2_13_3_47,/content/drive/MyDrive/CD2_DSA/raw/val/images/3769_20210622_3_1_a9_3_2_13_3_47.jpg,1,1
17056_20210622_3_1_a9_3_2_13_1_177,/content/drive/MyDrive/CD2_DSA/raw/val/images/17056_20210622_3_1_a9_3_2_13_1_177.jpg,1,0
307482_20210914_3_0_0_3_2_11_0_82,/content/drive/MyDrive/CD2_DSA/raw/val/images/307482_20210914_3_0_0_3_2_11_0_82.jpg,0,0
2697_20210624_3_0_0_4_2_13_0_166,/content/drive/MyDrive/CD2_DSA/raw/val/images/2697_20210624_3_0_0_4_2_13_0_166.jpg,0,0
15794_20210622_3_1_a9_3_2_13_2_35,/content/drive/MyDrive/CD2_DSA/raw/val/images/15794_20210622_3_1_a9_3_2_13_2_35.jpg,1,1
10548_20210624_3_0_0_3_2_13_0_54,/content/drive/MyDrive/CD2_DSA/raw/val/images/10548_20210624_3_0_0_3_2_13_0_54.jpg,0,0
26096_20210624_3_0_0_5_2_13_0_145,/content/drive/MyDrive/CD2_DSA/raw/val/images/26096_20210624_3_0_0_5_2_13_0_145.jpg,0,0
307697_20210914_3_0_0_3_2_11_0_297,/content/drive/MyDrive/CD2_DSA/raw/val/images/307697_20210914_3_0_0_3_2_11_0_297.jpg,0,0
95482_20210624_3_0_0_1_2_13_0_148,/content/drive/MyDrive/CD2_DSA/raw/val/images/95482_20210624_3_0_0_1_2_13_0_148.jpg,0,0
308448_20210914_3_0_0_3_2_11_0_348,/content/drive/MyDrive/CD2_DSA/raw/val/images/308448_20210914_3_0_0_3_2_11_0_348.jpg,0,0
95491_20210624_3_0_0_1_2_13_0_157,/content/drive/MyDrive/CD2_DSA/raw/val/images/95491_20210624_3_0_0_1_2_13_0_157.jpg,0,0
106611_20210624_3_0_0_1_2_13_0_208,/content/drive/MyDrive/CD2_DSA/raw/val/images/106611_20210624_3_0_0_1_2_13_0_208.jpg,0,0
95476_20210624_3_0_0_1_2_13_0_142,/content/drive/MyDrive/CD2_DSA/raw/val/images/95476_20210624_3_0_0_1_2_13_0_142.jpg,0,0
48964_20210624_3_0_0_1_2_13_0_38,/content/drive/MyDrive/CD2_DSA/raw/val/images/48964_20210624_3_0_0_1_2_13_0_38.jpg,0,0
307451_20210914_3_0_0_3_2_11_0_51,/content/drive/MyDrive/CD2_DSA/raw/val/images/307451_20210914_3_0_0_3_2_11_0_51.jpg,0,0
15090_20210622_3_1_a9_3_2_13_3_1,/content/drive/MyDrive/CD2_DSA/raw/val/images/15090_20210622_3_1_a9_3_2_13_3_1.jpg,1,1
95481_20210624_3_0_0_1_2_13_0_147,/content/drive/MyDrive/CD2_DSA/raw/val/images/95481_20210624_3_0_0_1_2_13_0_147.jpg,0,0
307466_20210914_3_0_0_3_2_11_0_66,/content/drive/MyDrive/CD2_DSA/raw/val/images/307466_20210914_3_0_0_3_2_11_0_66.jpg,0,0
104075_20210624_3_0_0_4_2_13_0_153,/content/drive/MyDrive/CD2_DSA/raw/val/images/104075_20210624_3_0_0_4_2_13_0_153.jpg,0,0
15372_20210622_3_1_a9_3_2_13_3_76,/content/drive/MyDrive/CD2_DSA/raw/val/images/15372_20210622_3_1_a9_3_2_13_3_76.jpg,1,0
7132_20210624_3_0_0_1_2_13_0_176,/content/drive/MyDrive/CD2_DSA/raw/val/images/7132_20210624_3_0_0_1_2_13_0_176.jpg,0,0
15840_20210622_3_1_a9_3_2_13_2_81,/content/drive/MyDrive/CD2_DSA/raw/val/images/15840_20210622_3_1_a9_3_2_13_2_81.jpg,1,1
304246_20210913_3_0_0_3_2_11_0_483,/content/drive/MyDrive/CD2_DSA/raw/val/images/304246_20210913_3_0_0_3_2_11_0_483.jpg,0,0
307651_20210914_3_0_0_3_2_11_0_251,/content/drive/MyDrive/CD2_DSA/raw/val/images/307651_20210914_3_0_0_3_2_11_0_251.jpg,0,0
15994_20210706_3_1_a9_3_2_13_2_4,/content/drive/MyDrive/CD2_DSA/raw/val/images/15994_20210706_3_1_a9_3_2_13_2_4.jpg,1,1
3725_20210622_3_1_a9_3_2_13_3_3,/content/drive/MyDrive/CD2_DSA/raw/val/images/3725_20210622_3_1_a9_3_2_13_3_3.jpg,1,0
16295_20210706_3_1_a9_3_2_13_2_225,/content/drive/MyDrive/CD2_DSA/raw/val/images/16295_20210706_3_1_a9_3_2_13_2_225.jpg,1,1
6500_20210622_3_1_a9_3_2_13_1_128,/content/drive/MyDrive/CD2_DSA/raw/val/images/6500_20210622_3_1_a9_3_2_13_1_128.jpg,1,1
3674_20210629_3_1_a9_3_2_13_2_53,/content/drive/MyDrive/CD2_DSA/raw/val/images/3674_20210629_3_1_a9_3_2_13_2_53.jpg,1,1
65885_20210624_3_0_0_4_2_13_0_16,/content/drive/MyDrive/CD2_DSA/raw/val/images/65885_20210624_3_0_0_4_2_13_0_16.jpg,0,0
16408_20210706_3_1_a9_3_2_13_2_324,/content/drive/MyDrive/CD2_DSA/raw/val/images/16408_20210706_3_1_a9_3_2_13_2_324.jpg,1,1
3217_20210629_3_1_a9_3_2_13_1_72,/content/drive/MyDrive/CD2_DSA/raw/val/images/3217_20210629_3_1_a9_3_2_13_1_72.jpg,1,1
311902_20210914_3_0_0_3_2_11_0_25,/content/drive/MyDrive/CD2_DSA/raw/val/images/311902_20210914_3_0_0_3_2_11_0_25.jpg,0,0
6904_20210624_3_0_0_1_2_13_0_129,/content/drive/MyDrive/CD2_DSA/raw/val/images/6904_20210624_3_0_0_1_2_13_0_129.jpg,0,0
95465_20210624_3_0_0_1_2_13_0_131,/content/drive/MyDrive/CD2_DSA/raw/val/images/95465_20210624_3_0_0_1_2_13_0_131.jpg,0,0
15139_20210622_3_1_a9_3_2_13_3_50,/content/drive/MyDrive/CD2_DSA/raw/val/images/15139_20210622_3_1_a9_3_2_13_3_50.jpg,1,0
308722_20210914_3_0_0_5_2_11_0_199,/content/drive/MyDrive/CD2_DSA/raw/val/images/308722_20210914_3_0_0_5_2_11_0_199.jpg,0,0
308855_20210914_3_0_0_5_2_11_0_331,/content/drive/MyDrive/CD2_DSA/raw/val/images/308855_20210914_3_0_0_5_2_11_0_331.jpg,0,0
83231_20210624_3_0_0_1_2_13_0_144,/content/drive/MyDrive/CD2_DSA/raw/val/images/83231_20210624_3_0_0_1_2_13_0_144.jpg,0,0
308822_20210914_3_0_0_5_2_11_0_298,/content/drive/MyDrive/CD2_DSA/raw/val/images/308822_20210914_3_0_0_5_2_11_0_298.jpg,0,0
307718_20210914_3_0_0_3_2_11_0_318,/content/drive/MyDrive/CD2_DSA/raw/val/images/307718_20210914_3_0_0_3_2_11_0_318.jpg,0,0
1615_20210622_3_1_a9_3_2_13_2_187,/content/drive/MyDrive/CD2_DSA/raw/val/images/1615_20210622_3_1_a9_3_2_13_2_187.jpg,1,1
6507_20210622_3_1_a9_3_2_13_1_135,/content/drive/MyDrive/CD2_DSA/raw/val/images/6507_20210622_3_1_a9_3_2_13_1_135.jpg,1,1
311953_20210914_3_0_0_3_2_11_0_76,/content/drive/MyDrive/CD2_DSA/raw/val/images/311953_20210914_3_0_0_3_2_11_0_76.jpg,0,0
308055_20210914_3_0_0_5_2_11_0_252,/content/drive/MyDrive/CD2_DSA/raw/val/images/308055_20210914_3_0_0_5_2_11_0_252.jpg,0,0
304312_20210913_3_0_0_3_2_11_0_549,/content/drive/MyDrive/CD2_DSA/raw/val/images/304312_20210913_3_0_0_3_2_11_0_549.jpg,0,0
312227_20210914_3_0_0_3_2_11_0_350,/content/drive/MyDrive/CD2_DSA/raw/val/images/312227_20210914_3_0_0_3_2_11_0_350.jpg,0,0
15819_20210622_3_1_a9_3_2_13_2_60,/content/drive/MyDrive/CD2_DSA/raw/val/images/15819_20210622_3_1_a9_3_2_13_2_60.jpg,1,1
308857_20210914_3_0_0_5_2_11_0_333,/content/drive/MyDrive/CD2_DSA/raw/val/images/308857_20210914_3_0_0_5_2_11_0_333.jpg,0,0
3624_20210629_3_1_a9_3_2_13_2_3,/content/drive/MyDrive/CD2_DSA/raw/val/images/3624_20210629_3_1_a9_3_2_13_2_3.jpg,1,1
15120_20210622_3_1_a9_3_2_13_3_31,/content/drive/MyDrive/CD2_DSA/raw/val/images/15120_20210622_3_1_a9_3_2_13_3_31.jpg,1,0
304251_20210913_3_0_0_3_2_11_0_488,/content/drive/MyDrive/CD2_DSA/raw/val/images/304251_20210913_3_0_0_3_2_11_0_488.jpg,0,0
3874_20210622_3_1_a9_3_2_13_2_5,/content/drive/MyDrive/CD2_DSA/raw/val/images/3874_20210622_3_1_a9_3_2_13_2_5.jpg,1,1
1710_20210622_3_1_a9_3_2_13_2_282,/content/drive/MyDrive/CD2_DSA/raw/val/images/1710_20210622_3_1_a9_3_2_13_2_282.jpg,1,1
26107_20210624_3_0_0_5_2_13_0_156,/content/drive/MyDrive/CD2_DSA/raw/val/images/26107_20210624_3_0_0_5_2_13_0_156.jpg,0,0
16746_20210713_3_1_a9_3_2_13_3_8,/content/drive/MyDrive/CD2_DSA/raw/val/images/16746_20210713_3_1_a9_3_2_13_3_8.jpg,1,1
308180_20210914_3_0_0_3_2_11_0_80,/content/drive/MyDrive/CD2_DSA/raw/val/images/308180_20210914_3_0_0_3_2_11_0_80.jpg,0,0
304160_20210913_3_0_0_3_2_11_0_397,/content/drive/MyDrive/CD2_DSA/raw/val/images/304160_20210913_3_0_0_3_2_11_0_397.jpg,0,0
3244_20210629_3_1_a9_3_2_13_1_99,/content/drive/MyDrive/CD2_DSA/raw/val/images/3244_20210629_3_1_a9_3_2_13_1_99.jpg,1,1
3235_20210629_3_1_a9_3_2_13_1_90,/content/drive/MyDrive/CD2_DSA/raw/val/images/3235_20210629_3_1_a9_3_2_13_1_90.jpg,1,1
15903_20210622_3_1_a9_3_2_13_2_144,/content/drive/MyDrive/CD2_DSA/raw/val/images/15903_20210622_3_1_a9_3_2_13_2_144.jpg,1,0
852_20210622_3_1_a9_3_2_13_3_50,/content/drive/MyDrive/CD2_DSA/raw/val/images/852_20210622_3_1_a9_3_2_13_3_50.jpg,1,1
304294_20210913_3_0_0_3_2_11_0_531,/content/drive/MyDrive/CD2_DSA/raw/val/images/304294_20210913_3_0_0_3_2_11_0_531.jpg,0,0
83203_20210624_3_0_0_1_2_13_0_116,/content/drive/MyDrive/CD2_DSA/raw/val/images/83203_20210624_3_0_0_1_2_13_0_116.jpg,0,0
1725_20210622_3_1_a9_3_2_13_2_297,/content/drive/MyDrive/CD2_DSA/raw/val/images/1725_20210622_3_1_a9_3_2_13_2_297.jpg,1,1
308457_20210914_3_0_0_3_2_11_0_357,/content/drive/MyDrive/CD2_DSA/raw/val/images/308457_20210914_3_0_0_3_2_11_0_357.jpg,0,0
106557_20210624_3_0_0_1_2_13_0_154,/content/drive/MyDrive/CD2_DSA/raw/val/images/106557_20210624_3_0_0_1_2_13_0_154.jpg,0,0
308208_20210914_3_0_0_3_2_11_0_108,/content/drive/MyDrive/CD2_DSA/raw/val/images/308208_20210914_3_0_0_3_2_11_0_108.jpg,0,0
170896_20210624_3_0_0_5_2_13_0_90,/content/drive/MyDrive/CD2_DSA/raw/val/images/170896_20210624_3_0_0_5_2_13_0_90.jpg,0,0
108265_20210624_3_0_0_2_2_13_0_138,/content/drive/MyDrive/CD2_DSA/raw/val/images/108265_20210624_3_0_0_2_2_13_0_138.jpg,0,0
13349_20210624_3_0_0_1_2_13_0_182,/content/drive/MyDrive/CD2_DSA/raw/val/images/13349_20210624_3_0_0_1_2_13_0_182.jpg,0,0
308695_20210914_3_0_0_5_2_11_0_172,/content/drive/MyDrive/CD2_DSA/raw/val/images/308695_20210914_3_0_0_5_2_11_0_172.jpg,0,0
308248_20210914_3_0_0_3_2_11_0_148,/content/drive/MyDrive/CD2_DSA/raw/val/images/308248_20210914_3_0_0_3_2_11_0_148.jpg,0,0
16673_20210706_3_1_a9_3_2_13_2_524,/content/drive/MyDrive/CD2_DSA/raw/val/images/16673_20210706_3_1_a9_3_2_13_2_524.jpg,1,0
15433_20210622_3_1_a9_3_2_13_3_137,/content/drive/MyDrive/CD2_DSA/raw/val/images/15433_20210622_3_1_a9_3_2_13_3_137.jpg,1,0
83197_20210624_3_0_0_1_2_13_0_110,/content/drive/MyDrive/CD2_DSA/raw/val/images/83197_20210624_3_0_0_1_2_13_0_110.jpg,0,0
11999_20210624_3_0_0_1_2_13_0_140,/content/drive/MyDrive/CD2_DSA/raw/val/images/11999_20210624_3_0_0_1_2_13_0_140.jpg,0,0
16051_20210706_3_1_a9_3_2_13_2_61,/content/drive/MyDrive/CD2_DSA/raw/val/images/16051_20210706_3_1_a9_3_2_13_2_61.jpg,1,1
16716_20210706_3_1_a9_3_2_13_2_567,/content/drive/MyDrive/CD2_DSA/raw/val/images/16716_20210706_3_1_a9_3_2_13_2_567.jpg,1,1
312176_20210914_3_0_0_3_2_11_0_299,/content/drive/MyDrive/CD2_DSA/raw/val/images/312176_20210914_3_0_0_3_2_11_0_299.jpg,0,0
12002_20210624_3_0_0_1_2_13_0_143,/content/drive/MyDrive/CD2_DSA/raw/val/images/12002_20210624_3_0_0_1_2_13_0_143.jpg,0,0
106532_20210624_3_0_0_1_2_13_0_129,/content/drive/MyDrive/CD2_DSA/raw/val/images/106532_20210624_3_0_0_1_2_13_0_129.jpg,0,0
3175_20210629_3_1_a9_3_2_13_1_30,/content/drive/MyDrive/CD2_DSA/raw/val/images/3175_20210629_3_1_a9_3_2_13_1_30.jpg,1,1
312214_20210914_3_0_0_3_2_11_0_337,/content/drive/MyDrive/CD2_DSA/raw/val/images/312214_20210914_3_0_0_3_2_11_0_337.jpg,0,0
83215_20210624_3_0_0_1_2_13_0_128,/content/drive/MyDrive/CD2_DSA/raw/val/images/83215_20210624_3_0_0_1_2_13_0_128.jpg,0,0
16392_20210706_3_1_a9_3_2_13_2_308,/content/drive/MyDrive/CD2_DSA/raw/val/images/16392_20210706_3_1_a9_3_2_13_2_308.jpg,1,1
67635_20210624_3_0_0_1_2_13_0_206,/content/drive/MyDrive/CD2_DSA/raw/val/images/67635_20210624_3_0_0_1_2_13_0_206.jpg,0,0
311672_20210803_3_0_0_3_2_11_0_4,/content/drive/MyDrive/CD2_DSA/raw/val/images/311672_20210803_3_0_0_3_2_11_0_4.jpg,0,0
68501_20210624_3_0_0_2_2_13_0_11,/content/drive/MyDrive/CD2_DSA/raw/val/images/68501_20210624_3_0_0_2_2_13_0_11.jpg,0,0
16519_20210706_3_1_a9_3_2_13_3_34,/content/drive/MyDrive/CD2_DSA/raw/val/images/16519_20210706_3_1_a9_3_2_13_3_34.jpg,1,1
109508_20210624_3_0_0_3_2_13_0_122,/content/drive/MyDrive/CD2_DSA/raw/val/images/109508_20210624_3_0_0_3_2_13_0_122.jpg,0,0
311699_20210803_3_0_0_3_2_11_0_31,/content/drive/MyDrive/CD2_DSA/raw/val/images/311699_20210803_3_0_0_3_2_11_0_31.jpg,0,0
86572_20210624_3_0_0_1_2_13_0_141,/content/drive/MyDrive/CD2_DSA/raw/val/images/86572_20210624_3_0_0_1_2_13_0_141.jpg,0,0
308153_20210914_3_0_0_3_2_11_0_53,/content/drive/MyDrive/CD2_DSA/raw/val/images/308153_20210914_3_0_0_3_2_11_0_53.jpg,0,0
307596_20210914_3_0_0_3_2_11_0_196,/content/drive/MyDrive/CD2_DSA/raw/val/images/307596_20210914_3_0_0_3_2_11_0_196.jpg,0,0
15629_20210706_3_1_a9_3_2_13_3_60,/content/drive/MyDrive/CD2_DSA/raw/val/images/15629_20210706_3_1_a9_3_2_13_3_60.jpg,1,1
95188_20210624_3_0_0_1_2_13_0_9,/content/drive/MyDrive/CD2_DSA/raw/val/images/95188_20210624_3_0_0_1_2_13_0_9.jpg,0,0
3840_20210629_3_1_a9_3_2_13_3_49,/content/drive/MyDrive/CD2_DSA/raw/val/images/3840_20210629_3_1_a9_3_2_13_3_49.jpg,1,1
308575_20210914_3_0_0_5_2_11_0_51,/content/drive/MyDrive/CD2_DSA/raw/val/images/308575_20210914_3_0_0_5_2_11_0_51.jpg,0,0
10534_20210624_3_0_0_3_2_13_0_40,/content/drive/MyDrive/CD2_DSA/raw/val/images/10534_20210624_3_0_0_3_2_13_0_40.jpg,0,0
16081_20210706_3_1_a9_3_2_13_2_91,/content/drive/MyDrive/CD2_DSA/raw/val/images/16081_20210706_3_1_a9_3_2_13_2_91.jpg,1,1
16787_20210713_3_1_a9_3_2_13_3_49,/content/drive/MyDrive/CD2_DSA/raw/val/images/16787_20210713_3_1_a9_3_2_13_3_49.jpg,1,0
16474_20210706_3_1_a9_3_2_13_2_390,/content/drive/MyDrive/CD2_DSA/raw/val/images/16474_20210706_3_1_a9_3_2_13_2_390.jpg,1,0
911_20210622_3_1_a9_3_2_13_3_109,/content/drive/MyDrive/CD2_DSA/raw/val/images/911_20210622_3_1_a9_3_2_13_3_109.jpg,1,1
3562_20210629_3_1_a9_3_2_13_1_211,/content/drive/MyDrive/CD2_DSA/raw/val/images/3562_20210629_3_1_a9_3_2_13_1_211.jpg,1,1
125691_20210624_3_0_0_2_2_13_0_95,/content/drive/MyDrive/CD2_DSA/raw/val/images/125691_20210624_3_0_0_2_2_13_0_95.jpg,0,0
307714_20210914_3_0_0_3_2_11_0_314,/content/drive/MyDrive/CD2_DSA/raw/val/images/307714_20210914_3_0_0_3_2_11_0_314.jpg,0,0
756_20210622_3_1_a9_3_2_13_1_121,/content/drive/MyDrive/CD2_DSA/raw/val/images/756_20210622_3_1_a9_3_2_13_1_121.jpg,1,1
307770_20210914_3_0_0_3_2_11_0_370,/content/drive/MyDrive/CD2_DSA/raw/val/images/307770_20210914_3_0_0_3_2_11_0_370.jpg,0,0
307738_20210914_3_0_0_3_2_11_0_338,/content/drive/MyDrive/CD2_DSA/raw/val/images/307738_20210914_3_0_0_3_2_11_0_338.jpg,0,0
67415_20210624_3_0_0_1_2_13_0_16,/content/drive/MyDrive/CD2_DSA/raw/val/images/67415_20210624_3_0_0_1_2_13_0_16.jpg,0,0
308853_20210914_3_0_0_5_2_11_0_329,/content/drive/MyDrive/CD2_DSA/raw/val/images/308853_20210914_3_0_0_5_2_11_0_329.jpg,0,0
3598_20210629_3_1_a9_3_2_13_1_247,/content/drive/MyDrive/CD2_DSA/raw/val/images/3598_20210629_3_1_a9_3_2_13_1_247.jpg,1,0
65887_20210624_3_0_0_4_2_13_0_18,/content/drive/MyDrive/CD2_DSA/raw/val/images/65887_20210624_3_0_0_4_2_13_0_18.jpg,0,0
16890_20210622_3_1_a9_3_2_13_1_50,/content/drive/MyDrive/CD2_DSA/raw/val/images/16890_20210622_3_1_a9_3_2_13_1_50.jpg,1,1
17058_20210622_3_1_a9_3_2_13_1_179,/content/drive/MyDrive/CD2_DSA/raw/val/images/17058_20210622_3_1_a9_3_2_13_1_179.jpg,1,0
307614_20210914_3_0_0_3_2_11_0_214,/content/drive/MyDrive/CD2_DSA/raw/val/images/307614_20210914_3_0_0_3_2_11_0_214.jpg,0,0
16528_20210706_3_1_a9_3_2_13_3_43,/content/drive/MyDrive/CD2_DSA/raw/val/images/16528_20210706_3_1_a9_3_2_13_3_43.jpg,1,1
1020_20210624_3_0_0_1_2_13_0_75,/content/drive/MyDrive/CD2_DSA/raw/val/images/1020_20210624_3_0_0_1_2_13_0_75.jpg,0,0
308098_20210914_3_0_0_5_2_11_0_295,/content/drive/MyDrive/CD2_DSA/raw/val/images/308098_20210914_3_0_0_5_2_11_0_295.jpg,0,0
16630_20210706_3_1_a9_3_2_13_2_481,/content/drive/MyDrive/CD2_DSA/raw/val/images/16630_20210706_3_1_a9_3_2_13_2_481.jpg,1,1
308085_20210914_3_0_0_5_2_11_0_282,/content/drive/MyDrive/CD2_DSA/raw/val/images/308085_20210914_3_0_0_5_2_11_0_282.jpg,0,0
308595_20210914_3_0_0_5_2_11_0_71,/content/drive/MyDrive/CD2_DSA/raw/val/images/308595_20210914_3_0_0_5_2_11_0_71.jpg,0,0
125151_20210624_3_0_0_1_2_13_0_182,/content/drive/MyDrive/CD2_DSA/raw/val/images/125151_20210624_3_0_0_1_2_13_0_182.jpg,0,0
308670_20210914_3_0_0_5_2_11_0_147,/content/drive/MyDrive/CD2_DSA/raw/val/images/308670_20210914_3_0_0_5_2_11_0_147.jpg,0,0
312167_20210914_3_0_0_3_2_11_0_290,/content/drive/MyDrive/CD2_DSA/raw/val/images/312167_20210914_3_0_0_3_2_11_0_290.jpg,0,0
312205_20210914_3_0_0_3_2_11_0_328,/content/drive/MyDrive/CD2_DSA/raw/val/images/312205_20210914_3_0_0_3_2_11_0_328.jpg,0,0
170849_20210624_3_0_0_5_2_13_0_43,/content/drive/MyDrive/CD2_DSA/raw/val/images/170849_20210624_3_0_0_5_2_13_0_43.jpg,0,0
67526_20210624_3_0_0_1_2_13_0_127,/content/drive/MyDrive/CD2_DSA/raw/val/images/67526_20210624_3_0_0_1_2_13_0_127.jpg,0,0
2695_20210624_3_0_0_4_2_13_0_164,/content/drive/MyDrive/CD2_DSA/raw/val/images/2695_20210624_3_0_0_4_2_13_0_164.jpg,0,0
48984_20210624_3_0_0_1_2_13_0_58,/content/drive/MyDrive/CD2_DSA/raw/val/images/48984_20210624_3_0_0_1_2_13_0_58.jpg,0,0
170817_20210624_3_0_0_5_2_13_0_11,/content/drive/MyDrive/CD2_DSA/raw/val/images/170817_20210624_3_0_0_5_2_13_0_11.jpg,0,0
71157_20210624_3_0_0_3_2_13_0_10,/content/drive/MyDrive/CD2_DSA/raw/val/images/71157_20210624_3_0_0_3_2_13_0_10.jpg,0,0
3364_20210629_3_1_a9_3_2_13_1_119,/content/drive/MyDrive/CD2_DSA/raw/val/images/3364_20210629_3_1_a9_3_2_13_1_119.jpg,1,0
7195_20210624_3_0_0_1_2_13_0_239,/content/drive/MyDrive/CD2_DSA/raw/val/images/7195_20210624_3_0_0_1_2_13_0_239.jpg,0,0
9161_20210624_3_0_0_2_2_13_0_155,/content/drive/MyDrive/CD2_DSA/raw/val/images/9161_20210624_3_0_0_2_2_13_0_155.jpg,0,0
4731_20210622_3_1_a9_3_2_13_2_99,/content/drive/MyDrive/CD2_DSA/raw/val/images/4731_20210622_3_1_a9_3_2_13_2_99.jpg,1,1
10558_20210624_3_0_0_3_2_13_0_64,/content/drive/MyDrive/CD2_DSA/raw/val/images/10558_20210624_3_0_0_3_2_13_0_64.jpg,0,0
104070_20210624_3_0_0_4_2_13_0_148,/content/drive/MyDrive/CD2_DSA/raw/val/images/104070_20210624_3_0_0_4_2_13_0_148.jpg,0,0
312073_20210914_3_0_0_3_2_11_0_196,/content/drive/MyDrive/CD2_DSA/raw/val/images/312073_20210914_3_0_0_3_2_11_0_196.jpg,0,0
16279_20210706_3_1_a9_3_2_13_2_209,/content/drive/MyDrive/CD2_DSA/raw/val/images/16279_20210706_3_1_a9_3_2_13_2_209.jpg,1,1
95527_20210624_3_0_0_1_2_13_0_193,/content/drive/MyDrive/CD2_DSA/raw/val/images/95527_20210624_3_0_0_1_2_13_0_193.jpg,0,0
304101_20210913_3_0_0_3_2_11_0_338,/content/drive/MyDrive/CD2_DSA/raw/val/images/304101_20210913_3_0_0_3_2_11_0_338.jpg,0,0
15104_20210622_3_1_a9_3_2_13_3_15,/content/drive/MyDrive/CD2_DSA/raw/val/images/15104_20210622_3_1_a9_3_2_13_3_15.jpg,1,1
15639_20210706_3_1_a9_3_2_13_3_70,/content/drive/MyDrive/CD2_DSA/raw/val/images/15639_20210706_3_1_a9_3_2_13_3_70.jpg,1,0
6299_20210622_3_1_a9_3_2_13_1_98,/content/drive/MyDrive/CD2_DSA/raw/val/images/6299_20210622_3_1_a9_3_2_13_1_98.jpg,1,1
308679_20210914_3_0_0_5_2_11_0_156,/content/drive/MyDrive/CD2_DSA/raw/val/images/308679_20210914_3_0_0_5_2_11_0_156.jpg,0,0
304273_20210913_3_0_0_3_2_11_0_510,/content/drive/MyDrive/CD2_DSA/raw/val/images/304273_20210913_3_0_0_3_2_11_0_510.jpg,0,0
308509_20210914_3_0_0_3_2_11_0_409,/content/drive/MyDrive/CD2_DSA/raw/val/images/308509_20210914_3_0_0_3_2_11_0_409.jpg,0,0
308392_20210914_3_0_0_3_2_11_0_292,/content/drive/MyDrive/CD2_DSA/raw/val/images/308392_20210914_3_0_0_3_2_11_0_292.jpg,0,0
898_20210622_3_1_a9_3_2_13_3_96,/content/drive/MyDrive/CD2_DSA/raw/val/images/898_20210622_3_1_a9_3_2_13_3_96.jpg,1,1
307735_20210914_3_0_0_3_2_11_0_335,/content/drive/MyDrive/CD2_DSA/raw/val/images/307735_20210914_3_0_0_3_2_11_0_335.jpg,0,0
312084_20210914_3_0_0_3_2_11_0_207,/content/drive/MyDrive/CD2_DSA/raw/val/images/312084_20210914_3_0_0_3_2_11_0_207.jpg,0,0
308778_20210914_3_0_0_5_2_11_0_254,/content/drive/MyDrive/CD2_DSA/raw/val/images/308778_20210914_3_0_0_5_2_11_0_254.jpg,0,0
16899_20210622_3_1_a9_3_2_13_1_59,/content/drive/MyDrive/CD2_DSA/raw/val/images/16899_20210622_3_1_a9_3_2_13_1_59.jpg,1,0
104073_20210624_3_0_0_4_2_13_0_151,/content/drive/MyDrive/CD2_DSA/raw/val/images/104073_20210624_3_0_0_4_2_13_0_151.jpg,0,0
308377_20210914_3_0_0_3_2_11_0_277,/content/drive/MyDrive/CD2_DSA/raw/val/images/308377_20210914_3_0_0_3_2_11_0_277.jpg,0,0
67634_20210624_3_0_0_1_2_13_0_205,/content/drive/MyDrive/CD2_DSA/raw/val/images/67634_20210624_3_0_0_1_2_13_0_205.jpg,0,0
16769_20210713_3_1_a9_3_2_13_3_31,/content/drive/MyDrive/CD2_DSA/raw/val/images/16769_20210713_3_1_a9_3_2_13_3_31.jpg,1,0
308275_20210914_3_0_0_3_2_11_0_175,/content/drive/MyDrive/CD2_DSA/raw/val/images/308275_20210914_3_0_0_3_2_11_0_175.jpg,0,0
15498_20210622_3_1_a9_3_2_13_3_202,/content/drive/MyDrive/CD2_DSA/raw/val/images/15498_20210622_3_1_a9_3_2_13_3_202.jpg,1,1
83266_20210624_3_0_0_1_2_13_0_179,/content/drive/MyDrive/CD2_DSA/raw/val/images/83266_20210624_3_0_0_1_2_13_0_179.jpg,0,0
308703_20210914_3_0_0_5_2_11_0_180,/content/drive/MyDrive/CD2_DSA/raw/val/images/308703_20210914_3_0_0_5_2_11_0_180.jpg,0,0
13352_20210624_3_0_0_1_2_13_0_185,/content/drive/MyDrive/CD2_DSA/raw/val/images/13352_20210624_3_0_0_1_2_13_0_185.jpg,0,0
15664_20210706_3_1_a9_3_2_13_3_95,/content/drive/MyDrive/CD2_DSA/raw/val/images/15664_20210706_3_1_a9_3_2_13_3_95.jpg,1,1
308517_20210914_3_0_0_3_2_11_0_417,/content/drive/MyDrive/CD2_DSA/raw/val/images/308517_20210914_3_0_0_3_2_11_0_417.jpg,0,0
15778_20210622_3_1_a9_3_2_13_2_19,/content/drive/MyDrive/CD2_DSA/raw/val/images/15778_20210622_3_1_a9_3_2_13_2_19.jpg,1,1
71163_20210624_3_0_0_3_2_13_0_16,/content/drive/MyDrive/CD2_DSA/raw/val/images/71163_20210624_3_0_0_3_2_13_0_16.jpg,0,0
4311_20210622_3_1_a9_3_2_13_2_42,/content/drive/MyDrive/CD2_DSA/raw/val/images/4311_20210622_3_1_a9_3_2_13_2_42.jpg,1,1
308754_20210914_3_0_0_5_2_11_0_230,/content/drive/MyDrive/CD2_DSA/raw/val/images/308754_20210914_3_0_0_5_2_11_0_230.jpg,0,0
170819_20210624_3_0_0_5_2_13_0_13,/content/drive/MyDrive/CD2_DSA/raw/val/images/170819_20210624_3_0_0_5_2_13_0_13.jpg,0,0
307913_20210914_3_0_0_5_2_11_0_110,/content/drive/MyDrive/CD2_DSA/raw/val/images/307913_20210914_3_0_0_5_2_11_0_110.jpg,0,0
49087_20210624_3_0_0_1_2_13_0_161,/content/drive/MyDrive/CD2_DSA/raw/val/images/49087_20210624_3_0_0_1_2_13_0_161.jpg,0,0
126069_20210624_3_0_0_5_2_13_0_4,/content/drive/MyDrive/CD2_DSA/raw/val/images/126069_20210624_3_0_0_5_2_13_0_4.jpg,0,0
6763_20210622_3_1_a9_3_2_13_1_159,/content/drive/MyDrive/CD2_DSA/raw/val/images/6763_20210622_3_1_a9_3_2_13_1_159.jpg,1,1
3381_20210629_3_1_a9_3_2_13_1_136,/content/drive/MyDrive/CD2_DSA/raw/val/images/3381_20210629_3_1_a9_3_2_13_1_136.jpg,1,0
26110_20210624_3_0_0_5_2_13_0_159,/content/drive/MyDrive/CD2_DSA/raw/val/images/26110_20210624_3_0_0_5_2_13_0_159.jpg,0,0
4390_20210622_3_1_a9_3_2_13_2_58,/content/drive/MyDrive/CD2_DSA/raw/val/images/4390_20210622_3_1_a9_3_2_13_2_58.jpg,1,1
16431_20210706_3_1_a9_3_2_13_2_347,/content/drive/MyDrive/CD2_DSA/raw/val/images/16431_20210706_3_1_a9_3_2_13_2_347.jpg,1,1
307518_20210914_3_0_0_3_2_11_0_118,/content/drive/MyDrive/CD2_DSA/raw/val/images/307518_20210914_3_0_0_3_2_11_0_118.jpg,0,0
307869_20210914_3_0_0_5_2_11_0_66,/content/drive/MyDrive/CD2_DSA/raw/val/images/307869_20210914_3_0_0_5_2_11_0_66.jpg,0,0
16592_20210706_3_1_a9_3_2_13_2_443,/content/drive/MyDrive/CD2_DSA/raw/val/images/16592_20210706_3_1_a9_3_2_13_2_443.jpg,1,1
741_20210622_3_1_a9_3_2_13_1_106,/content/drive/MyDrive/CD2_DSA/raw/val/images/741_20210622_3_1_a9_3_2_13_1_106.jpg,1,1
693_20210622_3_1_a9_3_2_13_1_58,/content/drive/MyDrive/CD2_DSA/raw/val/images/693_20210622_3_1_a9_3_2_13_1_58.jpg,1,0
108281_20210624_3_0_0_2_2_13_0_154,/content/drive/MyDrive/CD2_DSA/raw/val/images/108281_20210624_3_0_0_2_2_13_0_154.jpg,0,0
170904_20210624_3_0_0_5_2_13_0_98,/content/drive/MyDrive/CD2_DSA/raw/val/images/170904_20210624_3_0_0_5_2_13_0_98.jpg,0,0
16825_20210713_3_1_a9_3_2_13_3_87,/content/drive/MyDrive/CD2_DSA/raw/val/images/16825_20210713_3_1_a9_3_2_13_3_87.jpg,1,0
108329_20210624_3_0_0_2_2_13_0_202,/content/drive/MyDrive/CD2_DSA/raw/val/images/108329_20210624_3_0_0_2_2_13_0_202.jpg,0,0
308235_20210914_3_0_0_3_2_11_0_135,/content/drive/MyDrive/CD2_DSA/raw/val/images/308235_20210914_3_0_0_3_2_11_0_135.jpg,0,0
312210_20210914_3_0_0_3_2_11_0_333,/content/drive/MyDrive/CD2_DSA/raw/val/images/312210_20210914_3_0_0_3_2_11_0_333.jpg,0,0
170862_20210624_3_0_0_5_2_13_0_56,/content/drive/MyDrive/CD2_DSA/raw/val/images/170862_20210624_3_0_0_5_2_13_0_56.jpg,0,0
49063_20210624_3_0_0_1_2_13_0_137,/content/drive/MyDrive/CD2_DSA/raw/val/images/49063_20210624_3_0_0_1_2_13_0_137.jpg,0,0
170878_20210624_3_0_0_5_2_13_0_72,/content/drive/MyDrive/CD2_DSA/raw/val/images/170878_20210624_3_0_0_5_2_13_0_72.jpg,0,0
308131_20210914_3_0_0_3_2_11_0_31,/content/drive/MyDrive/CD2_DSA/raw/val/images/308131_20210914_3_0_0_3_2_11_0_31.jpg,0,0
307418_20210914_3_0_0_3_2_11_0_18,/content/drive/MyDrive/CD2_DSA/raw/val/images/307418_20210914_3_0_0_3_2_11_0_18.jpg,0,0
16034_20210706_3_1_a9_3_2_13_2_44,/content/drive/MyDrive/CD2_DSA/raw/val/images/16034_20210706_3_1_a9_3_2_13_2_44.jpg,1,0
304155_20210913_3_0_0_3_2_11_0_392,/content/drive/MyDrive/CD2_DSA/raw/val/images/304155_20210913_3_0_0_3_2_11_0_392.jpg,0,0
68493_20210624_3_0_0_2_2_13_0_3,/content/drive/MyDrive/CD2_DSA/raw/val/images/68493_20210624_3_0_0_2_2_13_0_3.jpg,0,0
108270_20210624_3_0_0_2_2_13_0_143,/content/drive/MyDrive/CD2_DSA/raw/val/images/108270_20210624_3_0_0_2_2_13_0_143.jpg,0,0
128824_20210624_3_0_0_1_2_13_0_14,/content/drive/MyDrive/CD2_DSA/raw/val/images/128824_20210624_3_0_0_1_2_13_0_14.jpg,0,0
126103_20210624_3_0_0_5_2_13_0_38,/content/drive/MyDrive/CD2_DSA/raw/val/images/126103_20210624_3_0_0_5_2_13_0_38.jpg,0,0
106568_20210624_3_0_0_1_2_13_0_165,/content/drive/MyDrive/CD2_DSA/raw/val/images/106568_20210624_3_0_0_1_2_13_0_165.jpg,0,0
311720_20210803_3_0_0_3_2_11_0_52,/content/drive/MyDrive/CD2_DSA/raw/val/images/311720_20210803_3_0_0_3_2_11_0_52.jpg,0,0
3592_20210629_3_1_a9_3_2_13_1_241,/content/drive/MyDrive/CD2_DSA/raw/val/images/3592_20210629_3_1_a9_3_2_13_1_241.jpg,1,1
7173_20210624_3_0_0_1_2_13_0_217,/content/drive/MyDrive/CD2_DSA/raw/val/images/7173_20210624_3_0_0_1_2_13_0_217.jpg,0,0
2702_20210624_3_0_0_4_2_13_0_171,/content/drive/MyDrive/CD2_DSA/raw/val/images/2702_20210624_3_0_0_4_2_13_0_171.jpg,0,0
3863_20210629_3_1_a9_3_2_13_3_72,/content/drive/MyDrive/CD2_DSA/raw/val/images/3863_20210629_3_1_a9_3_2_13_3_72.jpg,1,1
3356_20210629_3_1_a9_3_2_13_1_111,/content/drive/MyDrive/CD2_DSA/raw/val/images/3356_20210629_3_1_a9_3_2_13_1_111.jpg,1,1
67537_20210624_3_0_0_1_2_13_0_138,/content/drive/MyDrive/CD2_DSA/raw/val/images/67537_20210624_3_0_0_1_2_13_0_138.jpg,0,0
83246_20210624_3_0_0_1_2_13_0_159,/content/drive/MyDrive/CD2_DSA/raw/val/images/83246_20210624_3_0_0_1_2_13_0_159.jpg,0,0
307627_20210914_3_0_0_3_2_11_0_227,/content/drive/MyDrive/CD2_DSA/raw/val/images/307627_20210914_3_0_0_3_2_11_0_227.jpg,0,0
16553_20210706_3_1_a9_3_2_13_2_404,/content/drive/MyDrive/CD2_DSA/raw/val/images/16553_20210706_3_1_a9_3_2_13_2_404.jpg,1,0
66253_20210624_3_0_0_4_2_13_0_154,/content/drive/MyDrive/CD2_DSA/raw/val/images/66253_20210624_3_0_0_4_2_13_0_154.jpg,0,0
9147_20210624_3_0_0_2_2_13_0_141,/content/drive/MyDrive/CD2_DSA/raw/val/images/9147_20210624_3_0_0_2_2_13_0_141.jpg,0,0
6621_20210622_3_1_a9_3_2_13_1_149,/content/drive/MyDrive/CD2_DSA/raw/val/images/6621_20210622_3_1_a9_3_2_13_1_149.jpg,1,0
307840_20210914_3_0_0_5_2_11_0_37,/content/drive/MyDrive/CD2_DSA/raw/val/images/307840_20210914_3_0_0_5_2_11_0_37.jpg,0,0
13466_20210624_3_0_0_1_2_13_0_191,/content/drive/MyDrive/CD2_DSA/raw/val/images/13466_20210624_3_0_0_1_2_13_0_191.jpg,0,0
16216_20210706_3_1_a9_3_2_13_2_146,/content/drive/MyDrive/CD2_DSA/raw/val/images/16216_20210706_3_1_a9_3_2_13_2_146.jpg,1,1
312185_20210914_3_0_0_3_2_11_0_308,/content/drive/MyDrive/CD2_DSA/raw/val/images/312185_20210914_3_0_0_3_2_11_0_308.jpg,0,0
15588_20210706_3_1_a9_3_2_13_3_19,/content/drive/MyDrive/CD2_DSA/raw/val/images/15588_20210706_3_1_a9_3_2_13_3_19.jpg,1,0
311890_20210914_3_0_0_3_2_11_0_13,/content/drive/MyDrive/CD2_DSA/raw/val/images/311890_20210914_3_0_0_3_2_11_0_13.jpg,0,0
15690_20210706_3_1_a9_3_2_13_3_121,/content/drive/MyDrive/CD2_DSA/raw/val/images/15690_20210706_3_1_a9_3_2_13_3_121.jpg,1,1
704_20210622_3_1_a9_3_2_13_1_69,/content/drive/MyDrive/CD2_DSA/raw/val/images/704_20210622_3_1_a9_3_2_13_1_69.jpg,1,0
16946_20210622_3_1_a9_3_2_13_2_36,/content/drive/MyDrive/CD2_DSA/raw/val/images/16946_20210622_3_1_a9_3_2_13_2_36.jpg,1,1
308466_20210914_3_0_0_3_2_11_0_366,/content/drive/MyDrive/CD2_DSA/raw/val/images/308466_20210914_3_0_0_3_2_11_0_366.jpg,0,0
308080_20210914_3_0_0_5_2_11_0_277,/content/drive/MyDrive/CD2_DSA/raw/val/images/308080_20210914_3_0_0_5_2_11_0_277.jpg,0,0
307923_20210914_3_0_0_5_2_11_0_120,/content/drive/MyDrive/CD2_DSA/raw/val/images/307923_20210914_3_0_0_5_2_11_0_120.jpg,0,0
16047_20210706_3_1_a9_3_2_13_2_57,/content/drive/MyDrive/CD2_DSA/raw/val/images/16047_20210706_3_1_a9_3_2_13_2_57.jpg,1,1
304136_20210913_3_0_0_3_2_11_0_373,/content/drive/MyDrive/CD2_DSA/raw/val/images/304136_20210913_3_0_0_3_2_11_0_373.jpg,0,0
304150_20210913_3_0_0_3_2_11_0_387,/content/drive/MyDrive/CD2_DSA/raw/val/images/304150_20210913_3_0_0_3_2_11_0_387.jpg,0,0
1051_20210624_3_0_0_1_2_13_0_106,/content/drive/MyDrive/CD2_DSA/raw/val/images/1051_20210624_3_0_0_1_2_13_0_106.jpg,0,0
16014_20210706_3_1_a9_3_2_13_2_24,/content/drive/MyDrive/CD2_DSA/raw/val/images/16014_20210706_3_1_a9_3_2_13_2_24.jpg,1,1
16106_20210706_3_1_a9_3_2_13_2_116,/content/drive/MyDrive/CD2_DSA/raw/val/images/16106_20210706_3_1_a9_3_2_13_2_116.jpg,1,1
16492_20210706_3_1_a9_3_2_13_3_7,/content/drive/MyDrive/CD2_DSA/raw/val/images/16492_20210706_3_1_a9_3_2_13_3_7.jpg,1,1
15847_20210622_3_1_a9_3_2_13_2_88,/content/drive/MyDrive/CD2_DSA/raw/val/images/15847_20210622_3_1_a9_3_2_13_2_88.jpg,1,1
86566_20210624_3_0_0_1_2_13_0_135,/content/drive/MyDrive/CD2_DSA/raw/val/images/86566_20210624_3_0_0_1_2_13_0_135.jpg,0,0
49113_20210624_3_0_0_1_2_13_0_187,/content/drive/MyDrive/CD2_DSA/raw/val/images/49113_20210624_3_0_0_1_2_13_0_187.jpg,0,0
13353_20210624_3_0_0_1_2_13_0_186,/content/drive/MyDrive/CD2_DSA/raw/val/images/13353_20210624_3_0_0_1_2_13_0_186.jpg,0,0
15491_20210622_3_1_a9_3_2_13_3_195,/content/drive/MyDrive/CD2_DSA/raw/val/images/15491_20210622_3_1_a9_3_2_13_3_195.jpg,1,0
83249_20210624_3_0_0_1_2_13_0_162,/content/drive/MyDrive/CD2_DSA/raw/val/images/83249_20210624_3_0_0_1_2_13_0_162.jpg,0,0
307867_20210914_3_0_0_5_2_11_0_64,/content/drive/MyDrive/CD2_DSA/raw/val/images/307867_20210914_3_0_0_5_2_11_0_64.jpg,0,0
125099_20210624_3_0_0_1_2_13_0_130,/content/drive/MyDrive/CD2_DSA/raw/val/images/125099_20210624_3_0_0_1_2_13_0_130.jpg,0,0
16420_20210706_3_1_a9_3_2_13_2_336,/content/drive/MyDrive/CD2_DSA/raw/val/images/16420_20210706_3_1_a9_3_2_13_2_336.jpg,1,0
7108_20210624_3_0_0_1_2_13_0_152,/content/drive/MyDrive/CD2_DSA/raw/val/images/7108_20210624_3_0_0_1_2_13_0_152.jpg,0,0
49039_20210624_3_0_0_1_2_13_0_113,/content/drive/MyDrive/CD2_DSA/raw/val/images/49039_20210624_3_0_0_1_2_13_0_113.jpg,0,0
95509_20210624_3_0_0_1_2_13_0_175,/content/drive/MyDrive/CD2_DSA/raw/val/images/95509_20210624_3_0_0_1_2_13_0_175.jpg,0,0
304182_20210913_3_0_0_3_2_11_0_419,/content/drive/MyDrive/CD2_DSA/raw/val/images/304182_20210913_3_0_0_3_2_11_0_419.jpg,0,0
15101_20210622_3_1_a9_3_2_13_3_12,/content/drive/MyDrive/CD2_DSA/raw/val/images/15101_20210622_3_1_a9_3_2_13_3_12.jpg,1,1
86861_20210624_3_0_0_1_2_13_0_186,/content/drive/MyDrive/CD2_DSA/raw/val/images/86861_20210624_3_0_0_1_2_13_0_186.jpg,0,0
3422_20210629_3_1_a9_3_2_13_1_177,/content/drive/MyDrive/CD2_DSA/raw/val/images/3422_20210629_3_1_a9_3_2_13_1_177.jpg,1,1
108113_20210624_3_0_0_2_2_13_0_101,/content/drive/MyDrive/CD2_DSA/raw/val/images/108113_20210624_3_0_0_2_2_13_0_101.jpg,0,0
312140_20210914_3_0_0_3_2_11_0_263,/content/drive/MyDrive/CD2_DSA/raw/val/images/312140_20210914_3_0_0_3_2_11_0_263.jpg,0,0
1554_20210622_3_1_a9_3_2_13_2_126,/content/drive/MyDrive/CD2_DSA/raw/val/images/1554_20210622_3_1_a9_3_2_13_2_126.jpg,1,1
26088_20210624_3_0_0_5_2_13_0_137,/content/drive/MyDrive/CD2_DSA/raw/val/images/26088_20210624_3_0_0_5_2_13_0_137.jpg,0,0
312149_20210914_3_0_0_3_2_11_0_272,/content/drive/MyDrive/CD2_DSA/raw/val/images/312149_20210914_3_0_0_3_2_11_0_272.jpg,0,0
13674_20210624_3_0_0_1_2_13_0_200,/content/drive/MyDrive/CD2_DSA/raw/val/images/13674_20210624_3_0_0_1_2_13_0_200.jpg,0,0
84126_20210708_3_0_0_1_2_13_0_192,/content/drive/MyDrive/CD2_DSA/raw/val/images/84126_20210708_3_0_0_1_2_13_0_192.jpg,0,0
65877_20210624_3_0_0_4_2_13_0_8,/content/drive/MyDrive/CD2_DSA/raw/val/images/65877_20210624_3_0_0_4_2_13_0_8.jpg,0,0
104078_20210624_3_0_0_4_2_13_0_156,/content/drive/MyDrive/CD2_DSA/raw/val/images/104078_20210624_3_0_0_4_2_13_0_156.jpg,0,0
307929_20210914_3_0_0_5_2_11_0_126,/content/drive/MyDrive/CD2_DSA/raw/val/images/307929_20210914_3_0_0_5_2_11_0_126.jpg,0,0
3860_20210629_3_1_a9_3_2_13_3_69,/content/drive/MyDrive/CD2_DSA/raw/val/images/3860_20210629_3_1_a9_3_2_13_3_69.jpg,1,1
125666_20210624_3_0_0_2_2_13_0_70,/content/drive/MyDrive/CD2_DSA/raw/val/images/125666_20210624_3_0_0_2_2_13_0_70.jpg,0,0
16208_20210706_3_1_a9_3_2_13_2_138,/content/drive/MyDrive/CD2_DSA/raw/val/images/16208_20210706_3_1_a9_3_2_13_2_138.jpg,1,0
125635_20210624_3_0_0_2_2_13_0_39,/content/drive/MyDrive/CD2_DSA/raw/val/images/125635_20210624_3_0_0_2_2_13_0_39.jpg,0,0
88990_20210624_3_0_0_3_2_13_0_13,/content/drive/MyDrive/CD2_DSA/raw/val/images/88990_20210624_3_0_0_3_2_13_0_13.jpg,0,0
66304_20210624_3_0_0_4_2_13_0_205,/content/drive/MyDrive/CD2_DSA/raw/val/images/66304_20210624_3_0_0_4_2_13_0_205.jpg,0,0
95213_20210624_3_0_0_1_2_13_0_34,/content/drive/MyDrive/CD2_DSA/raw/val/images/95213_20210624_3_0_0_1_2_13_0_34.jpg,0,0
6508_20210622_3_1_a9_3_2_13_1_136,/content/drive/MyDrive/CD2_DSA/raw/val/images/6508_20210622_3_1_a9_3_2_13_1_136.jpg,1,1
1488_20210622_3_1_a9_3_2_13_2_60,/content/drive/MyDrive/CD2_DSA/raw/val/images/1488_20210622_3_1_a9_3_2_13_2_60.jpg,1,1
3760_20210622_3_1_a9_3_2_13_3_38,/content/drive/MyDrive/CD2_DSA/raw/val/images/3760_20210622_3_1_a9_3_2_13_3_38.jpg,1,1
124665_20210624_3_0_0_1_2_13_0_16,/content/drive/MyDrive/CD2_DSA/raw/val/images/124665_20210624_3_0_0_1_2_13_0_16.jpg,0,0
25704_20210624_3_0_0_5_2_13_0_128,/content/drive/MyDrive/CD2_DSA/raw/val/images/25704_20210624_3_0_0_5_2_13_0_128.jpg,0,0
106567_20210624_3_0_0_1_2_13_0_164,/content/drive/MyDrive/CD2_DSA/raw/val/images/106567_20210624_3_0_0_1_2_13_0_164.jpg,0,0
16315_20210706_3_1_a9_3_2_13_2_245,/content/drive/MyDrive/CD2_DSA/raw/val/images/16315_20210706_3_1_a9_3_2_13_2_245.jpg,1,1
68531_20210624_3_0_0_2_2_13_0_41,/content/drive/MyDrive/CD2_DSA/raw/val/images/68531_20210624_3_0_0_2_2_13_0_41.jpg,0,0
9148_20210624_3_0_0_2_2_13_0_142,/content/drive/MyDrive/CD2_DSA/raw/val/images/9148_20210624_3_0_0_2_2_13_0_142.jpg,0,0
16788_20210713_3_1_a9_3_2_13_3_50,/content/drive/MyDrive/CD2_DSA/raw/val/images/16788_20210713_3_1_a9_3_2_13_3_50.jpg,1,1
16254_20210706_3_1_a9_3_2_13_2_184,/content/drive/MyDrive/CD2_DSA/raw/val/images/16254_20210706_3_1_a9_3_2_13_2_184.jpg,1,1
7530_20210622_3_1_a9_3_2_13_1_209,/content/drive/MyDrive/CD2_DSA/raw/val/images/7530_20210622_3_1_a9_3_2_13_1_209.jpg,1,1
170850_20210624_3_0_0_5_2_13_0_44,/content/drive/MyDrive/CD2_DSA/raw/val/images/170850_20210624_3_0_0_5_2_13_0_44.jpg,0,0
308521_20210914_3_0_0_3_2_11_0_421,/content/drive/MyDrive/CD2_DSA/raw/val/images/308521_20210914_3_0_0_3_2_11_0_421.jpg,0,0
307785_20210914_3_0_0_3_2_11_0_385,/content/drive/MyDrive/CD2_DSA/raw/val/images/307785_20210914_3_0_0_3_2_11_0_385.jpg,0,0
125134_20210624_3_0_0_1_2_13_0_165,/content/drive/MyDrive/CD2_DSA/raw/val/images/125134_20210624_3_0_0_1_2_13_0_165.jpg,0,0
15359_20210622_3_1_a9_3_2_13_3_63,/content/drive/MyDrive/CD2_DSA/raw/val/images/15359_20210622_3_1_a9_3_2_13_3_63.jpg,1,1
83507_20210708_3_0_0_1_2_13_0_1,/content/drive/MyDrive/CD2_DSA/raw/val/images/83507_20210708_3_0_0_1_2_13_0_1.jpg,0,0
308775_20210914_3_0_0_5_2_11_0_251,/content/drive/MyDrive/CD2_DSA/raw/val/images/308775_20210914_3_0_0_5_2_11_0_251.jpg,0,0
5616_20210622_3_1_a9_3_2_13_1_1,/content/drive/MyDrive/CD2_DSA/raw/val/images/5616_20210622_3_1_a9_3_2_13_1_1.jpg,1,1
16263_20210706_3_1_a9_3_2_13_2_193,/content/drive/MyDrive/CD2_DSA/raw/val/images/16263_20210706_3_1_a9_3_2_13_2_193.jpg,1,1
83258_20210624_3_0_0_1_2_13_0_171,/content/drive/MyDrive/CD2_DSA/raw/val/images/83258_20210624_3_0_0_1_2_13_0_171.jpg,0,0
6838_20210624_3_0_0_1_2_13_0_63,/content/drive/MyDrive/CD2_DSA/raw/val/images/6838_20210624_3_0_0_1_2_13_0_63.jpg,0,0
16674_20210706_3_1_a9_3_2_13_2_525,/content/drive/MyDrive/CD2_DSA/raw/val/images/16674_20210706_3_1_a9_3_2_13_2_525.jpg,1,1
17038_20210622_3_1_a9_3_2_13_1_159,/content/drive/MyDrive/CD2_DSA/raw/val/images/17038_20210622_3_1_a9_3_2_13_1_159.jpg,1,0
312100_20210914_3_0_0_3_2_11_0_223,/content/drive/MyDrive/CD2_DSA/raw/val/images/312100_20210914_3_0_0_3_2_11_0_223.jpg,0,0
308435_20210914_3_0_0_3_2_11_0_335,/content/drive/MyDrive/CD2_DSA/raw/val/images/308435_20210914_3_0_0_3_2_11_0_335.jpg,0,0
95507_20210624_3_0_0_1_2_13_0_173,/content/drive/MyDrive/CD2_DSA/raw/val/images/95507_20210624_3_0_0_1_2_13_0_173.jpg,0,0
34060_20210624_3_0_0_3_2_13_0_8,/content/drive/MyDrive/CD2_DSA/raw/val/images/34060_20210624_3_0_0_3_2_13_0_8.jpg,0,0
1007_20210624_3_0_0_1_2_13_0_62,/content/drive/MyDrive/CD2_DSA/raw/val/images/1007_20210624_3_0_0_1_2_13_0_62.jpg,0,0
1731_20210622_3_1_a9_3_2_13_2_303,/content/drive/MyDrive/CD2_DSA/raw/val/images/1731_20210622_3_1_a9_3_2_13_2_303.jpg,1,0
16118_20210706_3_1_a9_3_2_13_2_128,/content/drive/MyDrive/CD2_DSA/raw/val/images/16118_20210706_3_1_a9_3_2_13_2_128.jpg,1,1
15608_20210706_3_1_a9_3_2_13_3_39,/content/drive/MyDrive/CD2_DSA/raw/val/images/15608_20210706_3_1_a9_3_2_13_3_39.jpg,1,1
308792_20210914_3_0_0_5_2_11_0_268,/content/drive/MyDrive/CD2_DSA/raw/val/images/308792_20210914_3_0_0_5_2_11_0_268.jpg,0,0
307962_20210914_3_0_0_5_2_11_0_159,/content/drive/MyDrive/CD2_DSA/raw/val/images/307962_20210914_3_0_0_5_2_11_0_159.jpg,0,0
49061_20210624_3_0_0_1_2_13_0_135,/content/drive/MyDrive/CD2_DSA/raw/val/images/49061_20210624_3_0_0_1_2_13_0_135.jpg,0,0
49068_20210624_3_0_0_1_2_13_0_142,/content/drive/MyDrive/CD2_DSA/raw/val/images/49068_20210624_3_0_0_1_2_13_0_142.jpg,0,0
3379_20210629_3_1_a9_3_2_13_1_134,/content/drive/MyDrive/CD2_DSA/raw/val/images/3379_20210629_3_1_a9_3_2_13_1_134.jpg,1,1
304117_20210913_3_0_0_3_2_11_0_354,/content/drive/MyDrive/CD2_DSA/raw/val/images/304117_20210913_3_0_0_3_2_11_0_354.jpg,0,0
15781_20210622_3_1_a9_3_2_13_2_22,/content/drive/MyDrive/CD2_DSA/raw/val/images/15781_20210622_3_1_a9_3_2_13_2_22.jpg,1,1
83247_20210624_3_0_0_1_2_13_0_160,/content/drive/MyDrive/CD2_DSA/raw/val/images/83247_20210624_3_0_0_1_2_13_0_160.jpg,0,0
3619_20210629_3_1_a9_3_2_13_1_268,/content/drive/MyDrive/CD2_DSA/raw/val/images/3619_20210629_3_1_a9_3_2_13_1_268.jpg,1,1
311932_20210914_3_0_0_3_2_11_0_55,/content/drive/MyDrive/CD2_DSA/raw/val/images/311932_20210914_3_0_0_3_2_11_0_55.jpg,0,0
25679_20210624_3_0_0_5_2_13_0_103,/content/drive/MyDrive/CD2_DSA/raw/val/images/25679_20210624_3_0_0_5_2_13_0_103.jpg,0,0
10515_20210624_3_0_0_3_2_13_0_21,/content/drive/MyDrive/CD2_DSA/raw/val/images/10515_20210624_3_0_0_3_2_13_0_21.jpg,0,0
4732_20210622_3_1_a9_3_2_13_2_100,/content/drive/MyDrive/CD2_DSA/raw/val/images/4732_20210622_3_1_a9_3_2_13_2_100.jpg,1,1
1620_20210622_3_1_a9_3_2_13_2_192,/content/drive/MyDrive/CD2_DSA/raw/val/images/1620_20210622_3_1_a9_3_2_13_2_192.jpg,1,1
15416_20210622_3_1_a9_3_2_13_3_120,/content/drive/MyDrive/CD2_DSA/raw/val/images/15416_20210622_3_1_a9_3_2_13_3_120.jpg,1,1
308753_20210914_3_0_0_5_2_11_0_229,/content/drive/MyDrive/CD2_DSA/raw/val/images/308753_20210914_3_0_0_5_2_11_0_229.jpg,0,0
311695_20210803_3_0_0_3_2_11_0_27,/content/drive/MyDrive/CD2_DSA/raw/val/images/311695_20210803_3_0_0_3_2_11_0_27.jpg,0,0
5993_20210622_3_1_a9_3_2_13_1_62,/content/drive/MyDrive/CD2_DSA/raw/val/images/5993_20210622_3_1_a9_3_2_13_1_62.jpg,1,1
307803_20210914_3_0_0_5_2_11_0_0,/content/drive/MyDrive/CD2_DSA/raw/val/images/307803_20210914_3_0_0_5_2_11_0_0.jpg,0,0
312092_20210914_3_0_0_3_2_11_0_215,/content/drive/MyDrive/CD2_DSA/raw/val/images/312092_20210914_3_0_0_3_2_11_0_215.jpg,0,0
12524_20210624_3_0_0_1_2_13_0_165,/content/drive/MyDrive/CD2_DSA/raw/val/images/12524_20210624_3_0_0_1_2_13_0_165.jpg,0,0
2326_20210624_3_0_0_3_2_13_0_13,/content/drive/MyDrive/CD2_DSA/raw/val/images/2326_20210624_3_0_0_3_2_13_0_13.jpg,0,0
16901_20210622_3_1_a9_3_2_13_1_61,/content/drive/MyDrive/CD2_DSA/raw/val/images/16901_20210622_3_1_a9_3_2_13_1_61.jpg,1,0
304042_20210913_3_0_0_3_2_11_0_279,/content/drive/MyDrive/CD2_DSA/raw/val/images/304042_20210913_3_0_0_3_2_11_0_279.jpg,0,0
312081_20210914_3_0_0_3_2_11_0_204,/content/drive/MyDrive/CD2_DSA/raw/val/images/312081_20210914_3_0_0_3_2_11_0_204.jpg,0,0
16832_20210713_3_1_a9_3_2_13_3_94,/content/drive/MyDrive/CD2_DSA/raw/val/images/16832_20210713_3_1_a9_3_2_13_3_94.jpg,1,0
86567_20210624_3_0_0_1_2_13_0_136,/content/drive/MyDrive/CD2_DSA/raw/val/images/86567_20210624_3_0_0_1_2_13_0_136.jpg,0,0
16829_20210713_3_1_a9_3_2_13_3_91,/content/drive/MyDrive/CD2_DSA/raw/val/images/16829_20210713_3_1_a9_3_2_13_3_91.jpg,1,0
308413_20210914_3_0_0_3_2_11_0_313,/content/drive/MyDrive/CD2_DSA/raw/val/images/308413_20210914_3_0_0_3_2_11_0_313.jpg,0,0
638_20210622_3_1_a9_3_2_13_1_3,/content/drive/MyDrive/CD2_DSA/raw/val/images/638_20210622_3_1_a9_3_2_13_1_3.jpg,1,1
308860_20210914_3_0_0_5_2_11_0_336,/content/drive/MyDrive/CD2_DSA/raw/val/images/308860_20210914_3_0_0_5_2_11_0_336.jpg,0,0
7165_20210624_3_0_0_1_2_13_0_209,/content/drive/MyDrive/CD2_DSA/raw/val/images/7165_20210624_3_0_0_1_2_13_0_209.jpg,0,0
16577_20210706_3_1_a9_3_2_13_2_428,/content/drive/MyDrive/CD2_DSA/raw/val/images/16577_20210706_3_1_a9_3_2_13_2_428.jpg,1,0
16068_20210706_3_1_a9_3_2_13_2_78,/content/drive/MyDrive/CD2_DSA/raw/val/images/16068_20210706_3_1_a9_3_2_13_2_78.jpg,1,1
15692_20210706_3_1_a9_3_2_13_3_123,/content/drive/MyDrive/CD2_DSA/raw/val/images/15692_20210706_3_1_a9_3_2_13_3_123.jpg,1,1
125687_20210624_3_0_0_2_2_13_0_91,/content/drive/MyDrive/CD2_DSA/raw/val/images/125687_20210624_3_0_0_2_2_13_0_91.jpg,0,0
1136_20210624_3_0_0_1_2_13_0_191,/content/drive/MyDrive/CD2_DSA/raw/val/images/1136_20210624_3_0_0_1_2_13_0_191.jpg,0,0
67487_20210624_3_0_0_1_2_13_0_88,/content/drive/MyDrive/CD2_DSA/raw/val/images/67487_20210624_3_0_0_1_2_13_0_88.jpg,0,0
86539_20210624_3_0_0_1_2_13_0_108,/content/drive/MyDrive/CD2_DSA/raw/val/images/86539_20210624_3_0_0_1_2_13_0_108.jpg,0,0
3713_20210629_3_1_a9_3_2_13_2_92,/content/drive/MyDrive/CD2_DSA/raw/val/images/3713_20210629_3_1_a9_3_2_13_2_92.jpg,1,1
5865_20210622_3_1_a9_3_2_13_1_54,/content/drive/MyDrive/CD2_DSA/raw/val/images/5865_20210622_3_1_a9_3_2_13_1_54.jpg,1,1
16566_20210706_3_1_a9_3_2_13_2_417,/content/drive/MyDrive/CD2_DSA/raw/val/images/16566_20210706_3_1_a9_3_2_13_2_417.jpg,1,1
25362_20210624_3_0_0_5_2_13_0_87,/content/drive/MyDrive/CD2_DSA/raw/val/images/25362_20210624_3_0_0_5_2_13_0_87.jpg,0,0
125649_20210624_3_0_0_2_2_13_0_53,/content/drive/MyDrive/CD2_DSA/raw/val/images/125649_20210624_3_0_0_2_2_13_0_53.jpg,0,0
6773_20210622_3_1_a9_3_2_13_1_169,/content/drive/MyDrive/CD2_DSA/raw/val/images/6773_20210622_3_1_a9_3_2_13_1_169.jpg,1,0
86542_20210624_3_0_0_1_2_13_0_111,/content/drive/MyDrive/CD2_DSA/raw/val/images/86542_20210624_3_0_0_1_2_13_0_111.jpg,0,0
308429_20210914_3_0_0_3_2_11_0_329,/content/drive/MyDrive/CD2_DSA/raw/val/images/308429_20210914_3_0_0_3_2_11_0_329.jpg,0,0
304325_20210913_3_0_0_3_2_11_0_562,/content/drive/MyDrive/CD2_DSA/raw/val/images/304325_20210913_3_0_0_3_2_11_0_562.jpg,0,0
15993_20210706_3_1_a9_3_2_13_2_3,/content/drive/MyDrive/CD2_DSA/raw/val/images/15993_20210706_3_1_a9_3_2_13_2_3.jpg,1,1
4511_20210622_3_1_a9_3_2_13_2_79,/content/drive/MyDrive/CD2_DSA/raw/val/images/4511_20210622_3_1_a9_3_2_13_2_79.jpg,1,1
308077_20210914_3_0_0_5_2_11_0_274,/content/drive/MyDrive/CD2_DSA/raw/val/images/308077_20210914_3_0_0_5_2_11_0_274.jpg,0,0
64654_20210624_3_0_0_1_2_13_0_18,/content/drive/MyDrive/CD2_DSA/raw/val/images/64654_20210624_3_0_0_1_2_13_0_18.jpg,0,0
83251_20210624_3_0_0_1_2_13_0_164,/content/drive/MyDrive/CD2_DSA/raw/val/images/83251_20210624_3_0_0_1_2_13_0_164.jpg,0,0
308019_20210914_3_0_0_5_2_11_0_216,/content/drive/MyDrive/CD2_DSA/raw/val/images/308019_20210914_3_0_0_5_2_11_0_216.jpg,0,0
16275_20210706_3_1_a9_3_2_13_2_205,/content/drive/MyDrive/CD2_DSA/raw/val/images/16275_20210706_3_1_a9_3_2_13_2_205.jpg,1,1
25669_20210624_3_0_0_5_2_13_0_93,/content/drive/MyDrive/CD2_DSA/raw/val/images/25669_20210624_3_0_0_5_2_13_0_93.jpg,0,0
15600_20210706_3_1_a9_3_2_13_3_31,/content/drive/MyDrive/CD2_DSA/raw/val/images/15600_20210706_3_1_a9_3_2_13_3_31.jpg,1,1
86852_20210624_3_0_0_1_2_13_0_177,/content/drive/MyDrive/CD2_DSA/raw/val/images/86852_20210624_3_0_0_1_2_13_0_177.jpg,0,0
304168_20210913_3_0_0_3_2_11_0_405,/content/drive/MyDrive/CD2_DSA/raw/val/images/304168_20210913_3_0_0_3_2_11_0_405.jpg,0,0
3670_20210629_3_1_a9_3_2_13_2_49,/content/drive/MyDrive/CD2_DSA/raw/val/images/3670_20210629_3_1_a9_3_2_13_2_49.jpg,1,1
15364_20210622_3_1_a9_3_2_13_3_68,/content/drive/MyDrive/CD2_DSA/raw/val/images/15364_20210622_3_1_a9_3_2_13_3_68.jpg,1,0
7134_20210624_3_0_0_1_2_13_0_178,/content/drive/MyDrive/CD2_DSA/raw/val/images/7134_20210624_3_0_0_1_2_13_0_178.jpg,0,0
311911_20210914_3_0_0_3_2_11_0_34,/content/drive/MyDrive/CD2_DSA/raw/val/images/311911_20210914_3_0_0_3_2_11_0_34.jpg,0,0
15659_20210706_3_1_a9_3_2_13_3_90,/content/drive/MyDrive/CD2_DSA/raw/val/images/15659_20210706_3_1_a9_3_2_13_3_90.jpg,1,0
15795_20210622_3_1_a9_3_2_13_2_36,/content/drive/MyDrive/CD2_DSA/raw/val/images/15795_20210622_3_1_a9_3_2_13_2_36.jpg,1,1
308781_20210914_3_0_0_5_2_11_0_257,/content/drive/MyDrive/CD2_DSA/raw/val/images/308781_20210914_3_0_0_5_2_11_0_257.jpg,0,0
304159_20210913_3_0_0_3_2_11_0_396,/content/drive/MyDrive/CD2_DSA/raw/val/images/304159_20210913_3_0_0_3_2_11_0_396.jpg,0,0
86377_20210624_3_0_0_1_2_13_0_46,/content/drive/MyDrive/CD2_DSA/raw/val/images/86377_20210624_3_0_0_1_2_13_0_46.jpg,0,0
304158_20210913_3_0_0_3_2_11_0_395,/content/drive/MyDrive/CD2_DSA/raw/val/images/304158_20210913_3_0_0_3_2_11_0_395.jpg,0,0
312109_20210914_3_0_0_3_2_11_0_232,/content/drive/MyDrive/CD2_DSA/raw/val/images/312109_20210914_3_0_0_3_2_11_0_232.jpg,0,0
3380_20210629_3_1_a9_3_2_13_1_135,/content/drive/MyDrive/CD2_DSA/raw/val/images/3380_20210629_3_1_a9_3_2_13_1_135.jpg,1,1
3783_20210629_3_1_a9_3_2_13_2_113,/content/drive/MyDrive/CD2_DSA/raw/val/images/3783_20210629_3_1_a9_3_2_13_2_113.jpg,1,1
95187_20210624_3_0_0_1_2_13_0_8,/content/drive/MyDrive/CD2_DSA/raw/val/images/95187_20210624_3_0_0_1_2_13_0_8.jpg,0,0
15468_20210622_3_1_a9_3_2_13_3_172,/content/drive/MyDrive/CD2_DSA/raw/val/images/15468_20210622_3_1_a9_3_2_13_3_172.jpg,1,1
3859_20210629_3_1_a9_3_2_13_3_68,/content/drive/MyDrive/CD2_DSA/raw/val/images/3859_20210629_3_1_a9_3_2_13_3_68.jpg,1,1
67631_20210624_3_0_0_1_2_13_0_202,/content/drive/MyDrive/CD2_DSA/raw/val/images/67631_20210624_3_0_0_1_2_13_0_202.jpg,0,0
1470_20210622_3_1_a9_3_2_13_2_42,/content/drive/MyDrive/CD2_DSA/raw/val/images/1470_20210622_3_1_a9_3_2_13_2_42.jpg,1,1
307790_20210914_3_0_0_3_2_11_0_390,/content/drive/MyDrive/CD2_DSA/raw/val/images/307790_20210914_3_0_0_3_2_11_0_390.jpg,0,0
307907_20210914_3_0_0_5_2_11_0_104,/content/drive/MyDrive/CD2_DSA/raw/val/images/307907_20210914_3_0_0_5_2_11_0_104.jpg,0,0
32330_20210624_3_0_0_4_2_13_0_33,/content/drive/MyDrive/CD2_DSA/raw/val/images/32330_20210624_3_0_0_4_2_13_0_33.jpg,0,0
67529_20210624_3_0_0_1_2_13_0_130,/content/drive/MyDrive/CD2_DSA/raw/val/images/67529_20210624_3_0_0_1_2_13_0_130.jpg,0,0
308381_20210914_3_0_0_3_2_11_0_281,/content/drive/MyDrive/CD2_DSA/raw/val/images/308381_20210914_3_0_0_3_2_11_0_281.jpg,0,0
955_20210624_3_0_0_1_2_13_0_10,/content/drive/MyDrive/CD2_DSA/raw/val/images/955_20210624_3_0_0_1_2_13_0_10.jpg,0,0
3618_20210629_3_1_a9_3_2_13_1_267,/content/drive/MyDrive/CD2_DSA/raw/val/images/3618_20210629_3_1_a9_3_2_13_1_267.jpg,1,0
86575_20210624_3_0_0_1_2_13_0_144,/content/drive/MyDrive/CD2_DSA/raw/val/images/86575_20210624_3_0_0_1_2_13_0_144.jpg,0,0
307794_20210914_3_0_0_3_2_11_0_394,/content/drive/MyDrive/CD2_DSA/raw/val/images/307794_20210914_3_0_0_3_2_11_0_394.jpg,0,0
83264_20210624_3_0_0_1_2_13_0_177,/content/drive/MyDrive/CD2_DSA/raw/val/images/83264_20210624_3_0_0_1_2_13_0_177.jpg,0,0
311926_20210914_3_0_0_3_2_11_0_49,/content/drive/MyDrive/CD2_DSA/raw/val/images/311926_20210914_3_0_0_3_2_11_0_49.jpg,0,0
26099_20210624_3_0_0_5_2_13_0_148,/content/drive/MyDrive/CD2_DSA/raw/val/images/26099_20210624_3_0_0_5_2_13_0_148.jpg,0,0
4194_20210622_3_1_a9_3_2_13_2_25,/content/drive/MyDrive/CD2_DSA/raw/val/images/4194_20210622_3_1_a9_3_2_13_2_25.jpg,1,1
16229_20210706_3_1_a9_3_2_13_2_159,/content/drive/MyDrive/CD2_DSA/raw/val/images/16229_20210706_3_1_a9_3_2_13_2_159.jpg,1,1
1626_20210622_3_1_a9_3_2_13_2_198,/content/drive/MyDrive/CD2_DSA/raw/val/images/1626_20210622_3_1_a9_3_2_13_2_198.jpg,1,1
308766_20210914_3_0_0_5_2_11_0_242,/content/drive/MyDrive/CD2_DSA/raw/val/images/308766_20210914_3_0_0_5_2_11_0_242.jpg,0,0
1527_20210622_3_1_a9_3_2_13_2_99,/content/drive/MyDrive/CD2_DSA/raw/val/images/1527_20210622_3_1_a9_3_2_13_2_99.jpg,1,1
12107_20210624_3_0_0_1_2_13_0_152,/content/drive/MyDrive/CD2_DSA/raw/val/images/12107_20210624_3_0_0_1_2_13_0_152.jpg,0,0
125658_20210624_3_0_0_2_2_13_0_62,/content/drive/MyDrive/CD2_DSA/raw/val/images/125658_20210624_3_0_0_2_2_13_0_62.jpg,0,0
311967_20210914_3_0_0_3_2_11_0_90,/content/drive/MyDrive/CD2_DSA/raw/val/images/311967_20210914_3_0_0_3_2_11_0_90.jpg,0,0
304151_20210913_3_0_0_3_2_11_0_388,/content/drive/MyDrive/CD2_DSA/raw/val/images/304151_20210913_3_0_0_3_2_11_0_388.jpg,0,0
108263_20210624_3_0_0_2_2_13_0_136,/content/drive/MyDrive/CD2_DSA/raw/val/images/108263_20210624_3_0_0_2_2_13_0_136.jpg,0,0
16815_20210713_3_1_a9_3_2_13_3_77,/content/drive/MyDrive/CD2_DSA/raw/val/images/16815_20210713_3_1_a9_3_2_13_3_77.jpg,1,0
95492_20210624_3_0_0_1_2_13_0_158,/content/drive/MyDrive/CD2_DSA/raw/val/images/95492_20210624_3_0_0_1_2_13_0_158.jpg,0,0
9152_20210624_3_0_0_2_2_13_0_146,/content/drive/MyDrive/CD2_DSA/raw/val/images/9152_20210624_3_0_0_2_2_13_0_146.jpg,0,0
128832_20210624_3_0_0_1_2_13_0_22,/content/drive/MyDrive/CD2_DSA/raw/val/images/128832_20210624_3_0_0_1_2_13_0_22.jpg,0,0
308597_20210914_3_0_0_5_2_11_0_73,/content/drive/MyDrive/CD2_DSA/raw/val/images/308597_20210914_3_0_0_5_2_11_0_73.jpg,0,0
308823_20210914_3_0_0_5_2_11_0_299,/content/drive/MyDrive/CD2_DSA/raw/val/images/308823_20210914_3_0_0_5_2_11_0_299.jpg,0,0
26094_20210624_3_0_0_5_2_13_0_143,/content/drive/MyDrive/CD2_DSA/raw/val/images/26094_20210624_3_0_0_5_2_13_0_143.jpg,0,0
26120_20210624_3_0_0_5_2_13_0_169,/content/drive/MyDrive/CD2_DSA/raw/val/images/26120_20210624_3_0_0_5_2_13_0_169.jpg,0,0
6813_20210624_3_0_0_1_2_13_0_38,/content/drive/MyDrive/CD2_DSA/raw/val/images/6813_20210624_3_0_0_1_2_13_0_38.jpg,0,0
307743_20210914_3_0_0_3_2_11_0_343,/content/drive/MyDrive/CD2_DSA/raw/val/images/307743_20210914_3_0_0_3_2_11_0_343.jpg,0,0
308299_20210914_3_0_0_3_2_11_0_199,/content/drive/MyDrive/CD2_DSA/raw/val/images/308299_20210914_3_0_0_3_2_11_0_199.jpg,0,0
308863_20210914_3_0_0_5_2_11_0_339,/content/drive/MyDrive/CD2_DSA/raw/val/images/308863_20210914_3_0_0_5_2_11_0_339.jpg,0,0
308850_20210914_3_0_0_5_2_11_0_326,/content/drive/MyDrive/CD2_DSA/raw/val/images/308850_20210914_3_0_0_5_2_11_0_326.jpg,0,0
308075_20210914_3_0_0_5_2_11_0_272,/content/drive/MyDrive/CD2_DSA/raw/val/images/308075_20210914_3_0_0_5_2_11_0_272.jpg,0,0
106537_20210624_3_0_0_1_2_13_0_134,/content/drive/MyDrive/CD2_DSA/raw/val/images/106537_20210624_3_0_0_1_2_13_0_134.jpg,0,0
86791_20210624_3_0_0_5_2_13_0_160,/content/drive/MyDrive/CD2_DSA/raw/val/images/86791_20210624_3_0_0_5_2_13_0_160.jpg,0,0
125652_20210624_3_0_0_2_2_13_0_56,/content/drive/MyDrive/CD2_DSA/raw/val/images/125652_20210624_3_0_0_2_2_13_0_56.jpg,0,0
15390_20210622_3_1_a9_3_2_13_3_94,/content/drive/MyDrive/CD2_DSA/raw/val/images/15390_20210622_3_1_a9_3_2_13_3_94.jpg,1,1
3749_20210622_3_1_a9_3_2_13_3_27,/content/drive/MyDrive/CD2_DSA/raw/val/images/3749_20210622_3_1_a9_3_2_13_3_27.jpg,1,1
3685_20210629_3_1_a9_3_2_13_2_64,/content/drive/MyDrive/CD2_DSA/raw/val/images/3685_20210629_3_1_a9_3_2_13_2_64.jpg,1,1
16534_20210706_3_1_a9_3_2_13_3_49,/content/drive/MyDrive/CD2_DSA/raw/val/images/16534_20210706_3_1_a9_3_2_13_3_49.jpg,1,0
1563_20210622_3_1_a9_3_2_13_2_135,/content/drive/MyDrive/CD2_DSA/raw/val/images/1563_20210622_3_1_a9_3_2_13_2_135.jpg,1,1
7104_20210624_3_0_0_1_2_13_0_148,/content/drive/MyDrive/CD2_DSA/raw/val/images/7104_20210624_3_0_0_1_2_13_0_148.jpg,0,0
16555_20210706_3_1_a9_3_2_13_2_406,/content/drive/MyDrive/CD2_DSA/raw/val/images/16555_20210706_3_1_a9_3_2_13_2_406.jpg,1,1
1652_20210622_3_1_a9_3_2_13_2_224,/content/drive/MyDrive/CD2_DSA/raw/val/images/1652_20210622_3_1_a9_3_2_13_2_224.jpg,1,1
307528_20210914_3_0_0_3_2_11_0_128,/content/drive/MyDrive/CD2_DSA/raw/val/images/307528_20210914_3_0_0_3_2_11_0_128.jpg,0,0
16432_20210706_3_1_a9_3_2_13_2_348,/content/drive/MyDrive/CD2_DSA/raw/val/images/16432_20210706_3_1_a9_3_2_13_2_348.jpg,1,1
304134_20210913_3_0_0_3_2_11_0_371,/content/drive/MyDrive/CD2_DSA/raw/val/images/304134_20210913_3_0_0_3_2_11_0_371.jpg,0,0
95246_20210624_3_0_0_1_2_13_0_67,/content/drive/MyDrive/CD2_DSA/raw/val/images/95246_20210624_3_0_0_1_2_13_0_67.jpg,0,0
3797_20210629_3_1_a9_3_2_13_3_6,/content/drive/MyDrive/CD2_DSA/raw/val/images/3797_20210629_3_1_a9_3_2_13_3_6.jpg,1,1
11562_20210624_3_0_0_1_2_13_0_117,/content/drive/MyDrive/CD2_DSA/raw/val/images/11562_20210624_3_0_0_1_2_13_0_117.jpg,0,0
49059_20210624_3_0_0_1_2_13_0_133,/content/drive/MyDrive/CD2_DSA/raw/val/images/49059_20210624_3_0_0_1_2_13_0_133.jpg,0,0
3818_20210629_3_1_a9_3_2_13_3_27,/content/drive/MyDrive/CD2_DSA/raw/val/images/3818_20210629_3_1_a9_3_2_13_3_27.jpg,1,1
67542_20210624_3_0_0_1_2_13_0_143,/content/drive/MyDrive/CD2_DSA/raw/val/images/67542_20210624_3_0_0_1_2_13_0_143.jpg,0,0
6787_20210624_3_0_0_1_2_13_0_12,/content/drive/MyDrive/CD2_DSA/raw/val/images/6787_20210624_3_0_0_1_2_13_0_12.jpg,0,0
1041_20210624_3_0_0_1_2_13_0_96,/content/drive/MyDrive/CD2_DSA/raw/val/images/1041_20210624_3_0_0_1_2_13_0_96.jpg,0,0
108267_20210624_3_0_0_2_2_13_0_140,/content/drive/MyDrive/CD2_DSA/raw/val/images/108267_20210624_3_0_0_2_2_13_0_140.jpg,0,0
106547_20210624_3_0_0_1_2_13_0_144,/content/drive/MyDrive/CD2_DSA/raw/val/images/106547_20210624_3_0_0_1_2_13_0_144.jpg,0,0
304132_20210913_3_0_0_3_2_11_0_369,/content/drive/MyDrive/CD2_DSA/raw/val/images/304132_20210913_3_0_0_3_2_11_0_369.jpg,0,0
304064_20210913_3_0_0_3_2_11_0_301,/content/drive/MyDrive/CD2_DSA/raw/val/images/304064_20210913_3_0_0_3_2_11_0_301.jpg,0,0
125144_20210624_3_0_0_1_2_13_0_175,/content/drive/MyDrive/CD2_DSA/raw/val/images/125144_20210624_3_0_0_1_2_13_0_175.jpg,0,0
123842_20210624_3_0_0_4_2_13_0_6,/content/drive/MyDrive/CD2_DSA/raw/val/images/123842_20210624_3_0_0_4_2_13_0_6.jpg,0,0
15648_20210706_3_1_a9_3_2_13_3_79,/content/drive/MyDrive/CD2_DSA/raw/val/images/15648_20210706_3_1_a9_3_2_13_3_79.jpg,1,1
308553_20210914_3_0_0_5_2_11_0_29,/content/drive/MyDrive/CD2_DSA/raw/val/images/308553_20210914_3_0_0_5_2_11_0_29.jpg,0,0
124652_20210624_3_0_0_1_2_13_0_3,/content/drive/MyDrive/CD2_DSA/raw/val/images/124652_20210624_3_0_0_1_2_13_0_3.jpg,0,0
16985_20210622_3_1_a9_3_2_13_1_106,/content/drive/MyDrive/CD2_DSA/raw/val/images/16985_20210622_3_1_a9_3_2_13_1_106.jpg,1,0
16610_20210706_3_1_a9_3_2_13_2_461,/content/drive/MyDrive/CD2_DSA/raw/val/images/16610_20210706_3_1_a9_3_2_13_2_461.jpg,1,0
7605_20210622_3_1_a9_3_2_13_1_217,/content/drive/MyDrive/CD2_DSA/raw/val/images/7605_20210622_3_1_a9_3_2_13_1_217.jpg,1,1
108280_20210624_3_0_0_2_2_13_0_153,/content/drive/MyDrive/CD2_DSA/raw/val/images/108280_20210624_3_0_0_2_2_13_0_153.jpg,0,0
6455_20210622_3_1_a9_3_2_13_1_104,/content/drive/MyDrive/CD2_DSA/raw/val/images/6455_20210622_3_1_a9_3_2_13_1_104.jpg,1,1
17069_20210622_3_1_a9_3_2_13_1_190,/content/drive/MyDrive/CD2_DSA/raw/val/images/17069_20210622_3_1_a9_3_2_13_1_190.jpg,1,0
307874_20210914_3_0_0_5_2_11_0_71,/content/drive/MyDrive/CD2_DSA/raw/val/images/307874_20210914_3_0_0_5_2_11_0_71.jpg,0,0
108325_20210624_3_0_0_2_2_13_0_198,/content/drive/MyDrive/CD2_DSA/raw/val/images/108325_20210624_3_0_0_2_2_13_0_198.jpg,0,0
106213_20210624_3_0_0_1_2_13_0_10,/content/drive/MyDrive/CD2_DSA/raw/val/images/106213_20210624_3_0_0_1_2_13_0_10.jpg,0,0
15470_20210622_3_1_a9_3_2_13_3_174,/content/drive/MyDrive/CD2_DSA/raw/val/images/15470_20210622_3_1_a9_3_2_13_3_174.jpg,1,1
7528_20210622_3_1_a9_3_2_13_1_207,/content/drive/MyDrive/CD2_DSA/raw/val/images/7528_20210622_3_1_a9_3_2_13_1_207.jpg,1,1
67596_20210624_3_0_0_1_2_13_0_167,/content/drive/MyDrive/CD2_DSA/raw/val/images/67596_20210624_3_0_0_1_2_13_0_167.jpg,0,0
307893_20210914_3_0_0_5_2_11_0_90,/content/drive/MyDrive/CD2_DSA/raw/val/images/307893_20210914_3_0_0_5_2_11_0_90.jpg,0,0
95446_20210624_3_0_0_1_2_13_0_112,/content/drive/MyDrive/CD2_DSA/raw/val/images/95446_20210624_3_0_0_1_2_13_0_112.jpg,0,0
124663_20210624_3_0_0_1_2_13_0_14,/content/drive/MyDrive/CD2_DSA/raw/val/images/124663_20210624_3_0_0_1_2_13_0_14.jpg,0,0
894_20210622_3_1_a9_3_2_13_3_92,/content/drive/MyDrive/CD2_DSA/raw/val/images/894_20210622_3_1_a9_3_2_13_3_92.jpg,1,1
125645_20210624_3_0_0_2_2_13_0_49,/content/drive/MyDrive/CD2_DSA/raw/val/images/125645_20210624_3_0_0_2_2_13_0_49.jpg,0,0
15665_20210706_3_1_a9_3_2_13_3_96,/content/drive/MyDrive/CD2_DSA/raw/val/images/15665_20210706_3_1_a9_3_2_13_3_96.jpg,1,1
4314_20210622_3_1_a9_3_2_13_2_45,/content/drive/MyDrive/CD2_DSA/raw/val/images/4314_20210622_3_1_a9_3_2_13_2_45.jpg,1,1
15482_20210622_3_1_a9_3_2_13_3_186,/content/drive/MyDrive/CD2_DSA/raw/val/images/15482_20210622_3_1_a9_3_2_13_3_186.jpg,1,1
304118_20210913_3_0_0_3_2_11_0_355,/content/drive/MyDrive/CD2_DSA/raw/val/images/304118_20210913_3_0_0_3_2_11_0_355.jpg,0,0
16398_20210706_3_1_a9_3_2_13_2_314,/content/drive/MyDrive/CD2_DSA/raw/val/images/16398_20210706_3_1_a9_3_2_13_2_314.jpg,1,1
16558_20210706_3_1_a9_3_2_13_2_409,/content/drive/MyDrive/CD2_DSA/raw/val/images/16558_20210706_3_1_a9_3_2_13_2_409.jpg,1,1
7777_20210622_3_1_a9_3_2_13_1_228,/content/drive/MyDrive/CD2_DSA/raw/val/images/7777_20210622_3_1_a9_3_2_13_1_228.jpg,1,1
308221_20210914_3_0_0_3_2_11_0_121,/content/drive/MyDrive/CD2_DSA/raw/val/images/308221_20210914_3_0_0_3_2_11_0_121.jpg,0,0
307618_20210914_3_0_0_3_2_11_0_218,/content/drive/MyDrive/CD2_DSA/raw/val/images/307618_20210914_3_0_0_3_2_11_0_218.jpg,0,0
95520_20210624_3_0_0_1_2_13_0_186,/content/drive/MyDrive/CD2_DSA/raw/val/images/95520_20210624_3_0_0_1_2_13_0_186.jpg,0,0
86877_20210624_3_0_0_1_2_13_0_202,/content/drive/MyDrive/CD2_DSA/raw/val/images/86877_20210624_3_0_0_1_2_13_0_202.jpg,0,0
16584_20210706_3_1_a9_3_2_13_2_435,/content/drive/MyDrive/CD2_DSA/raw/val/images/16584_20210706_3_1_a9_3_2_13_2_435.jpg,1,1
304086_20210913_3_0_0_3_2_11_0_323,/content/drive/MyDrive/CD2_DSA/raw/val/images/304086_20210913_3_0_0_3_2_11_0_323.jpg,0,0
14589_20210624_3_0_0_3_2_13_0_101,/content/drive/MyDrive/CD2_DSA/raw/val/images/14589_20210624_3_0_0_3_2_13_0_101.jpg,0,0
15574_20210706_3_1_a9_3_2_13_3_5,/content/drive/MyDrive/CD2_DSA/raw/val/images/15574_20210706_3_1_a9_3_2_13_3_5.jpg,1,1
16064_20210706_3_1_a9_3_2_13_2_74,/content/drive/MyDrive/CD2_DSA/raw/val/images/16064_20210706_3_1_a9_3_2_13_2_74.jpg,1,1
82841_20210624_3_0_0_1_2_13_0_12,/content/drive/MyDrive/CD2_DSA/raw/val/images/82841_20210624_3_0_0_1_2_13_0_12.jpg,0,0
95440_20210624_3_0_0_1_2_13_0_106,/content/drive/MyDrive/CD2_DSA/raw/val/images/95440_20210624_3_0_0_1_2_13_0_106.jpg,0,0
16537_20210706_3_1_a9_3_2_13_3_52,/content/drive/MyDrive/CD2_DSA/raw/val/images/16537_20210706_3_1_a9_3_2_13_3_52.jpg,1,0
15135_20210622_3_1_a9_3_2_13_3_46,/content/drive/MyDrive/CD2_DSA/raw/val/images/15135_20210622_3_1_a9_3_2_13_3_46.jpg,1,1
4730_20210622_3_1_a9_3_2_13_2_98,/content/drive/MyDrive/CD2_DSA/raw/val/images/4730_20210622_3_1_a9_3_2_13_2_98.jpg,1,1
25702_20210624_3_0_0_5_2_13_0_126,/content/drive/MyDrive/CD2_DSA/raw/val/images/25702_20210624_3_0_0_5_2_13_0_126.jpg,0,0
308176_20210914_3_0_0_3_2_11_0_76,/content/drive/MyDrive/CD2_DSA/raw/val/images/308176_20210914_3_0_0_3_2_11_0_76.jpg,0,0
999_20210624_3_0_0_1_2_13_0_54,/content/drive/MyDrive/CD2_DSA/raw/val/images/999_20210624_3_0_0_1_2_13_0_54.jpg,0,0
66321_20210624_3_0_0_4_2_13_0_222,/content/drive/MyDrive/CD2_DSA/raw/val/images/66321_20210624_3_0_0_4_2_13_0_222.jpg,0,0
16511_20210706_3_1_a9_3_2_13_3_26,/content/drive/MyDrive/CD2_DSA/raw/val/images/16511_20210706_3_1_a9_3_2_13_3_26.jpg,1,1
15835_20210622_3_1_a9_3_2_13_2_76,/content/drive/MyDrive/CD2_DSA/raw/val/images/15835_20210622_3_1_a9_3_2_13_2_76.jpg,1,0
312001_20210914_3_0_0_3_2_11_0_124,/content/drive/MyDrive/CD2_DSA/raw/val/images/312001_20210914_3_0_0_3_2_11_0_124.jpg,0,0
304074_20210913_3_0_0_3_2_11_0_311,/content/drive/MyDrive/CD2_DSA/raw/val/images/304074_20210913_3_0_0_3_2_11_0_311.jpg,0,0
308740_20210914_3_0_0_5_2_11_0_216,/content/drive/MyDrive/CD2_DSA/raw/val/images/308740_20210914_3_0_0_5_2_11_0_216.jpg,0,0
95274_20210624_3_0_0_1_2_13_0_95,/content/drive/MyDrive/CD2_DSA/raw/val/images/95274_20210624_3_0_0_1_2_13_0_95.jpg,0,0
65889_20210624_3_0_0_4_2_13_0_20,/content/drive/MyDrive/CD2_DSA/raw/val/images/65889_20210624_3_0_0_4_2_13_0_20.jpg,0,0
1035_20210624_3_0_0_1_2_13_0_90,/content/drive/MyDrive/CD2_DSA/raw/val/images/1035_20210624_3_0_0_1_2_13_0_90.jpg,0,0
307804_20210914_3_0_0_5_2_11_0_1,/content/drive/MyDrive/CD2_DSA/raw/val/images/307804_20210914_3_0_0_5_2_11_0_1.jpg,0,0
311989_20210914_3_0_0_3_2_11_0_112,/content/drive/MyDrive/CD2_DSA/raw/val/images/311989_20210914_3_0_0_3_2_11_0_112.jpg,0,0
308563_20210914_3_0_0_5_2_11_0_39,/content/drive/MyDrive/CD2_DSA/raw/val/images/308563_20210914_3_0_0_5_2_11_0_39.jpg,0,0
95256_20210624_3_0_0_1_2_13_0_77,/content/drive/MyDrive/CD2_DSA/raw/val/images/95256_20210624_3_0_0_1_2_13_0_77.jpg,0,0
17029_20210622_3_1_a9_3_2_13_1_150,/content/drive/MyDrive/CD2_DSA/raw/val/images/17029_20210622_3_1_a9_3_2_13_1_150.jpg,1,1
7163_20210624_3_0_0_1_2_13_0_207,/content/drive/MyDrive/CD2_DSA/raw/val/images/7163_20210624_3_0_0_1_2_13_0_207.jpg,0,0
16213_20210706_3_1_a9_3_2_13_2_143,/content/drive/MyDrive/CD2_DSA/raw/val/images/16213_20210706_3_1_a9_3_2_13_2_143.jpg,1,1
308427_20210914_3_0_0_3_2_11_0_327,/content/drive/MyDrive/CD2_DSA/raw/val/images/308427_20210914_3_0_0_3_2_11_0_327.jpg,0,0
308677_20210914_3_0_0_5_2_11_0_154,/content/drive/MyDrive/CD2_DSA/raw/val/images/308677_20210914_3_0_0_5_2_11_0_154.jpg,0,0
308827_20210914_3_0_0_5_2_11_0_303,/content/drive/MyDrive/CD2_DSA/raw/val/images/308827_20210914_3_0_0_5_2_11_0_303.jpg,0,0
95198_20210624_3_0_0_1_2_13_0_19,/content/drive/MyDrive/CD2_DSA/raw/val/images/95198_20210624_3_0_0_1_2_13_0_19.jpg,0,0
308091_20210914_3_0_0_5_2_11_0_288,/content/drive/MyDrive/CD2_DSA/raw/val/images/308091_20210914_3_0_0_5_2_11_0_288.jpg,0,0
17034_20210622_3_1_a9_3_2_13_1_155,/content/drive/MyDrive/CD2_DSA/raw/val/images/17034_20210622_3_1_a9_3_2_13_1_155.jpg,1,1
307563_20210914_3_0_0_3_2_11_0_163,/content/drive/MyDrive/CD2_DSA/raw/val/images/307563_20210914_3_0_0_3_2_11_0_163.jpg,0,0
1472_20210622_3_1_a9_3_2_13_2_44,/content/drive/MyDrive/CD2_DSA/raw/val/images/1472_20210622_3_1_a9_3_2_13_2_44.jpg,1,1
304036_20210913_3_0_0_3_2_11_0_273,/content/drive/MyDrive/CD2_DSA/raw/val/images/304036_20210913_3_0_0_3_2_11_0_273.jpg,0,0
125634_20210624_3_0_0_2_2_13_0_38,/content/drive/MyDrive/CD2_DSA/raw/val/images/125634_20210624_3_0_0_2_2_13_0_38.jpg,0,0
67448_20210624_3_0_0_1_2_13_0_49,/content/drive/MyDrive/CD2_DSA/raw/val/images/67448_20210624_3_0_0_1_2_13_0_49.jpg,0,0
307871_20210914_3_0_0_5_2_11_0_68,/content/drive/MyDrive/CD2_DSA/raw/val/images/307871_20210914_3_0_0_5_2_11_0_68.jpg,0,0
48970_20210624_3_0_0_1_2_13_0_44,/content/drive/MyDrive/CD2_DSA/raw/val/images/48970_20210624_3_0_0_1_2_13_0_44.jpg,0,0
125147_20210624_3_0_0_1_2_13_0_178,/content/drive/MyDrive/CD2_DSA/raw/val/images/125147_20210624_3_0_0_1_2_13_0_178.jpg,0,0
308608_20210914_3_0_0_5_2_11_0_84,/content/drive/MyDrive/CD2_DSA/raw/val/images/308608_20210914_3_0_0_5_2_11_0_84.jpg,0,0
308814_20210914_3_0_0_5_2_11_0_290,/content/drive/MyDrive/CD2_DSA/raw/val/images/308814_20210914_3_0_0_5_2_11_0_290.jpg,0,0
124684_20210624_3_0_0_1_2_13_0_35,/content/drive/MyDrive/CD2_DSA/raw/val/images/124684_20210624_3_0_0_1_2_13_0_35.jpg,0,0
304066_20210913_3_0_0_3_2_11_0_303,/content/drive/MyDrive/CD2_DSA/raw/val/images/304066_20210913_3_0_0_3_2_11_0_303.jpg,0,0
308676_20210914_3_0_0_5_2_11_0_153,/content/drive/MyDrive/CD2_DSA/raw/val/images/308676_20210914_3_0_0_5_2_11_0_153.jpg,0,0
304309_20210913_3_0_0_3_2_11_0_546,/content/drive/MyDrive/CD2_DSA/raw/val/images/304309_20210913_3_0_0_3_2_11_0_546.jpg,0,0
86578_20210624_3_0_0_1_2_13_0_147,/content/drive/MyDrive/CD2_DSA/raw/val/images/86578_20210624_3_0_0_1_2_13_0_147.jpg,0,0
308276_20210914_3_0_0_3_2_11_0_176,/content/drive/MyDrive/CD2_DSA/raw/val/images/308276_20210914_3_0_0_3_2_11_0_176.jpg,0,0
15763_20210622_3_1_a9_3_2_13_2_4,/content/drive/MyDrive/CD2_DSA/raw/val/images/15763_20210622_3_1_a9_3_2_13_2_4.jpg,1,1
307599_20210914_3_0_0_3_2_11_0_199,/content/drive/MyDrive/CD2_DSA/raw/val/images/307599_20210914_3_0_0_3_2_11_0_199.jpg,0,0
16939_20210622_3_1_a9_3_2_13_2_29,/content/drive/MyDrive/CD2_DSA/raw/val/images/16939_20210622_3_1_a9_3_2_13_2_29.jpg,1,1
16017_20210706_3_1_a9_3_2_13_2_27,/content/drive/MyDrive/CD2_DSA/raw/val/images/16017_20210706_3_1_a9_3_2_13_2_27.jpg,1,1
16407_20210706_3_1_a9_3_2_13_2_323,/content/drive/MyDrive/CD2_DSA/raw/val/images/16407_20210706_3_1_a9_3_2_13_2_323.jpg,1,0
308200_20210914_3_0_0_3_2_11_0_100,/content/drive/MyDrive/CD2_DSA/raw/val/images/308200_20210914_3_0_0_3_2_11_0_100.jpg,0,0
16382_20210622_3_1_a9_3_2_13_3_12,/content/drive/MyDrive/CD2_DSA/raw/val/images/16382_20210622_3_1_a9_3_2_13_3_12.jpg,1,1
3732_20210622_3_1_a9_3_2_13_3_10,/content/drive/MyDrive/CD2_DSA/raw/val/images/3732_20210622_3_1_a9_3_2_13_3_10.jpg,1,1
307706_20210914_3_0_0_3_2_11_0_306,/content/drive/MyDrive/CD2_DSA/raw/val/images/307706_20210914_3_0_0_3_2_11_0_306.jpg,0,0
311714_20210803_3_0_0_3_2_11_0_46,/content/drive/MyDrive/CD2_DSA/raw/val/images/311714_20210803_3_0_0_3_2_11_0_46.jpg,0,0
1675_20210622_3_1_a9_3_2_13_2_247,/content/drive/MyDrive/CD2_DSA/raw/val/images/1675_20210622_3_1_a9_3_2_13_2_247.jpg,1,0
311732_20210803_3_0_0_3_2_11_0_64,/content/drive/MyDrive/CD2_DSA/raw/val/images/311732_20210803_3_0_0_3_2_11_0_64.jpg,0,0
304248_20210913_3_0_0_3_2_11_0_485,/content/drive/MyDrive/CD2_DSA/raw/val/images/304248_20210913_3_0_0_3_2_11_0_485.jpg,0,0
6772_20210622_3_1_a9_3_2_13_1_168,/content/drive/MyDrive/CD2_DSA/raw/val/images/6772_20210622_3_1_a9_3_2_13_1_168.jpg,1,0
71191_20210624_3_0_0_3_2_13_0_44,/content/drive/MyDrive/CD2_DSA/raw/val/images/71191_20210624_3_0_0_3_2_13_0_44.jpg,0,0
308101_20210914_3_0_0_3_2_11_0_1,/content/drive/MyDrive/CD2_DSA/raw/val/images/308101_20210914_3_0_0_3_2_11_0_1.jpg,0,0
16561_20210706_3_1_a9_3_2_13_2_412,/content/drive/MyDrive/CD2_DSA/raw/val/images/16561_20210706_3_1_a9_3_2_13_2_412.jpg,1,1
308820_20210914_3_0_0_5_2_11_0_296,/content/drive/MyDrive/CD2_DSA/raw/val/images/308820_20210914_3_0_0_5_2_11_0_296.jpg,0,0
311988_20210914_3_0_0_3_2_11_0_111,/content/drive/MyDrive/CD2_DSA/raw/val/images/311988_20210914_3_0_0_3_2_11_0_111.jpg,0,0
3851_20210629_3_1_a9_3_2_13_3_60,/content/drive/MyDrive/CD2_DSA/raw/val/images/3851_20210629_3_1_a9_3_2_13_3_60.jpg,1,1
1708_20210622_3_1_a9_3_2_13_2_280,/content/drive/MyDrive/CD2_DSA/raw/val/images/1708_20210622_3_1_a9_3_2_13_2_280.jpg,1,1
304104_20210913_3_0_0_3_2_11_0_341,/content/drive/MyDrive/CD2_DSA/raw/val/images/304104_20210913_3_0_0_3_2_11_0_341.jpg,0,0
1473_20210622_3_1_a9_3_2_13_2_45,/content/drive/MyDrive/CD2_DSA/raw/val/images/1473_20210622_3_1_a9_3_2_13_2_45.jpg,1,1
95477_20210624_3_0_0_1_2_13_0_143,/content/drive/MyDrive/CD2_DSA/raw/val/images/95477_20210624_3_0_0_1_2_13_0_143.jpg,0,0
307401_20210914_3_0_0_3_2_11_0_1,/content/drive/MyDrive/CD2_DSA/raw/val/images/307401_20210914_3_0_0_3_2_11_0_1.jpg,0,0
4199_20210622_3_1_a9_3_2_13_2_30,/content/drive/MyDrive/CD2_DSA/raw/val/images/4199_20210622_3_1_a9_3_2_13_2_30.jpg,1,1
3424_20210629_3_1_a9_3_2_13_1_179,/content/drive/MyDrive/CD2_DSA/raw/val/images/3424_20210629_3_1_a9_3_2_13_1_179.jpg,1,1
15891_20210622_3_1_a9_3_2_13_2_132,/content/drive/MyDrive/CD2_DSA/raw/val/images/15891_20210622_3_1_a9_3_2_13_2_132.jpg,1,1
307607_20210914_3_0_0_3_2_11_0_207,/content/drive/MyDrive/CD2_DSA/raw/val/images/307607_20210914_3_0_0_3_2_11_0_207.jpg,0,0
3591_20210629_3_1_a9_3_2_13_1_240,/content/drive/MyDrive/CD2_DSA/raw/val/images/3591_20210629_3_1_a9_3_2_13_1_240.jpg,1,1
66018_20210624_3_0_0_4_2_13_0_149,/content/drive/MyDrive/CD2_DSA/raw/val/images/66018_20210624_3_0_0_4_2_13_0_149.jpg,0,0
307570_20210914_3_0_0_3_2_11_0_170,/content/drive/MyDrive/CD2_DSA/raw/val/images/307570_20210914_3_0_0_3_2_11_0_170.jpg,0,0
16926_20210622_3_1_a9_3_2_13_2_16,/content/drive/MyDrive/CD2_DSA/raw/val/images/16926_20210622_3_1_a9_3_2_13_2_16.jpg,1,1
308667_20210914_3_0_0_5_2_11_0_144,/content/drive/MyDrive/CD2_DSA/raw/val/images/308667_20210914_3_0_0_5_2_11_0_144.jpg,0,0
68516_20210624_3_0_0_2_2_13_0_26,/content/drive/MyDrive/CD2_DSA/raw/val/images/68516_20210624_3_0_0_2_2_13_0_26.jpg,0,0
66299_20210624_3_0_0_4_2_13_0_200,/content/drive/MyDrive/CD2_DSA/raw/val/images/66299_20210624_3_0_0_4_2_13_0_200.jpg,0,0
83318_20210624_3_0_0_1_2_13_0_201,/content/drive/MyDrive/CD2_DSA/raw/val/images/83318_20210624_3_0_0_1_2_13_0_201.jpg,0,0
308318_20210914_3_0_0_3_2_11_0_218,/content/drive/MyDrive/CD2_DSA/raw/val/images/308318_20210914_3_0_0_3_2_11_0_218.jpg,0,0
2392_20210624_3_0_0_3_2_13_0_79,/content/drive/MyDrive/CD2_DSA/raw/val/images/2392_20210624_3_0_0_3_2_13_0_79.jpg,0,0
7130_20210624_3_0_0_1_2_13_0_174,/content/drive/MyDrive/CD2_DSA/raw/val/images/7130_20210624_3_0_0_1_2_13_0_174.jpg,0,0
715_20210622_3_1_a9_3_2_13_1_80,/content/drive/MyDrive/CD2_DSA/raw/val/images/715_20210622_3_1_a9_3_2_13_1_80.jpg,1,1
311896_20210914_3_0_0_3_2_11_0_19,/content/drive/MyDrive/CD2_DSA/raw/val/images/311896_20210914_3_0_0_3_2_11_0_19.jpg,0,0
739_20210622_3_1_a9_3_2_13_1_104,/content/drive/MyDrive/CD2_DSA/raw/val/images/739_20210622_3_1_a9_3_2_13_1_104.jpg,1,0
109500_20210624_3_0_0_3_2_13_0_114,/content/drive/MyDrive/CD2_DSA/raw/val/images/109500_20210624_3_0_0_3_2_13_0_114.jpg,0,0
308659_20210914_3_0_0_5_2_11_0_136,/content/drive/MyDrive/CD2_DSA/raw/val/images/308659_20210914_3_0_0_5_2_11_0_136.jpg,0,0
311741_20210803_3_0_0_3_2_11_0_73,/content/drive/MyDrive/CD2_DSA/raw/val/images/311741_20210803_3_0_0_3_2_11_0_73.jpg,0,0
67434_20210624_3_0_0_1_2_13_0_35,/content/drive/MyDrive/CD2_DSA/raw/val/images/67434_20210624_3_0_0_1_2_13_0_35.jpg,0,0
128823_20210624_3_0_0_1_2_13_0_13,/content/drive/MyDrive/CD2_DSA/raw/val/images/128823_20210624_3_0_0_1_2_13_0_13.jpg,0,0
6022_20210622_3_1_a9_3_2_13_1_71,/content/drive/MyDrive/CD2_DSA/raw/val/images/6022_20210622_3_1_a9_3_2_13_1_71.jpg,1,1
15638_20210706_3_1_a9_3_2_13_3_69,/content/drive/MyDrive/CD2_DSA/raw/val/images/15638_20210706_3_1_a9_3_2_13_3_69.jpg,1,1
125079_20210624_3_0_0_1_2_13_0_110,/content/drive/MyDrive/CD2_DSA/raw/val/images/125079_20210624_3_0_0_1_2_13_0_110.jpg,0,0
82855_20210624_3_0_0_1_2_13_0_26,/content/drive/MyDrive/CD2_DSA/raw/val/images/82855_20210624_3_0_0_1_2_13_0_26.jpg,0,0
308069_20210914_3_0_0_5_2_11_0_266,/content/drive/MyDrive/CD2_DSA/raw/val/images/308069_20210914_3_0_0_5_2_11_0_266.jpg,0,0
17017_20210622_3_1_a9_3_2_13_1_138,/content/drive/MyDrive/CD2_DSA/raw/val/images/17017_20210622_3_1_a9_3_2_13_1_138.jpg,1,1
82848_20210624_3_0_0_1_2_13_0_19,/content/drive/MyDrive/CD2_DSA/raw/val/images/82848_20210624_3_0_0_1_2_13_0_19.jpg,0,0
308577_20210914_3_0_0_5_2_11_0_53,/content/drive/MyDrive/CD2_DSA/raw/val/images/308577_20210914_3_0_0_5_2_11_0_53.jpg,0,0
304041_20210913_3_0_0_3_2_11_0_278,/content/drive/MyDrive/CD2_DSA/raw/val/images/304041_20210913_3_0_0_3_2_11_0_278.jpg,0,0
15419_20210622_3_1_a9_3_2_13_3_123,/content/drive/MyDrive/CD2_DSA/raw/val/images/15419_20210622_3_1_a9_3_2_13_3_123.jpg,1,0
307897_20210914_3_0_0_5_2_11_0_94,/content/drive/MyDrive/CD2_DSA/raw/val/images/307897_20210914_3_0_0_5_2_11_0_94.jpg,0,0
49069_20210624_3_0_0_1_2_13_0_143,/content/drive/MyDrive/CD2_DSA/raw/val/images/49069_20210624_3_0_0_1_2_13_0_143.jpg,0,0
109506_20210624_3_0_0_3_2_13_0_120,/content/drive/MyDrive/CD2_DSA/raw/val/images/109506_20210624_3_0_0_3_2_13_0_120.jpg,0,0
4724_20210622_3_1_a9_3_2_13_2_92,/content/drive/MyDrive/CD2_DSA/raw/val/images/4724_20210622_3_1_a9_3_2_13_2_92.jpg,1,1
25365_20210624_3_0_0_5_2_13_0_90,/content/drive/MyDrive/CD2_DSA/raw/val/images/25365_20210624_3_0_0_5_2_13_0_90.jpg,0,0
4193_20210622_3_1_a9_3_2_13_2_24,/content/drive/MyDrive/CD2_DSA/raw/val/images/4193_20210622_3_1_a9_3_2_13_2_24.jpg,1,1
9162_20210624_3_0_0_2_2_13_0_156,/content/drive/MyDrive/CD2_DSA/raw/val/images/9162_20210624_3_0_0_2_2_13_0_156.jpg,0,0
873_20210622_3_1_a9_3_2_13_3_71,/content/drive/MyDrive/CD2_DSA/raw/val/images/873_20210622_3_1_a9_3_2_13_3_71.jpg,1,1
304260_20210913_3_0_0_3_2_11_0_497,/content/drive/MyDrive/CD2_DSA/raw/val/images/304260_20210913_3_0_0_3_2_11_0_497.jpg,0,0
5734_20210622_3_1_a9_3_2_13_1_19,/content/drive/MyDrive/CD2_DSA/raw/val/images/5734_20210622_3_1_a9_3_2_13_1_19.jpg,1,0
308016_20210914_3_0_0_5_2_11_0_213,/content/drive/MyDrive/CD2_DSA/raw/val/images/308016_20210914_3_0_0_5_2_11_0_213.jpg,0,0
3622_20210629_3_1_a9_3_2_13_2_1,/content/drive/MyDrive/CD2_DSA/raw/val/images/3622_20210629_3_1_a9_3_2_13_2_1.jpg,1,1
308141_20210914_3_0_0_3_2_11_0_41,/content/drive/MyDrive/CD2_DSA/raw/val/images/308141_20210914_3_0_0_3_2_11_0_41.jpg,0,0
2694_20210624_3_0_0_4_2_13_0_163,/content/drive/MyDrive/CD2_DSA/raw/val/images/2694_20210624_3_0_0_4_2_13_0_163.jpg,0,0
83326_20210624_3_0_0_1_2_13_0_209,/content/drive/MyDrive/CD2_DSA/raw/val/images/83326_20210624_3_0_0_1_2_13_0_209.jpg,0,0
67476_20210624_3_0_0_1_2_13_0_77,/content/drive/MyDrive/CD2_DSA/raw/val/images/67476_20210624_3_0_0_1_2_13_0_77.jpg,0,0
3382_20210629_3_1_a9_3_2_13_1_137,/content/drive/MyDrive/CD2_DSA/raw/val/images/3382_20210629_3_1_a9_3_2_13_1_137.jpg,1,1
3805_20210629_3_1_a9_3_2_13_3_14,/content/drive/MyDrive/CD2_DSA/raw/val/images/3805_20210629_3_1_a9_3_2_13_3_14.jpg,1,1
304242_20210913_3_0_0_3_2_11_0_479,/content/drive/MyDrive/CD2_DSA/raw/val/images/304242_20210913_3_0_0_3_2_11_0_479.jpg,0,0
307771_20210914_3_0_0_3_2_11_0_371,/content/drive/MyDrive/CD2_DSA/raw/val/images/307771_20210914_3_0_0_3_2_11_0_371.jpg,0,0
308320_20210914_3_0_0_3_2_11_0_220,/content/drive/MyDrive/CD2_DSA/raw/val/images/308320_20210914_3_0_0_3_2_11_0_220.jpg,0,0
16855_20210622_3_1_a9_3_2_13_1_15,/content/drive/MyDrive/CD2_DSA/raw/val/images/16855_20210622_3_1_a9_3_2_13_1_15.jpg,1,1
67509_20210624_3_0_0_1_2_13_0_110,/content/drive/MyDrive/CD2_DSA/raw/val/images/67509_20210624_3_0_0_1_2_13_0_110.jpg,0,0
16576_20210706_3_1_a9_3_2_13_2_427,/content/drive/MyDrive/CD2_DSA/raw/val/images/16576_20210706_3_1_a9_3_2_13_2_427.jpg,1,1
304214_20210913_3_0_0_3_2_11_0_451,/content/drive/MyDrive/CD2_DSA/raw/val/images/304214_20210913_3_0_0_3_2_11_0_451.jpg,0,0
304092_20210913_3_0_0_3_2_11_0_329,/content/drive/MyDrive/CD2_DSA/raw/val/images/304092_20210913_3_0_0_3_2_11_0_329.jpg,0,0
9074_20210624_3_0_0_2_2_13_0_68,/content/drive/MyDrive/CD2_DSA/raw/val/images/9074_20210624_3_0_0_2_2_13_0_68.jpg,0,0
106579_20210624_3_0_0_1_2_13_0_176,/content/drive/MyDrive/CD2_DSA/raw/val/images/106579_20210624_3_0_0_1_2_13_0_176.jpg,0,0
940_20210622_3_1_a9_3_2_13_3_138,/content/drive/MyDrive/CD2_DSA/raw/val/images/940_20210622_3_1_a9_3_2_13_3_138.jpg,1,1
304076_20210913_3_0_0_3_2_11_0_313,/content/drive/MyDrive/CD2_DSA/raw/val/images/304076_20210913_3_0_0_3_2_11_0_313.jpg,0,0
649_20210622_3_1_a9_3_2_13_1_14,/content/drive/MyDrive/CD2_DSA/raw/val/images/649_20210622_3_1_a9_3_2_13_1_14.jpg,1,1
304336_20210913_3_0_0_3_2_11_0_573,/content/drive/MyDrive/CD2_DSA/raw/val/images/304336_20210913_3_0_0_3_2_11_0_573.jpg,0,0
82849_20210624_3_0_0_1_2_13_0_20,/content/drive/MyDrive/CD2_DSA/raw/val/images/82849_20210624_3_0_0_1_2_13_0_20.jpg,0,0
307619_20210914_3_0_0_3_2_11_0_219,/content/drive/MyDrive/CD2_DSA/raw/val/images/307619_20210914_3_0_0_3_2_11_0_219.jpg,0,0
304287_20210913_3_0_0_3_2_11_0_524,/content/drive/MyDrive/CD2_DSA/raw/val/images/304287_20210913_3_0_0_3_2_11_0_524.jpg,0,0
311687_20210803_3_0_0_3_2_11_0_19,/content/drive/MyDrive/CD2_DSA/raw/val/images/311687_20210803_3_0_0_3_2_11_0_19.jpg,0,0
5252_20210622_3_1_a9_3_2_13_2_128,/content/drive/MyDrive/CD2_DSA/raw/val/images/5252_20210622_3_1_a9_3_2_13_2_128.jpg,1,1
84104_20210708_3_0_0_1_2_13_0_170,/content/drive/MyDrive/CD2_DSA/raw/val/images/84104_20210708_3_0_0_1_2_13_0_170.jpg,0,0
95190_20210624_3_0_0_1_2_13_0_11,/content/drive/MyDrive/CD2_DSA/raw/val/images/95190_20210624_3_0_0_1_2_13_0_11.jpg,0,0
307995_20210914_3_0_0_5_2_11_0_192,/content/drive/MyDrive/CD2_DSA/raw/val/images/307995_20210914_3_0_0_5_2_11_0_192.jpg,0,0
307802_20210914_3_0_0_3_2_11_0_402,/content/drive/MyDrive/CD2_DSA/raw/val/images/307802_20210914_3_0_0_3_2_11_0_402.jpg,0,0
49112_20210624_3_0_0_1_2_13_0_186,/content/drive/MyDrive/CD2_DSA/raw/val/images/49112_20210624_3_0_0_1_2_13_0_186.jpg,0,0
15810_20210622_3_1_a9_3_2_13_2_51,/content/drive/MyDrive/CD2_DSA/raw/val/images/15810_20210622_3_1_a9_3_2_13_2_51.jpg,1,1
11882_20210624_3_0_0_1_2_13_0_128,/content/drive/MyDrive/CD2_DSA/raw/val/images/11882_20210624_3_0_0_1_2_13_0_128.jpg,0,0
14604_20210624_3_0_0_3_2_13_0_116,/content/drive/MyDrive/CD2_DSA/raw/val/images/14604_20210624_3_0_0_3_2_13_0_116.jpg,0,0
86582_20210624_3_0_0_1_2_13_0_151,/content/drive/MyDrive/CD2_DSA/raw/val/images/86582_20210624_3_0_0_1_2_13_0_151.jpg,0,0
66324_20210624_3_0_0_4_2_13_0_225,/content/drive/MyDrive/CD2_DSA/raw/val/images/66324_20210624_3_0_0_4_2_13_0_225.jpg,0,0
308293_20210914_3_0_0_3_2_11_0_193,/content/drive/MyDrive/CD2_DSA/raw/val/images/308293_20210914_3_0_0_3_2_11_0_193.jpg,0,0
312027_20210914_3_0_0_3_2_11_0_150,/content/drive/MyDrive/CD2_DSA/raw/val/images/312027_20210914_3_0_0_3_2_11_0_150.jpg,0,0
25358_20210624_3_0_0_5_2_13_0_83,/content/drive/MyDrive/CD2_DSA/raw/val/images/25358_20210624_3_0_0_5_2_13_0_83.jpg,0,0
304001_20210913_3_0_0_3_2_11_0_238,/content/drive/MyDrive/CD2_DSA/raw/val/images/304001_20210913_3_0_0_3_2_11_0_238.jpg,0,0
16426_20210706_3_1_a9_3_2_13_2_342,/content/drive/MyDrive/CD2_DSA/raw/val/images/16426_20210706_3_1_a9_3_2_13_2_342.jpg,1,1
126117_20210624_3_0_0_5_2_13_0_52,/content/drive/MyDrive/CD2_DSA/raw/val/images/126117_20210624_3_0_0_5_2_13_0_52.jpg,0,0
86742_20210624_3_0_0_5_2_13_0_111,/content/drive/MyDrive/CD2_DSA/raw/val/images/86742_20210624_3_0_0_5_2_13_0_111.jpg,0,0
106583_20210624_3_0_0_1_2_13_0_180,/content/drive/MyDrive/CD2_DSA/raw/val/images/106583_20210624_3_0_0_1_2_13_0_180.jpg,0,0
308262_20210914_3_0_0_3_2_11_0_162,/content/drive/MyDrive/CD2_DSA/raw/val/images/308262_20210914_3_0_0_3_2_11_0_162.jpg,0,0
3146_20210629_3_1_a9_3_2_13_1_1,/content/drive/MyDrive/CD2_DSA/raw/val/images/3146_20210629_3_1_a9_3_2_13_1_1.jpg,1,1
67608_20210624_3_0_0_1_2_13_0_179,/content/drive/MyDrive/CD2_DSA/raw/val/images/67608_20210624_3_0_0_1_2_13_0_179.jpg,0,0
7093_20210624_3_0_0_1_2_13_0_137,/content/drive/MyDrive/CD2_DSA/raw/val/images/7093_20210624_3_0_0_1_2_13_0_137.jpg,0,0
82839_20210624_3_0_0_1_2_13_0_10,/content/drive/MyDrive/CD2_DSA/raw/val/images/82839_20210624_3_0_0_1_2_13_0_10.jpg,0,0
95445_20210624_3_0_0_1_2_13_0_111,/content/drive/MyDrive/CD2_DSA/raw/val/images/95445_20210624_3_0_0_1_2_13_0_111.jpg,0,0
307739_20210914_3_0_0_3_2_11_0_339,/content/drive/MyDrive/CD2_DSA/raw/val/images/307739_20210914_3_0_0_3_2_11_0_339.jpg,0,0
312124_20210914_3_0_0_3_2_11_0_247,/content/drive/MyDrive/CD2_DSA/raw/val/images/312124_20210914_3_0_0_3_2_11_0_247.jpg,0,0
106604_20210624_3_0_0_1_2_13_0_201,/content/drive/MyDrive/CD2_DSA/raw/val/images/106604_20210624_3_0_0_1_2_13_0_201.jpg,0,0
15604_20210706_3_1_a9_3_2_13_3_35,/content/drive/MyDrive/CD2_DSA/raw/val/images/15604_20210706_3_1_a9_3_2_13_3_35.jpg,1,1
16078_20210706_3_1_a9_3_2_13_2_88,/content/drive/MyDrive/CD2_DSA/raw/val/images/16078_20210706_3_1_a9_3_2_13_2_88.jpg,1,1
5742_20210622_3_1_a9_3_2_13_1_27,/content/drive/MyDrive/CD2_DSA/raw/val/images/5742_20210622_3_1_a9_3_2_13_1_27.jpg,1,1
49114_20210624_3_0_0_1_2_13_0_188,/content/drive/MyDrive/CD2_DSA/raw/val/images/49114_20210624_3_0_0_1_2_13_0_188.jpg,0,0
15605_20210706_3_1_a9_3_2_13_3_36,/content/drive/MyDrive/CD2_DSA/raw/val/images/15605_20210706_3_1_a9_3_2_13_3_36.jpg,1,1
95197_20210624_3_0_0_1_2_13_0_18,/content/drive/MyDrive/CD2_DSA/raw/val/images/95197_20210624_3_0_0_1_2_13_0_18.jpg,0,0
797_20210622_3_1_a9_3_2_13_1_162,/content/drive/MyDrive/CD2_DSA/raw/val/images/797_20210622_3_1_a9_3_2_13_1_162.jpg,1,1
311758_20210803_3_0_0_3_2_11_0_90,/content/drive/MyDrive/CD2_DSA/raw/val/images/311758_20210803_3_0_0_3_2_11_0_90.jpg,0,0
7113_20210624_3_0_0_1_2_13_0_157,/content/drive/MyDrive/CD2_DSA/raw/val/images/7113_20210624_3_0_0_1_2_13_0_157.jpg,0,0
1629_20210622_3_1_a9_3_2_13_2_201,/content/drive/MyDrive/CD2_DSA/raw/val/images/1629_20210622_3_1_a9_3_2_13_2_201.jpg,1,0
2481_20210624_3_0_0_4_2_13_0_68,/content/drive/MyDrive/CD2_DSA/raw/val/images/2481_20210624_3_0_0_4_2_13_0_68.jpg,0,0
15630_20210706_3_1_a9_3_2_13_3_61,/content/drive/MyDrive/CD2_DSA/raw/val/images/15630_20210706_3_1_a9_3_2_13_3_61.jpg,1,1
308585_20210914_3_0_0_5_2_11_0_61,/content/drive/MyDrive/CD2_DSA/raw/val/images/308585_20210914_3_0_0_5_2_11_0_61.jpg,0,0
25699_20210624_3_0_0_5_2_13_0_123,/content/drive/MyDrive/CD2_DSA/raw/val/images/25699_20210624_3_0_0_5_2_13_0_123.jpg,0,0
308177_20210914_3_0_0_3_2_11_0_77,/content/drive/MyDrive/CD2_DSA/raw/val/images/308177_20210914_3_0_0_3_2_11_0_77.jpg,0,0
15798_20210622_3_1_a9_3_2_13_2_39,/content/drive/MyDrive/CD2_DSA/raw/val/images/15798_20210622_3_1_a9_3_2_13_2_39.jpg,1,1
933_20210622_3_1_a9_3_2_13_3_131,/content/drive/MyDrive/CD2_DSA/raw/val/images/933_20210622_3_1_a9_3_2_13_3_131.jpg,1,1
95895_20210624_3_0_0_3_2_13_0_39,/content/drive/MyDrive/CD2_DSA/raw/val/images/95895_20210624_3_0_0_3_2_13_0_39.jpg,1,0
307582_20210914_3_0_0_3_2_11_0_182,/content/drive/MyDrive/CD2_DSA/raw/val/images/307582_20210914_3_0_0_3_2_11_0_182.jpg,0,0
901_20210622_3_1_a9_3_2_13_3_99,/content/drive/MyDrive/CD2_DSA/raw/val/images/901_20210622_3_1_a9_3_2_13_3_99.jpg,1,0
6795_20210624_3_0_0_1_2_13_0_20,/content/drive/MyDrive/CD2_DSA/raw/val/images/6795_20210624_3_0_0_1_2_13_0_20.jpg,0,0
308460_20210914_3_0_0_3_2_11_0_360,/content/drive/MyDrive/CD2_DSA/raw/val/images/308460_20210914_3_0_0_3_2_11_0_360.jpg,0,0
125128_20210624_3_0_0_1_2_13_0_159,/content/drive/MyDrive/CD2_DSA/raw/val/images/125128_20210624_3_0_0_1_2_13_0_159.jpg,0,0
106594_20210624_3_0_0_1_2_13_0_191,/content/drive/MyDrive/CD2_DSA/raw/val/images/106594_20210624_3_0_0_1_2_13_0_191.jpg,0,0
3641_20210629_3_1_a9_3_2_13_2_20,/content/drive/MyDrive/CD2_DSA/raw/val/images/3641_20210629_3_1_a9_3_2_13_2_20.jpg,1,1
308361_20210914_3_0_0_3_2_11_0_261,/content/drive/MyDrive/CD2_DSA/raw/val/images/308361_20210914_3_0_0_3_2_11_0_261.jpg,0,0
308205_20210914_3_0_0_3_2_11_0_105,/content/drive/MyDrive/CD2_DSA/raw/val/images/308205_20210914_3_0_0_3_2_11_0_105.jpg,0,0
124671_20210624_3_0_0_1_2_13_0_22,/content/drive/MyDrive/CD2_DSA/raw/val/images/124671_20210624_3_0_0_1_2_13_0_22.jpg,0,0
7231_20210622_3_1_a9_3_2_13_1_197,/content/drive/MyDrive/CD2_DSA/raw/val/images/7231_20210622_3_1_a9_3_2_13_1_197.jpg,1,0
311882_20210914_3_0_0_3_2_11_0_5,/content/drive/MyDrive/CD2_DSA/raw/val/images/311882_20210914_3_0_0_3_2_11_0_5.jpg,0,0
16826_20210713_3_1_a9_3_2_13_3_88,/content/drive/MyDrive/CD2_DSA/raw/val/images/16826_20210713_3_1_a9_3_2_13_3_88.jpg,1,0
4315_20210622_3_1_a9_3_2_13_2_46,/content/drive/MyDrive/CD2_DSA/raw/val/images/4315_20210622_3_1_a9_3_2_13_2_46.jpg,1,1
7525_20210622_3_1_a9_3_2_13_1_204,/content/drive/MyDrive/CD2_DSA/raw/val/images/7525_20210622_3_1_a9_3_2_13_1_204.jpg,1,0
95248_20210624_3_0_0_1_2_13_0_69,/content/drive/MyDrive/CD2_DSA/raw/val/images/95248_20210624_3_0_0_1_2_13_0_69.jpg,0,0
95525_20210624_3_0_0_1_2_13_0_191,/content/drive/MyDrive/CD2_DSA/raw/val/images/95525_20210624_3_0_0_1_2_13_0_191.jpg,0,0
3717_20210629_3_1_a9_3_2_13_2_96,/content/drive/MyDrive/CD2_DSA/raw/val/images/3717_20210629_3_1_a9_3_2_13_2_96.jpg,1,0
1669_20210622_3_1_a9_3_2_13_2_241,/content/drive/MyDrive/CD2_DSA/raw/val/images/1669_20210622_3_1_a9_3_2_13_2_241.jpg,1,1
311888_20210914_3_0_0_3_2_11_0_11,/content/drive/MyDrive/CD2_DSA/raw/val/images/311888_20210914_3_0_0_3_2_11_0_11.jpg,0,0
15622_20210706_3_1_a9_3_2_13_3_53,/content/drive/MyDrive/CD2_DSA/raw/val/images/15622_20210706_3_1_a9_3_2_13_3_53.jpg,1,1
304098_20210913_3_0_0_3_2_11_0_335,/content/drive/MyDrive/CD2_DSA/raw/val/images/304098_20210913_3_0_0_3_2_11_0_335.jpg,0,0
16629_20210706_3_1_a9_3_2_13_2_480,/content/drive/MyDrive/CD2_DSA/raw/val/images/16629_20210706_3_1_a9_3_2_13_2_480.jpg,1,1
312007_20210914_3_0_0_3_2_11_0_130,/content/drive/MyDrive/CD2_DSA/raw/val/images/312007_20210914_3_0_0_3_2_11_0_130.jpg,0,0
308086_20210914_3_0_0_5_2_11_0_283,/content/drive/MyDrive/CD2_DSA/raw/val/images/308086_20210914_3_0_0_5_2_11_0_283.jpg,0,0
307597_20210914_3_0_0_3_2_11_0_197,/content/drive/MyDrive/CD2_DSA/raw/val/images/307597_20210914_3_0_0_3_2_11_0_197.jpg,0,0
95240_20210624_3_0_0_1_2_13_0_61,/content/drive/MyDrive/CD2_DSA/raw/val/images/95240_20210624_3_0_0_1_2_13_0_61.jpg,0,0
123864_20210624_3_0_0_4_2_13_0_28,/content/drive/MyDrive/CD2_DSA/raw/val/images/123864_20210624_3_0_0_4_2_13_0_28.jpg,0,0
124667_20210624_3_0_0_1_2_13_0_18,/content/drive/MyDrive/CD2_DSA/raw/val/images/124667_20210624_3_0_0_1_2_13_0_18.jpg,0,0
71201_20210624_3_0_0_3_2_13_0_54,/content/drive/MyDrive/CD2_DSA/raw/val/images/71201_20210624_3_0_0_3_2_13_0_54.jpg,0,0
67472_20210624_3_0_0_1_2_13_0_73,/content/drive/MyDrive/CD2_DSA/raw/val/images/67472_20210624_3_0_0_1_2_13_0_73.jpg,0,0
1614_20210622_3_1_a9_3_2_13_2_186,/content/drive/MyDrive/CD2_DSA/raw/val/images/1614_20210622_3_1_a9_3_2_13_2_186.jpg,1,0
15123_20210622_3_1_a9_3_2_13_3_34,/content/drive/MyDrive/CD2_DSA/raw/val/images/15123_20210622_3_1_a9_3_2_13_3_34.jpg,1,1
308783_20210914_3_0_0_5_2_11_0_259,/content/drive/MyDrive/CD2_DSA/raw/val/images/308783_20210914_3_0_0_5_2_11_0_259.jpg,0,0
1553_20210622_3_1_a9_3_2_13_2_125,/content/drive/MyDrive/CD2_DSA/raw/val/images/1553_20210622_3_1_a9_3_2_13_2_125.jpg,1,1
308856_20210914_3_0_0_5_2_11_0_332,/content/drive/MyDrive/CD2_DSA/raw/val/images/308856_20210914_3_0_0_5_2_11_0_332.jpg,0,0
308496_20210914_3_0_0_3_2_11_0_396,/content/drive/MyDrive/CD2_DSA/raw/val/images/308496_20210914_3_0_0_3_2_11_0_396.jpg,0,0
308727_20210914_3_0_0_5_2_11_0_203,/content/drive/MyDrive/CD2_DSA/raw/val/images/308727_20210914_3_0_0_5_2_11_0_203.jpg,0,0
307924_20210914_3_0_0_5_2_11_0_121,/content/drive/MyDrive/CD2_DSA/raw/val/images/307924_20210914_3_0_0_5_2_11_0_121.jpg,0,0
3613_20210629_3_1_a9_3_2_13_1_262,/content/drive/MyDrive/CD2_DSA/raw/val/images/3613_20210629_3_1_a9_3_2_13_1_262.jpg,1,0
307585_20210914_3_0_0_3_2_11_0_185,/content/drive/MyDrive/CD2_DSA/raw/val/images/307585_20210914_3_0_0_3_2_11_0_185.jpg,0,0
307971_20210914_3_0_0_5_2_11_0_168,/content/drive/MyDrive/CD2_DSA/raw/val/images/307971_20210914_3_0_0_5_2_11_0_168.jpg,0,0
312011_20210914_3_0_0_3_2_11_0_134,/content/drive/MyDrive/CD2_DSA/raw/val/images/312011_20210914_3_0_0_3_2_11_0_134.jpg,0,0
125148_20210624_3_0_0_1_2_13_0_179,/content/drive/MyDrive/CD2_DSA/raw/val/images/125148_20210624_3_0_0_1_2_13_0_179.jpg,0,0
308193_20210914_3_0_0_3_2_11_0_93,/content/drive/MyDrive/CD2_DSA/raw/val/images/308193_20210914_3_0_0_3_2_11_0_93.jpg,0,0
86565_20210624_3_0_0_1_2_13_0_134,/content/drive/MyDrive/CD2_DSA/raw/val/images/86565_20210624_3_0_0_1_2_13_0_134.jpg,0,0
800_20210622_3_1_a9_3_2_13_1_165,/content/drive/MyDrive/CD2_DSA/raw/val/images/800_20210622_3_1_a9_3_2_13_1_165.jpg,1,1
16889_20210622_3_1_a9_3_2_13_1_49,/content/drive/MyDrive/CD2_DSA/raw/val/images/16889_20210622_3_1_a9_3_2_13_1_49.jpg,1,1
15623_20210706_3_1_a9_3_2_13_3_54,/content/drive/MyDrive/CD2_DSA/raw/val/images/15623_20210706_3_1_a9_3_2_13_3_54.jpg,1,1
4206_20210622_3_1_a9_3_2_13_2_37,/content/drive/MyDrive/CD2_DSA/raw/val/images/4206_20210622_3_1_a9_3_2_13_2_37.jpg,1,1
307766_20210914_3_0_0_3_2_11_0_366,/content/drive/MyDrive/CD2_DSA/raw/val/images/307766_20210914_3_0_0_3_2_11_0_366.jpg,0,0
15389_20210622_3_1_a9_3_2_13_3_93,/content/drive/MyDrive/CD2_DSA/raw/val/images/15389_20210622_3_1_a9_3_2_13_3_93.jpg,1,0
16468_20210706_3_1_a9_3_2_13_2_384,/content/drive/MyDrive/CD2_DSA/raw/val/images/16468_20210706_3_1_a9_3_2_13_2_384.jpg,1,1
15108_20210622_3_1_a9_3_2_13_3_19,/content/drive/MyDrive/CD2_DSA/raw/val/images/15108_20210622_3_1_a9_3_2_13_3_19.jpg,1,1
311703_20210803_3_0_0_3_2_11_0_35,/content/drive/MyDrive/CD2_DSA/raw/val/images/311703_20210803_3_0_0_3_2_11_0_35.jpg,0,0
307602_20210914_3_0_0_3_2_11_0_202,/content/drive/MyDrive/CD2_DSA/raw/val/images/307602_20210914_3_0_0_3_2_11_0_202.jpg,0,0
7175_20210624_3_0_0_1_2_13_0_219,/content/drive/MyDrive/CD2_DSA/raw/val/images/7175_20210624_3_0_0_1_2_13_0_219.jpg,0,0
6505_20210622_3_1_a9_3_2_13_1_133,/content/drive/MyDrive/CD2_DSA/raw/val/images/6505_20210622_3_1_a9_3_2_13_1_133.jpg,1,1
312207_20210914_3_0_0_3_2_11_0_330,/content/drive/MyDrive/CD2_DSA/raw/val/images/312207_20210914_3_0_0_3_2_11_0_330.jpg,0,0
308407_20210914_3_0_0_3_2_11_0_307,/content/drive/MyDrive/CD2_DSA/raw/val/images/308407_20210914_3_0_0_3_2_11_0_307.jpg,0,0
4733_20210622_3_1_a9_3_2_13_2_101,/content/drive/MyDrive/CD2_DSA/raw/val/images/4733_20210622_3_1_a9_3_2_13_2_101.jpg,1,1
5998_20210622_3_1_a9_3_2_13_1_67,/content/drive/MyDrive/CD2_DSA/raw/val/images/5998_20210622_3_1_a9_3_2_13_1_67.jpg,1,1
16888_20210622_3_1_a9_3_2_13_1_48,/content/drive/MyDrive/CD2_DSA/raw/val/images/16888_20210622_3_1_a9_3_2_13_1_48.jpg,1,0
126096_20210624_3_0_0_5_2_13_0_31,/content/drive/MyDrive/CD2_DSA/raw/val/images/126096_20210624_3_0_0_5_2_13_0_31.jpg,0,0
4089_20210622_3_1_a9_3_2_13_2_20,/content/drive/MyDrive/CD2_DSA/raw/val/images/4089_20210622_3_1_a9_3_2_13_2_20.jpg,1,1
308689_20210914_3_0_0_5_2_11_0_166,/content/drive/MyDrive/CD2_DSA/raw/val/images/308689_20210914_3_0_0_5_2_11_0_166.jpg,0,0
307693_20210914_3_0_0_3_2_11_0_293,/content/drive/MyDrive/CD2_DSA/raw/val/images/307693_20210914_3_0_0_3_2_11_0_293.jpg,0,0
311918_20210914_3_0_0_3_2_11_0_41,/content/drive/MyDrive/CD2_DSA/raw/val/images/311918_20210914_3_0_0_3_2_11_0_41.jpg,0,0
308172_20210914_3_0_0_3_2_11_0_72,/content/drive/MyDrive/CD2_DSA/raw/val/images/308172_20210914_3_0_0_3_2_11_0_72.jpg,0,0
26092_20210624_3_0_0_5_2_13_0_141,/content/drive/MyDrive/CD2_DSA/raw/val/images/26092_20210624_3_0_0_5_2_13_0_141.jpg,0,0
304252_20210913_3_0_0_3_2_11_0_489,/content/drive/MyDrive/CD2_DSA/raw/val/images/304252_20210913_3_0_0_3_2_11_0_489.jpg,0,0
3376_20210629_3_1_a9_3_2_13_1_131,/content/drive/MyDrive/CD2_DSA/raw/val/images/3376_20210629_3_1_a9_3_2_13_1_131.jpg,1,1
1080_20210624_3_0_0_1_2_13_0_135,/content/drive/MyDrive/CD2_DSA/raw/val/images/1080_20210624_3_0_0_1_2_13_0_135.jpg,0,0
16662_20210706_3_1_a9_3_2_13_2_513,/content/drive/MyDrive/CD2_DSA/raw/val/images/16662_20210706_3_1_a9_3_2_13_2_513.jpg,1,1
6036_20210622_3_1_a9_3_2_13_1_85,/content/drive/MyDrive/CD2_DSA/raw/val/images/6036_20210622_3_1_a9_3_2_13_1_85.jpg,1,1
15130_20210622_3_1_a9_3_2_13_3_41,/content/drive/MyDrive/CD2_DSA/raw/val/images/15130_20210622_3_1_a9_3_2_13_3_41.jpg,1,0
49084_20210624_3_0_0_1_2_13_0_158,/content/drive/MyDrive/CD2_DSA/raw/val/images/49084_20210624_3_0_0_1_2_13_0_158.jpg,0,0
14302_20210624_3_0_0_3_2_13_0_24,/content/drive/MyDrive/CD2_DSA/raw/val/images/14302_20210624_3_0_0_3_2_13_0_24.jpg,0,0
312018_20210914_3_0_0_3_2_11_0_141,/content/drive/MyDrive/CD2_DSA/raw/val/images/312018_20210914_3_0_0_3_2_11_0_141.jpg,0,0
16873_20210622_3_1_a9_3_2_13_1_33,/content/drive/MyDrive/CD2_DSA/raw/val/images/16873_20210622_3_1_a9_3_2_13_1_33.jpg,1,1
3653_20210629_3_1_a9_3_2_13_2_32,/content/drive/MyDrive/CD2_DSA/raw/val/images/3653_20210629_3_1_a9_3_2_13_2_32.jpg,1,1
4090_20210622_3_1_a9_3_2_13_2_21,/content/drive/MyDrive/CD2_DSA/raw/val/images/4090_20210622_3_1_a9_3_2_13_2_21.jpg,1,1
308148_20210914_3_0_0_3_2_11_0_48,/content/drive/MyDrive/CD2_DSA/raw/val/images/308148_20210914_3_0_0_3_2_11_0_48.jpg,0,0
16281_20210706_3_1_a9_3_2_13_2_211,/content/drive/MyDrive/CD2_DSA/raw/val/images/16281_20210706_3_1_a9_3_2_13_2_211.jpg,1,1
95464_20210624_3_0_0_1_2_13_0_130,/content/drive/MyDrive/CD2_DSA/raw/val/images/95464_20210624_3_0_0_1_2_13_0_130.jpg,0,0
15861_20210622_3_1_a9_3_2_13_2_102,/content/drive/MyDrive/CD2_DSA/raw/val/images/15861_20210622_3_1_a9_3_2_13_2_102.jpg,1,1
919_20210622_3_1_a9_3_2_13_3_117,/content/drive/MyDrive/CD2_DSA/raw/val/images/919_20210622_3_1_a9_3_2_13_3_117.jpg,1,1
86854_20210624_3_0_0_1_2_13_0_179,/content/drive/MyDrive/CD2_DSA/raw/val/images/86854_20210624_3_0_0_1_2_13_0_179.jpg,0,0
308862_20210914_3_0_0_5_2_11_0_338,/content/drive/MyDrive/CD2_DSA/raw/val/images/308862_20210914_3_0_0_5_2_11_0_338.jpg,0,0
26106_20210624_3_0_0_5_2_13_0_155,/content/drive/MyDrive/CD2_DSA/raw/val/images/26106_20210624_3_0_0_5_2_13_0_155.jpg,0,0
67586_20210624_3_0_0_1_2_13_0_157,/content/drive/MyDrive/CD2_DSA/raw/val/images/67586_20210624_3_0_0_1_2_13_0_157.jpg,0,0
71166_20210624_3_0_0_3_2_13_0_19,/content/drive/MyDrive/CD2_DSA/raw/val/images/71166_20210624_3_0_0_3_2_13_0_19.jpg,0,0
16326_20210706_3_1_a9_3_2_13_2_256,/content/drive/MyDrive/CD2_DSA/raw/val/images/16326_20210706_3_1_a9_3_2_13_2_256.jpg,1,0
16322_20210706_3_1_a9_3_2_13_2_252,/content/drive/MyDrive/CD2_DSA/raw/val/images/16322_20210706_3_1_a9_3_2_13_2_252.jpg,1,0
9052_20210624_3_0_0_2_2_13_0_46,/content/drive/MyDrive/CD2_DSA/raw/val/images/9052_20210624_3_0_0_2_2_13_0_46.jpg,0,0
308103_20210914_3_0_0_3_2_11_0_3,/content/drive/MyDrive/CD2_DSA/raw/val/images/308103_20210914_3_0_0_3_2_11_0_3.jpg,0,0
307778_20210914_3_0_0_3_2_11_0_378,/content/drive/MyDrive/CD2_DSA/raw/val/images/307778_20210914_3_0_0_3_2_11_0_378.jpg,0,0
17021_20210622_3_1_a9_3_2_13_1_142,/content/drive/MyDrive/CD2_DSA/raw/val/images/17021_20210622_3_1_a9_3_2_13_1_142.jpg,1,0
308500_20210914_3_0_0_3_2_11_0_400,/content/drive/MyDrive/CD2_DSA/raw/val/images/308500_20210914_3_0_0_3_2_11_0_400.jpg,0,0
307486_20210914_3_0_0_3_2_11_0_86,/content/drive/MyDrive/CD2_DSA/raw/val/images/307486_20210914_3_0_0_3_2_11_0_86.jpg,0,0
16722_20210706_3_1_a9_3_2_13_2_573,/content/drive/MyDrive/CD2_DSA/raw/val/images/16722_20210706_3_1_a9_3_2_13_2_573.jpg,1,0
1001_20210624_3_0_0_1_2_13_0_56,/content/drive/MyDrive/CD2_DSA/raw/val/images/1001_20210624_3_0_0_1_2_13_0_56.jpg,0,0
49048_20210624_3_0_0_1_2_13_0_122,/content/drive/MyDrive/CD2_DSA/raw/val/images/49048_20210624_3_0_0_1_2_13_0_122.jpg,0,0
304216_20210913_3_0_0_3_2_11_0_453,/content/drive/MyDrive/CD2_DSA/raw/val/images/304216_20210913_3_0_0_3_2_11_0_453.jpg,0,0
3588_20210629_3_1_a9_3_2_13_1_237,/content/drive/MyDrive/CD2_DSA/raw/val/images/3588_20210629_3_1_a9_3_2_13_1_237.jpg,1,1
3182_20210629_3_1_a9_3_2_13_1_37,/content/drive/MyDrive/CD2_DSA/raw/val/images/3182_20210629_3_1_a9_3_2_13_1_37.jpg,1,0
32301_20210624_3_0_0_4_2_13_0_4,/content/drive/MyDrive/CD2_DSA/raw/val/images/32301_20210624_3_0_0_4_2_13_0_4.jpg,0,0
67616_20210624_3_0_0_1_2_13_0_187,/content/drive/MyDrive/CD2_DSA/raw/val/images/67616_20210624_3_0_0_1_2_13_0_187.jpg,0,0
49107_20210624_3_0_0_1_2_13_0_181,/content/drive/MyDrive/CD2_DSA/raw/val/images/49107_20210624_3_0_0_1_2_13_0_181.jpg,0,0
125136_20210624_3_0_0_1_2_13_0_167,/content/drive/MyDrive/CD2_DSA/raw/val/images/125136_20210624_3_0_0_1_2_13_0_167.jpg,0,0
308505_20210914_3_0_0_3_2_11_0_405,/content/drive/MyDrive/CD2_DSA/raw/val/images/308505_20210914_3_0_0_3_2_11_0_405.jpg,0,0
308845_20210914_3_0_0_5_2_11_0_321,/content/drive/MyDrive/CD2_DSA/raw/val/images/308845_20210914_3_0_0_5_2_11_0_321.jpg,0,0
3428_20210629_3_1_a9_3_2_13_1_183,/content/drive/MyDrive/CD2_DSA/raw/val/images/3428_20210629_3_1_a9_3_2_13_1_183.jpg,1,1
49067_20210624_3_0_0_1_2_13_0_141,/content/drive/MyDrive/CD2_DSA/raw/val/images/49067_20210624_3_0_0_1_2_13_0_141.jpg,0,0
3823_20210629_3_1_a9_3_2_13_3_32,/content/drive/MyDrive/CD2_DSA/raw/val/images/3823_20210629_3_1_a9_3_2_13_3_32.jpg,1,1
86590_20210624_3_0_0_1_2_13_0_159,/content/drive/MyDrive/CD2_DSA/raw/val/images/86590_20210624_3_0_0_1_2_13_0_159.jpg,0,0
1660_20210622_3_1_a9_3_2_13_2_232,/content/drive/MyDrive/CD2_DSA/raw/val/images/1660_20210622_3_1_a9_3_2_13_2_232.jpg,1,1
125686_20210624_3_0_0_2_2_13_0_90,/content/drive/MyDrive/CD2_DSA/raw/val/images/125686_20210624_3_0_0_2_2_13_0_90.jpg,0,0
95478_20210624_3_0_0_1_2_13_0_144,/content/drive/MyDrive/CD2_DSA/raw/val/images/95478_20210624_3_0_0_1_2_13_0_144.jpg,0,0
308336_20210914_3_0_0_3_2_11_0_236,/content/drive/MyDrive/CD2_DSA/raw/val/images/308336_20210914_3_0_0_3_2_11_0_236.jpg,0,0
304062_20210913_3_0_0_3_2_11_0_299,/content/drive/MyDrive/CD2_DSA/raw/val/images/304062_20210913_3_0_0_3_2_11_0_299.jpg,0,0
3408_20210629_3_1_a9_3_2_13_1_163,/content/drive/MyDrive/CD2_DSA/raw/val/images/3408_20210629_3_1_a9_3_2_13_1_163.jpg,1,1
34063_20210624_3_0_0_3_2_13_0_11,/content/drive/MyDrive/CD2_DSA/raw/val/images/34063_20210624_3_0_0_3_2_13_0_11.jpg,0,0
3159_20210629_3_1_a9_3_2_13_1_14,/content/drive/MyDrive/CD2_DSA/raw/val/images/3159_20210629_3_1_a9_3_2_13_1_14.jpg,1,0
3979_20210622_3_1_a9_3_2_13_2_10,/content/drive/MyDrive/CD2_DSA/raw/val/images/3979_20210622_3_1_a9_3_2_13_2_10.jpg,1,1
16235_20210706_3_1_a9_3_2_13_2_165,/content/drive/MyDrive/CD2_DSA/raw/val/images/16235_20210706_3_1_a9_3_2_13_2_165.jpg,1,1
15472_20210622_3_1_a9_3_2_13_3_176,/content/drive/MyDrive/CD2_DSA/raw/val/images/15472_20210622_3_1_a9_3_2_13_3_176.jpg,1,1
986_20210624_3_0_0_1_2_13_0_41,/content/drive/MyDrive/CD2_DSA/raw/val/images/986_20210624_3_0_0_1_2_13_0_41.jpg,0,0
125600_20210624_3_0_0_2_2_13_0_4,/content/drive/MyDrive/CD2_DSA/raw/val/images/125600_20210624_3_0_0_2_2_13_0_4.jpg,0,0
16312_20210706_3_1_a9_3_2_13_2_242,/content/drive/MyDrive/CD2_DSA/raw/val/images/16312_20210706_3_1_a9_3_2_13_2_242.jpg,1,1
67624_20210624_3_0_0_1_2_13_0_195,/content/drive/MyDrive/CD2_DSA/raw/val/images/67624_20210624_3_0_0_1_2_13_0_195.jpg,0,0
3417_20210629_3_1_a9_3_2_13_1_172,/content/drive/MyDrive/CD2_DSA/raw/val/images/3417_20210629_3_1_a9_3_2_13_1_172.jpg,1,1
308191_20210914_3_0_0_3_2_11_0_91,/content/drive/MyDrive/CD2_DSA/raw/val/images/308191_20210914_3_0_0_3_2_11_0_91.jpg,0,0
15594_20210706_3_1_a9_3_2_13_3_25,/content/drive/MyDrive/CD2_DSA/raw/val/images/15594_20210706_3_1_a9_3_2_13_3_25.jpg,1,1
32316_20210624_3_0_0_4_2_13_0_19,/content/drive/MyDrive/CD2_DSA/raw/val/images/32316_20210624_3_0_0_4_2_13_0_19.jpg,0,0
15609_20210706_3_1_a9_3_2_13_3_40,/content/drive/MyDrive/CD2_DSA/raw/val/images/15609_20210706_3_1_a9_3_2_13_3_40.jpg,1,1
16809_20210713_3_1_a9_3_2_13_3_71,/content/drive/MyDrive/CD2_DSA/raw/val/images/16809_20210713_3_1_a9_3_2_13_3_71.jpg,1,0
17004_20210622_3_1_a9_3_2_13_1_125,/content/drive/MyDrive/CD2_DSA/raw/val/images/17004_20210622_3_1_a9_3_2_13_1_125.jpg,1,1
308183_20210914_3_0_0_3_2_11_0_83,/content/drive/MyDrive/CD2_DSA/raw/val/images/308183_20210914_3_0_0_3_2_11_0_83.jpg,0,0
126101_20210624_3_0_0_5_2_13_0_36,/content/drive/MyDrive/CD2_DSA/raw/val/images/126101_20210624_3_0_0_5_2_13_0_36.jpg,0,0
83212_20210624_3_0_0_1_2_13_0_125,/content/drive/MyDrive/CD2_DSA/raw/val/images/83212_20210624_3_0_0_1_2_13_0_125.jpg,0,0
16591_20210706_3_1_a9_3_2_13_2_442,/content/drive/MyDrive/CD2_DSA/raw/val/images/16591_20210706_3_1_a9_3_2_13_2_442.jpg,1,1
95254_20210624_3_0_0_1_2_13_0_75,/content/drive/MyDrive/CD2_DSA/raw/val/images/95254_20210624_3_0_0_1_2_13_0_75.jpg,0,0
307855_20210914_3_0_0_5_2_11_0_52,/content/drive/MyDrive/CD2_DSA/raw/val/images/307855_20210914_3_0_0_5_2_11_0_52.jpg,0,0
754_20210622_3_1_a9_3_2_13_1_119,/content/drive/MyDrive/CD2_DSA/raw/val/images/754_20210622_3_1_a9_3_2_13_1_119.jpg,1,1
308693_20210914_3_0_0_5_2_11_0_170,/content/drive/MyDrive/CD2_DSA/raw/val/images/308693_20210914_3_0_0_5_2_11_0_170.jpg,0,0
304172_20210913_3_0_0_3_2_11_0_409,/content/drive/MyDrive/CD2_DSA/raw/val/images/304172_20210913_3_0_0_3_2_11_0_409.jpg,0,0
304173_20210913_3_0_0_3_2_11_0_410,/content/drive/MyDrive/CD2_DSA/raw/val/images/304173_20210913_3_0_0_3_2_11_0_410.jpg,0,0
304089_20210913_3_0_0_3_2_11_0_326,/content/drive/MyDrive/CD2_DSA/raw/val/images/304089_20210913_3_0_0_3_2_11_0_326.jpg,0,0
3585_20210629_3_1_a9_3_2_13_1_234,/content/drive/MyDrive/CD2_DSA/raw/val/images/3585_20210629_3_1_a9_3_2_13_1_234.jpg,1,1
3229_20210629_3_1_a9_3_2_13_1_84,/content/drive/MyDrive/CD2_DSA/raw/val/images/3229_20210629_3_1_a9_3_2_13_1_84.jpg,1,1
1526_20210622_3_1_a9_3_2_13_2_98,/content/drive/MyDrive/CD2_DSA/raw/val/images/1526_20210622_3_1_a9_3_2_13_2_98.jpg,1,1
9142_20210624_3_0_0_2_2_13_0_136,/content/drive/MyDrive/CD2_DSA/raw/val/images/9142_20210624_3_0_0_2_2_13_0_136.jpg,0,0
4203_20210622_3_1_a9_3_2_13_2_34,/content/drive/MyDrive/CD2_DSA/raw/val/images/4203_20210622_3_1_a9_3_2_13_2_34.jpg,1,1
34056_20210624_3_0_0_3_2_13_0_4,/content/drive/MyDrive/CD2_DSA/raw/val/images/34056_20210624_3_0_0_3_2_13_0_4.jpg,0,0
16509_20210706_3_1_a9_3_2_13_3_24,/content/drive/MyDrive/CD2_DSA/raw/val/images/16509_20210706_3_1_a9_3_2_13_3_24.jpg,1,1
68499_20210624_3_0_0_2_2_13_0_9,/content/drive/MyDrive/CD2_DSA/raw/val/images/68499_20210624_3_0_0_2_2_13_0_9.jpg,0,0
109511_20210624_3_0_0_3_2_13_0_125,/content/drive/MyDrive/CD2_DSA/raw/val/images/109511_20210624_3_0_0_3_2_13_0_125.jpg,0,0
307828_20210914_3_0_0_5_2_11_0_25,/content/drive/MyDrive/CD2_DSA/raw/val/images/307828_20210914_3_0_0_5_2_11_0_25.jpg,0,0
308469_20210914_3_0_0_3_2_11_0_369,/content/drive/MyDrive/CD2_DSA/raw/val/images/308469_20210914_3_0_0_3_2_11_0_369.jpg,0,0
16724_20210706_3_1_a9_3_2_13_2_575,/content/drive/MyDrive/CD2_DSA/raw/val/images/16724_20210706_3_1_a9_3_2_13_2_575.jpg,1,1
304221_20210913_3_0_0_3_2_11_0_458,/content/drive/MyDrive/CD2_DSA/raw/val/images/304221_20210913_3_0_0_3_2_11_0_458.jpg,0,0
32332_20210624_3_0_0_4_2_13_0_35,/content/drive/MyDrive/CD2_DSA/raw/val/images/32332_20210624_3_0_0_4_2_13_0_35.jpg,0,0
4196_20210622_3_1_a9_3_2_13_2_27,/content/drive/MyDrive/CD2_DSA/raw/val/images/4196_20210622_3_1_a9_3_2_13_2_27.jpg,1,1
13467_20210624_3_0_0_1_2_13_0_192,/content/drive/MyDrive/CD2_DSA/raw/val/images/13467_20210624_3_0_0_1_2_13_0_192.jpg,0,0
308204_20210914_3_0_0_3_2_11_0_104,/content/drive/MyDrive/CD2_DSA/raw/val/images/308204_20210914_3_0_0_3_2_11_0_104.jpg,0,0
1632_20210622_3_1_a9_3_2_13_2_204,/content/drive/MyDrive/CD2_DSA/raw/val/images/1632_20210622_3_1_a9_3_2_13_2_204.jpg,1,1
16323_20210706_3_1_a9_3_2_13_2_253,/content/drive/MyDrive/CD2_DSA/raw/val/images/16323_20210706_3_1_a9_3_2_13_2_253.jpg,1,1
66290_20210624_3_0_0_4_2_13_0_191,/content/drive/MyDrive/CD2_DSA/raw/val/images/66290_20210624_3_0_0_4_2_13_0_191.jpg,0,0
993_20210624_3_0_0_1_2_13_0_48,/content/drive/MyDrive/CD2_DSA/raw/val/images/993_20210624_3_0_0_1_2_13_0_48.jpg,0,0
48981_20210624_3_0_0_1_2_13_0_55,/content/drive/MyDrive/CD2_DSA/raw/val/images/48981_20210624_3_0_0_1_2_13_0_55.jpg,0,0
49055_20210624_3_0_0_1_2_13_0_129,/content/drive/MyDrive/CD2_DSA/raw/val/images/49055_20210624_3_0_0_1_2_13_0_129.jpg,0,0
308046_20210914_3_0_0_5_2_11_0_243,/content/drive/MyDrive/CD2_DSA/raw/val/images/308046_20210914_3_0_0_5_2_11_0_243.jpg,0,0
16842_20210622_3_1_a9_3_2_13_1_2,/content/drive/MyDrive/CD2_DSA/raw/val/images/16842_20210622_3_1_a9_3_2_13_1_2.jpg,1,0
95523_20210624_3_0_0_1_2_13_0_189,/content/drive/MyDrive/CD2_DSA/raw/val/images/95523_20210624_3_0_0_1_2_13_0_189.jpg,0,0
311753_20210803_3_0_0_3_2_11_0_85,/content/drive/MyDrive/CD2_DSA/raw/val/images/311753_20210803_3_0_0_3_2_11_0_85.jpg,0,0
108069_20210624_3_0_0_2_2_13_0_57,/content/drive/MyDrive/CD2_DSA/raw/val/images/108069_20210624_3_0_0_2_2_13_0_57.jpg,0,0
312128_20210914_3_0_0_3_2_11_0_251,/content/drive/MyDrive/CD2_DSA/raw/val/images/312128_20210914_3_0_0_3_2_11_0_251.jpg,0,0
307543_20210914_3_0_0_3_2_11_0_143,/content/drive/MyDrive/CD2_DSA/raw/val/images/307543_20210914_3_0_0_3_2_11_0_143.jpg,0,0
106216_20210624_3_0_0_1_2_13_0_13,/content/drive/MyDrive/CD2_DSA/raw/val/images/106216_20210624_3_0_0_1_2_13_0_13.jpg,0,0
3162_20210629_3_1_a9_3_2_13_1_17,/content/drive/MyDrive/CD2_DSA/raw/val/images/3162_20210629_3_1_a9_3_2_13_1_17.jpg,1,1
670_20210622_3_1_a9_3_2_13_1_35,/content/drive/MyDrive/CD2_DSA/raw/val/images/670_20210622_3_1_a9_3_2_13_1_35.jpg,1,1
307763_20210914_3_0_0_3_2_11_0_363,/content/drive/MyDrive/CD2_DSA/raw/val/images/307763_20210914_3_0_0_3_2_11_0_363.jpg,0,0
11247_20210624_3_0_0_1_2_13_0_103,/content/drive/MyDrive/CD2_DSA/raw/val/images/11247_20210624_3_0_0_1_2_13_0_103.jpg,0,0
7122_20210624_3_0_0_1_2_13_0_166,/content/drive/MyDrive/CD2_DSA/raw/val/images/7122_20210624_3_0_0_1_2_13_0_166.jpg,0,0
125614_20210624_3_0_0_2_2_13_0_18,/content/drive/MyDrive/CD2_DSA/raw/val/images/125614_20210624_3_0_0_2_2_13_0_18.jpg,0,0
5619_20210622_3_1_a9_3_2_13_1_4,/content/drive/MyDrive/CD2_DSA/raw/val/images/5619_20210622_3_1_a9_3_2_13_1_4.jpg,1,1
15448_20210622_3_1_a9_3_2_13_3_152,/content/drive/MyDrive/CD2_DSA/raw/val/images/15448_20210622_3_1_a9_3_2_13_3_152.jpg,1,0
312099_20210914_3_0_0_3_2_11_0_222,/content/drive/MyDrive/CD2_DSA/raw/val/images/312099_20210914_3_0_0_3_2_11_0_222.jpg,0,0
16272_20210706_3_1_a9_3_2_13_2_202,/content/drive/MyDrive/CD2_DSA/raw/val/images/16272_20210706_3_1_a9_3_2_13_2_202.jpg,1,1
1548_20210622_3_1_a9_3_2_13_2_120,/content/drive/MyDrive/CD2_DSA/raw/val/images/1548_20210622_3_1_a9_3_2_13_2_120.jpg,1,1
15434_20210622_3_1_a9_3_2_13_3_138,/content/drive/MyDrive/CD2_DSA/raw/val/images/15434_20210622_3_1_a9_3_2_13_3_138.jpg,1,0
6618_20210622_3_1_a9_3_2_13_1_146,/content/drive/MyDrive/CD2_DSA/raw/val/images/6618_20210622_3_1_a9_3_2_13_1_146.jpg,1,1
3686_20210629_3_1_a9_3_2_13_2_65,/content/drive/MyDrive/CD2_DSA/raw/val/images/3686_20210629_3_1_a9_3_2_13_2_65.jpg,1,1
1073_20210624_3_0_0_1_2_13_0_128,/content/drive/MyDrive/CD2_DSA/raw/val/images/1073_20210624_3_0_0_1_2_13_0_128.jpg,0,0
312069_20210914_3_0_0_3_2_11_0_192,/content/drive/MyDrive/CD2_DSA/raw/val/images/312069_20210914_3_0_0_3_2_11_0_192.jpg,0,0
16258_20210706_3_1_a9_3_2_13_2_188,/content/drive/MyDrive/CD2_DSA/raw/val/images/16258_20210706_3_1_a9_3_2_13_2_188.jpg,1,1
304278_20210913_3_0_0_3_2_11_0_515,/content/drive/MyDrive/CD2_DSA/raw/val/images/304278_20210913_3_0_0_3_2_11_0_515.jpg,0,0
3665_20210629_3_1_a9_3_2_13_2_44,/content/drive/MyDrive/CD2_DSA/raw/val/images/3665_20210629_3_1_a9_3_2_13_2_44.jpg,1,1
16834_20210713_3_1_a9_3_2_13_3_96,/content/drive/MyDrive/CD2_DSA/raw/val/images/16834_20210713_3_1_a9_3_2_13_3_96.jpg,1,0
304295_20210913_3_0_0_3_2_11_0_532,/content/drive/MyDrive/CD2_DSA/raw/val/images/304295_20210913_3_0_0_3_2_11_0_532.jpg,0,0
9085_20210624_3_0_0_2_2_13_0_79,/content/drive/MyDrive/CD2_DSA/raw/val/images/9085_20210624_3_0_0_2_2_13_0_79.jpg,0,0
95473_20210624_3_0_0_1_2_13_0_139,/content/drive/MyDrive/CD2_DSA/raw/val/images/95473_20210624_3_0_0_1_2_13_0_139.jpg,0,0
308240_20210914_3_0_0_3_2_11_0_140,/content/drive/MyDrive/CD2_DSA/raw/val/images/308240_20210914_3_0_0_3_2_11_0_140.jpg,0,0
307489_20210914_3_0_0_3_2_11_0_89,/content/drive/MyDrive/CD2_DSA/raw/val/images/307489_20210914_3_0_0_3_2_11_0_89.jpg,0,0
1659_20210622_3_1_a9_3_2_13_2_231,/content/drive/MyDrive/CD2_DSA/raw/val/images/1659_20210622_3_1_a9_3_2_13_2_231.jpg,1,1
311928_20210914_3_0_0_3_2_11_0_51,/content/drive/MyDrive/CD2_DSA/raw/val/images/311928_20210914_3_0_0_3_2_11_0_51.jpg,0,0
307777_20210914_3_0_0_3_2_11_0_377,/content/drive/MyDrive/CD2_DSA/raw/val/images/307777_20210914_3_0_0_3_2_11_0_377.jpg,0,0
95183_20210624_3_0_0_1_2_13_0_4,/content/drive/MyDrive/CD2_DSA/raw/val/images/95183_20210624_3_0_0_1_2_13_0_4.jpg,0,0
307699_20210914_3_0_0_3_2_11_0_299,/content/drive/MyDrive/CD2_DSA/raw/val/images/307699_20210914_3_0_0_3_2_11_0_299.jpg,0,0
16518_20210706_3_1_a9_3_2_13_3_33,/content/drive/MyDrive/CD2_DSA/raw/val/images/16518_20210706_3_1_a9_3_2_13_3_33.jpg,1,0
308041_20210914_3_0_0_5_2_11_0_238,/content/drive/MyDrive/CD2_DSA/raw/val/images/308041_20210914_3_0_0_5_2_11_0_238.jpg,0,0
68529_20210624_3_0_0_2_2_13_0_39,/content/drive/MyDrive/CD2_DSA/raw/val/images/68529_20210624_3_0_0_2_2_13_0_39.jpg,0,0
95470_20210624_3_0_0_1_2_13_0_136,/content/drive/MyDrive/CD2_DSA/raw/val/images/95470_20210624_3_0_0_1_2_13_0_136.jpg,0,0
1727_20210622_3_1_a9_3_2_13_2_299,/content/drive/MyDrive/CD2_DSA/raw/val/images/1727_20210622_3_1_a9_3_2_13_2_299.jpg,1,1
67439_20210624_3_0_0_1_2_13_0_40,/content/drive/MyDrive/CD2_DSA/raw/val/images/67439_20210624_3_0_0_1_2_13_0_40.jpg,0,0
17037_20210622_3_1_a9_3_2_13_1_158,/content/drive/MyDrive/CD2_DSA/raw/val/images/17037_20210622_3_1_a9_3_2_13_1_158.jpg,1,0
16293_20210706_3_1_a9_3_2_13_2_223,/content/drive/MyDrive/CD2_DSA/raw/val/images/16293_20210706_3_1_a9_3_2_13_2_223.jpg,1,1
1115_20210624_3_0_0_1_2_13_0_170,/content/drive/MyDrive/CD2_DSA/raw/val/images/1115_20210624_3_0_0_1_2_13_0_170.jpg,0,0
15112_20210622_3_1_a9_3_2_13_3_23,/content/drive/MyDrive/CD2_DSA/raw/val/images/15112_20210622_3_1_a9_3_2_13_3_23.jpg,1,0
3857_20210629_3_1_a9_3_2_13_3_66,/content/drive/MyDrive/CD2_DSA/raw/val/images/3857_20210629_3_1_a9_3_2_13_3_66.jpg,1,1
1482_20210622_3_1_a9_3_2_13_2_54,/content/drive/MyDrive/CD2_DSA/raw/val/images/1482_20210622_3_1_a9_3_2_13_2_54.jpg,1,1
26111_20210624_3_0_0_5_2_13_0_160,/content/drive/MyDrive/CD2_DSA/raw/val/images/26111_20210624_3_0_0_5_2_13_0_160.jpg,0,0
311957_20210914_3_0_0_3_2_11_0_80,/content/drive/MyDrive/CD2_DSA/raw/val/images/311957_20210914_3_0_0_3_2_11_0_80.jpg,0,0
16120_20210706_3_1_a9_3_2_13_2_130,/content/drive/MyDrive/CD2_DSA/raw/val/images/16120_20210706_3_1_a9_3_2_13_2_130.jpg,1,1
307806_20210914_3_0_0_5_2_11_0_3,/content/drive/MyDrive/CD2_DSA/raw/val/images/307806_20210914_3_0_0_5_2_11_0_3.jpg,0,0
71165_20210624_3_0_0_3_2_13_0_18,/content/drive/MyDrive/CD2_DSA/raw/val/images/71165_20210624_3_0_0_3_2_13_0_18.jpg,0,0
311726_20210803_3_0_0_3_2_11_0_58,/content/drive/MyDrive/CD2_DSA/raw/val/images/311726_20210803_3_0_0_3_2_11_0_58.jpg,0,0
16364_20210706_3_1_a9_3_2_13_2_294,/content/drive/MyDrive/CD2_DSA/raw/val/images/16364_20210706_3_1_a9_3_2_13_2_294.jpg,1,1
990_20210624_3_0_0_1_2_13_0_45,/content/drive/MyDrive/CD2_DSA/raw/val/images/990_20210624_3_0_0_1_2_13_0_45.jpg,0,0
308497_20210914_3_0_0_3_2_11_0_397,/content/drive/MyDrive/CD2_DSA/raw/val/images/308497_20210914_3_0_0_3_2_11_0_397.jpg,0,0
22299_20210624_3_0_0_2_2_13_0_17,/content/drive/MyDrive/CD2_DSA/raw/val/images/22299_20210624_3_0_0_2_2_13_0_17.jpg,0,0
13351_20210624_3_0_0_1_2_13_0_184,/content/drive/MyDrive/CD2_DSA/raw/val/images/13351_20210624_3_0_0_1_2_13_0_184.jpg,0,0
307431_20210914_3_0_0_3_2_11_0_31,/content/drive/MyDrive/CD2_DSA/raw/val/images/307431_20210914_3_0_0_3_2_11_0_31.jpg,0,0
66260_20210624_3_0_0_4_2_13_0_161,/content/drive/MyDrive/CD2_DSA/raw/val/images/66260_20210624_3_0_0_4_2_13_0_161.jpg,0,0
17042_20210622_3_1_a9_3_2_13_1_163,/content/drive/MyDrive/CD2_DSA/raw/val/images/17042_20210622_3_1_a9_3_2_13_1_163.jpg,1,0
1124_20210624_3_0_0_1_2_13_0_179,/content/drive/MyDrive/CD2_DSA/raw/val/images/1124_20210624_3_0_0_1_2_13_0_179.jpg,0,0
86444_20210624_3_0_0_5_2_13_0_23,/content/drive/MyDrive/CD2_DSA/raw/val/images/86444_20210624_3_0_0_5_2_13_0_23.jpg,0,0
3745_20210622_3_1_a9_3_2_13_3_23,/content/drive/MyDrive/CD2_DSA/raw/val/images/3745_20210622_3_1_a9_3_2_13_3_23.jpg,1,1
16245_20210706_3_1_a9_3_2_13_2_175,/content/drive/MyDrive/CD2_DSA/raw/val/images/16245_20210706_3_1_a9_3_2_13_2_175.jpg,1,1
308533_20210914_3_0_0_5_2_11_0_9,/content/drive/MyDrive/CD2_DSA/raw/val/images/308533_20210914_3_0_0_5_2_11_0_9.jpg,0,0
95224_20210624_3_0_0_1_2_13_0_45,/content/drive/MyDrive/CD2_DSA/raw/val/images/95224_20210624_3_0_0_1_2_13_0_45.jpg,0,0
308117_20210914_3_0_0_3_2_11_0_17,/content/drive/MyDrive/CD2_DSA/raw/val/images/308117_20210914_3_0_0_3_2_11_0_17.jpg,0,0
16693_20210706_3_1_a9_3_2_13_2_544,/content/drive/MyDrive/CD2_DSA/raw/val/images/16693_20210706_3_1_a9_3_2_13_2_544.jpg,1,0
15765_20210622_3_1_a9_3_2_13_2_6,/content/drive/MyDrive/CD2_DSA/raw/val/images/15765_20210622_3_1_a9_3_2_13_2_6.jpg,1,1
67447_20210624_3_0_0_1_2_13_0_48,/content/drive/MyDrive/CD2_DSA/raw/val/images/67447_20210624_3_0_0_1_2_13_0_48.jpg,0,0
311715_20210803_3_0_0_3_2_11_0_47,/content/drive/MyDrive/CD2_DSA/raw/val/images/311715_20210803_3_0_0_3_2_11_0_47.jpg,0,0
5854_20210622_3_1_a9_3_2_13_1_39,/content/drive/MyDrive/CD2_DSA/raw/val/images/5854_20210622_3_1_a9_3_2_13_1_39.jpg,1,1
3402_20210629_3_1_a9_3_2_13_1_157,/content/drive/MyDrive/CD2_DSA/raw/val/images/3402_20210629_3_1_a9_3_2_13_1_157.jpg,1,1
16711_20210706_3_1_a9_3_2_13_2_562,/content/drive/MyDrive/CD2_DSA/raw/val/images/16711_20210706_3_1_a9_3_2_13_2_562.jpg,1,1
308050_20210914_3_0_0_5_2_11_0_247,/content/drive/MyDrive/CD2_DSA/raw/val/images/308050_20210914_3_0_0_5_2_11_0_247.jpg,0,0
48975_20210624_3_0_0_1_2_13_0_49,/content/drive/MyDrive/CD2_DSA/raw/val/images/48975_20210624_3_0_0_1_2_13_0_49.jpg,0,0
108262_20210624_3_0_0_2_2_13_0_135,/content/drive/MyDrive/CD2_DSA/raw/val/images/108262_20210624_3_0_0_2_2_13_0_135.jpg,0,0
12312_20210624_3_0_0_1_2_13_0_157,/content/drive/MyDrive/CD2_DSA/raw/val/images/12312_20210624_3_0_0_1_2_13_0_157.jpg,0,0
948_20210624_3_0_0_1_2_13_0_3,/content/drive/MyDrive/CD2_DSA/raw/val/images/948_20210624_3_0_0_1_2_13_0_3.jpg,0,0
307648_20210914_3_0_0_3_2_11_0_248,/content/drive/MyDrive/CD2_DSA/raw/val/images/307648_20210914_3_0_0_3_2_11_0_248.jpg,0,0
67520_20210624_3_0_0_1_2_13_0_121,/content/drive/MyDrive/CD2_DSA/raw/val/images/67520_20210624_3_0_0_1_2_13_0_121.jpg,0,0
1464_20210622_3_1_a9_3_2_13_2_36,/content/drive/MyDrive/CD2_DSA/raw/val/images/1464_20210622_3_1_a9_3_2_13_2_36.jpg,1,0
106313_20210624_3_0_0_1_2_13_0_110,/content/drive/MyDrive/CD2_DSA/raw/val/images/106313_20210624_3_0_0_1_2_13_0_110.jpg,0,0
308653_20210914_3_0_0_5_2_11_0_130,/content/drive/MyDrive/CD2_DSA/raw/val/images/308653_20210914_3_0_0_5_2_11_0_130.jpg,0,0
49090_20210624_3_0_0_1_2_13_0_164,/content/drive/MyDrive/CD2_DSA/raw/val/images/49090_20210624_3_0_0_1_2_13_0_164.jpg,0,0
2666_20210624_3_0_0_4_2_13_0_135,/content/drive/MyDrive/CD2_DSA/raw/val/images/2666_20210624_3_0_0_4_2_13_0_135.jpg,0,0
308680_20210914_3_0_0_5_2_11_0_157,/content/drive/MyDrive/CD2_DSA/raw/val/images/308680_20210914_3_0_0_5_2_11_0_157.jpg,0,0
170818_20210624_3_0_0_5_2_13_0_12,/content/drive/MyDrive/CD2_DSA/raw/val/images/170818_20210624_3_0_0_5_2_13_0_12.jpg,0,0
126104_20210624_3_0_0_5_2_13_0_39,/content/drive/MyDrive/CD2_DSA/raw/val/images/126104_20210624_3_0_0_5_2_13_0_39.jpg,0,0
308044_20210914_3_0_0_5_2_11_0_241,/content/drive/MyDrive/CD2_DSA/raw/val/images/308044_20210914_3_0_0_5_2_11_0_241.jpg,0,0
307847_20210914_3_0_0_5_2_11_0_44,/content/drive/MyDrive/CD2_DSA/raw/val/images/307847_20210914_3_0_0_5_2_11_0_44.jpg,0,0
308829_20210914_3_0_0_5_2_11_0_305,/content/drive/MyDrive/CD2_DSA/raw/val/images/308829_20210914_3_0_0_5_2_11_0_305.jpg,0,0
1096_20210624_3_0_0_1_2_13_0_151,/content/drive/MyDrive/CD2_DSA/raw/val/images/1096_20210624_3_0_0_1_2_13_0_151.jpg,0,0
304228_20210913_3_0_0_3_2_11_0_465,/content/drive/MyDrive/CD2_DSA/raw/val/images/304228_20210913_3_0_0_3_2_11_0_465.jpg,0,0
893_20210622_3_1_a9_3_2_13_3_91,/content/drive/MyDrive/CD2_DSA/raw/val/images/893_20210622_3_1_a9_3_2_13_3_91.jpg,1,1
308669_20210914_3_0_0_5_2_11_0_146,/content/drive/MyDrive/CD2_DSA/raw/val/images/308669_20210914_3_0_0_5_2_11_0_146.jpg,0,0
1069_20210624_3_0_0_1_2_13_0_124,/content/drive/MyDrive/CD2_DSA/raw/val/images/1069_20210624_3_0_0_1_2_13_0_124.jpg,0,0
86576_20210624_3_0_0_1_2_13_0_145,/content/drive/MyDrive/CD2_DSA/raw/val/images/86576_20210624_3_0_0_1_2_13_0_145.jpg,0,0
16924_20210622_3_1_a9_3_2_13_2_14,/content/drive/MyDrive/CD2_DSA/raw/val/images/16924_20210622_3_1_a9_3_2_13_2_14.jpg,1,1
308210_20210914_3_0_0_3_2_11_0_110,/content/drive/MyDrive/CD2_DSA/raw/val/images/308210_20210914_3_0_0_3_2_11_0_110.jpg,0,0
49094_20210624_3_0_0_1_2_13_0_168,/content/drive/MyDrive/CD2_DSA/raw/val/images/49094_20210624_3_0_0_1_2_13_0_168.jpg,0,0
17053_20210622_3_1_a9_3_2_13_1_174,/content/drive/MyDrive/CD2_DSA/raw/val/images/17053_20210622_3_1_a9_3_2_13_1_174.jpg,1,0
7607_20210622_3_1_a9_3_2_13_1_219,/content/drive/MyDrive/CD2_DSA/raw/val/images/7607_20210622_3_1_a9_3_2_13_1_219.jpg,1,1
308261_20210914_3_0_0_3_2_11_0_161,/content/drive/MyDrive/CD2_DSA/raw/val/images/308261_20210914_3_0_0_3_2_11_0_161.jpg,0,0
10511_20210624_3_0_0_3_2_13_0_17,/content/drive/MyDrive/CD2_DSA/raw/val/images/10511_20210624_3_0_0_3_2_13_0_17.jpg,0,0
312014_20210914_3_0_0_3_2_11_0_137,/content/drive/MyDrive/CD2_DSA/raw/val/images/312014_20210914_3_0_0_3_2_11_0_137.jpg,0,0
16568_20210706_3_1_a9_3_2_13_2_419,/content/drive/MyDrive/CD2_DSA/raw/val/images/16568_20210706_3_1_a9_3_2_13_2_419.jpg,1,1
311713_20210803_3_0_0_3_2_11_0_45,/content/drive/MyDrive/CD2_DSA/raw/val/images/311713_20210803_3_0_0_3_2_11_0_45.jpg,0,0
12004_20210624_3_0_0_1_2_13_0_145,/content/drive/MyDrive/CD2_DSA/raw/val/images/12004_20210624_3_0_0_1_2_13_0_145.jpg,0,0
307843_20210914_3_0_0_5_2_11_0_40,/content/drive/MyDrive/CD2_DSA/raw/val/images/307843_20210914_3_0_0_5_2_11_0_40.jpg,0,0
3184_20210629_3_1_a9_3_2_13_1_39,/content/drive/MyDrive/CD2_DSA/raw/val/images/3184_20210629_3_1_a9_3_2_13_1_39.jpg,1,0
15846_20210622_3_1_a9_3_2_13_2_87,/content/drive/MyDrive/CD2_DSA/raw/val/images/15846_20210622_3_1_a9_3_2_13_2_87.jpg,1,1
3811_20210629_3_1_a9_3_2_13_3_20,/content/drive/MyDrive/CD2_DSA/raw/val/images/3811_20210629_3_1_a9_3_2_13_3_20.jpg,1,1
16905_20210622_3_1_a9_3_2_13_1_65,/content/drive/MyDrive/CD2_DSA/raw/val/images/16905_20210622_3_1_a9_3_2_13_1_65.jpg,1,0
16394_20210706_3_1_a9_3_2_13_2_310,/content/drive/MyDrive/CD2_DSA/raw/val/images/16394_20210706_3_1_a9_3_2_13_2_310.jpg,1,1
684_20210622_3_1_a9_3_2_13_1_49,/content/drive/MyDrive/CD2_DSA/raw/val/images/684_20210622_3_1_a9_3_2_13_1_49.jpg,1,0
307487_20210914_3_0_0_3_2_11_0_87,/content/drive/MyDrive/CD2_DSA/raw/val/images/307487_20210914_3_0_0_3_2_11_0_87.jpg,0,0
307510_20210914_3_0_0_3_2_11_0_110,/content/drive/MyDrive/CD2_DSA/raw/val/images/307510_20210914_3_0_0_3_2_11_0_110.jpg,0,0
170916_20210624_3_0_0_5_2_13_0_110,/content/drive/MyDrive/CD2_DSA/raw/val/images/170916_20210624_3_0_0_5_2_13_0_110.jpg,0,0
16048_20210706_3_1_a9_3_2_13_2_58,/content/drive/MyDrive/CD2_DSA/raw/val/images/16048_20210706_3_1_a9_3_2_13_2_58.jpg,1,1
67474_20210624_3_0_0_1_2_13_0_75,/content/drive/MyDrive/CD2_DSA/raw/val/images/67474_20210624_3_0_0_1_2_13_0_75.jpg,0,0
304067_20210913_3_0_0_3_2_11_0_304,/content/drive/MyDrive/CD2_DSA/raw/val/images/304067_20210913_3_0_0_3_2_11_0_304.jpg,0,0
4492_20210622_3_1_a9_3_2_13_2_60,/content/drive/MyDrive/CD2_DSA/raw/val/images/4492_20210622_3_1_a9_3_2_13_2_60.jpg,1,1
67606_20210624_3_0_0_1_2_13_0_177,/content/drive/MyDrive/CD2_DSA/raw/val/images/67606_20210624_3_0_0_1_2_13_0_177.jpg,0,0
308338_20210914_3_0_0_3_2_11_0_238,/content/drive/MyDrive/CD2_DSA/raw/val/images/308338_20210914_3_0_0_3_2_11_0_238.jpg,0,0
16650_20210706_3_1_a9_3_2_13_2_501,/content/drive/MyDrive/CD2_DSA/raw/val/images/16650_20210706_3_1_a9_3_2_13_2_501.jpg,1,1
304050_20210913_3_0_0_3_2_11_0_287,/content/drive/MyDrive/CD2_DSA/raw/val/images/304050_20210913_3_0_0_3_2_11_0_287.jpg,0,0
16046_20210706_3_1_a9_3_2_13_2_56,/content/drive/MyDrive/CD2_DSA/raw/val/images/16046_20210706_3_1_a9_3_2_13_2_56.jpg,1,1
308164_20210914_3_0_0_3_2_11_0_64,/content/drive/MyDrive/CD2_DSA/raw/val/images/308164_20210914_3_0_0_3_2_11_0_64.jpg,0,0
16847_20210622_3_1_a9_3_2_13_1_7,/content/drive/MyDrive/CD2_DSA/raw/val/images/16847_20210622_3_1_a9_3_2_13_1_7.jpg,1,1
16475_20210706_3_1_a9_3_2_13_2_391,/content/drive/MyDrive/CD2_DSA/raw/val/images/16475_20210706_3_1_a9_3_2_13_2_391.jpg,1,0
312096_20210914_3_0_0_3_2_11_0_219,/content/drive/MyDrive/CD2_DSA/raw/val/images/312096_20210914_3_0_0_3_2_11_0_219.jpg,0,0
307546_20210914_3_0_0_3_2_11_0_146,/content/drive/MyDrive/CD2_DSA/raw/val/images/307546_20210914_3_0_0_3_2_11_0_146.jpg,0,0
15388_20210622_3_1_a9_3_2_13_3_92,/content/drive/MyDrive/CD2_DSA/raw/val/images/15388_20210622_3_1_a9_3_2_13_3_92.jpg,1,0
307859_20210914_3_0_0_5_2_11_0_56,/content/drive/MyDrive/CD2_DSA/raw/val/images/307859_20210914_3_0_0_5_2_11_0_56.jpg,0,0
308831_20210914_3_0_0_5_2_11_0_307,/content/drive/MyDrive/CD2_DSA/raw/val/images/308831_20210914_3_0_0_5_2_11_0_307.jpg,0,0
308409_20210914_3_0_0_3_2_11_0_309,/content/drive/MyDrive/CD2_DSA/raw/val/images/308409_20210914_3_0_0_3_2_11_0_309.jpg,0,0
1042_20210624_3_0_0_1_2_13_0_97,/content/drive/MyDrive/CD2_DSA/raw/val/images/1042_20210624_3_0_0_1_2_13_0_97.jpg,0,0
1676_20210622_3_1_a9_3_2_13_2_248,/content/drive/MyDrive/CD2_DSA/raw/val/images/1676_20210622_3_1_a9_3_2_13_2_248.jpg,1,1
307465_20210914_3_0_0_3_2_11_0_65,/content/drive/MyDrive/CD2_DSA/raw/val/images/307465_20210914_3_0_0_3_2_11_0_65.jpg,0,0
5987_20210622_3_1_a9_3_2_13_1_56,/content/drive/MyDrive/CD2_DSA/raw/val/images/5987_20210622_3_1_a9_3_2_13_1_56.jpg,1,1
10498_20210624_3_0_0_3_2_13_0_4,/content/drive/MyDrive/CD2_DSA/raw/val/images/10498_20210624_3_0_0_3_2_13_0_4.jpg,0,0
16097_20210706_3_1_a9_3_2_13_2_107,/content/drive/MyDrive/CD2_DSA/raw/val/images/16097_20210706_3_1_a9_3_2_13_2_107.jpg,1,1
13137_20210624_3_0_0_1_2_13_0_175,/content/drive/MyDrive/CD2_DSA/raw/val/images/13137_20210624_3_0_0_1_2_13_0_175.jpg,0,0
16437_20210706_3_1_a9_3_2_13_2_353,/content/drive/MyDrive/CD2_DSA/raw/val/images/16437_20210706_3_1_a9_3_2_13_2_353.jpg,1,1
16851_20210622_3_1_a9_3_2_13_1_11,/content/drive/MyDrive/CD2_DSA/raw/val/images/16851_20210622_3_1_a9_3_2_13_1_11.jpg,1,1
11772_20210624_3_0_0_1_2_13_0_126,/content/drive/MyDrive/CD2_DSA/raw/val/images/11772_20210624_3_0_0_1_2_13_0_126.jpg,0,0
16840_20210713_3_1_a9_3_2_13_3_102,/content/drive/MyDrive/CD2_DSA/raw/val/images/16840_20210713_3_1_a9_3_2_13_3_102.jpg,1,0
311885_20210914_3_0_0_3_2_11_0_8,/content/drive/MyDrive/CD2_DSA/raw/val/images/311885_20210914_3_0_0_3_2_11_0_8.jpg,0,0
103724_20210624_3_0_0_4_2_13_0_2,/content/drive/MyDrive/CD2_DSA/raw/val/images/103724_20210624_3_0_0_4_2_13_0_2.jpg,0,0
304299_20210913_3_0_0_3_2_11_0_536,/content/drive/MyDrive/CD2_DSA/raw/val/images/304299_20210913_3_0_0_3_2_11_0_536.jpg,0,0
1461_20210622_3_1_a9_3_2_13_2_33,/content/drive/MyDrive/CD2_DSA/raw/val/images/1461_20210622_3_1_a9_3_2_13_2_33.jpg,1,0
16996_20210622_3_1_a9_3_2_13_1_117,/content/drive/MyDrive/CD2_DSA/raw/val/images/16996_20210622_3_1_a9_3_2_13_1_117.jpg,1,0
67404_20210624_3_0_0_1_2_13_0_5,/content/drive/MyDrive/CD2_DSA/raw/val/images/67404_20210624_3_0_0_1_2_13_0_5.jpg,0,0
308162_20210914_3_0_0_3_2_11_0_62,/content/drive/MyDrive/CD2_DSA/raw/val/images/308162_20210914_3_0_0_3_2_11_0_62.jpg,0,0
16874_20210622_3_1_a9_3_2_13_1_34,/content/drive/MyDrive/CD2_DSA/raw/val/images/16874_20210622_3_1_a9_3_2_13_1_34.jpg,1,1
3234_20210629_3_1_a9_3_2_13_1_89,/content/drive/MyDrive/CD2_DSA/raw/val/images/3234_20210629_3_1_a9_3_2_13_1_89.jpg,1,1
3858_20210629_3_1_a9_3_2_13_3_67,/content/drive/MyDrive/CD2_DSA/raw/val/images/3858_20210629_3_1_a9_3_2_13_3_67.jpg,1,1
22297_20210624_3_0_0_2_2_13_0_15,/content/drive/MyDrive/CD2_DSA/raw/val/images/22297_20210624_3_0_0_2_2_13_0_15.jpg,0,0
3776_20210629_3_1_a9_3_2_13_2_106,/content/drive/MyDrive/CD2_DSA/raw/val/images/3776_20210629_3_1_a9_3_2_13_2_106.jpg,1,1
3590_20210629_3_1_a9_3_2_13_1_239,/content/drive/MyDrive/CD2_DSA/raw/val/images/3590_20210629_3_1_a9_3_2_13_1_239.jpg,1,1
311995_20210914_3_0_0_3_2_11_0_118,/content/drive/MyDrive/CD2_DSA/raw/val/images/311995_20210914_3_0_0_3_2_11_0_118.jpg,0,0
109505_20210624_3_0_0_3_2_13_0_119,/content/drive/MyDrive/CD2_DSA/raw/val/images/109505_20210624_3_0_0_3_2_13_0_119.jpg,0,0
304030_20210913_3_0_0_3_2_11_0_267,/content/drive/MyDrive/CD2_DSA/raw/val/images/304030_20210913_3_0_0_3_2_11_0_267.jpg,0,0
15377_20210622_3_1_a9_3_2_13_3_81,/content/drive/MyDrive/CD2_DSA/raw/val/images/15377_20210622_3_1_a9_3_2_13_3_81.jpg,1,1
308243_20210914_3_0_0_3_2_11_0_143,/content/drive/MyDrive/CD2_DSA/raw/val/images/308243_20210914_3_0_0_3_2_11_0_143.jpg,0,0
95856_20210624_3_0_0_3_2_13_0_0,/content/drive/MyDrive/CD2_DSA/raw/val/images/95856_20210624_3_0_0_3_2_13_0_0.jpg,0,0
308489_20210914_3_0_0_3_2_11_0_389,/content/drive/MyDrive/CD2_DSA/raw/val/images/308489_20210914_3_0_0_3_2_11_0_389.jpg,0,0
308718_20210914_3_0_0_5_2_11_0_195,/content/drive/MyDrive/CD2_DSA/raw/val/images/308718_20210914_3_0_0_5_2_11_0_195.jpg,0,0
125620_20210624_3_0_0_2_2_13_0_24,/content/drive/MyDrive/CD2_DSA/raw/val/images/125620_20210624_3_0_0_2_2_13_0_24.jpg,0,0
4726_20210622_3_1_a9_3_2_13_2_94,/content/drive/MyDrive/CD2_DSA/raw/val/images/4726_20210622_3_1_a9_3_2_13_2_94.jpg,1,1
308308_20210914_3_0_0_3_2_11_0_208,/content/drive/MyDrive/CD2_DSA/raw/val/images/308308_20210914_3_0_0_3_2_11_0_208.jpg,0,0
11996_20210624_3_0_0_1_2_13_0_137,/content/drive/MyDrive/CD2_DSA/raw/val/images/11996_20210624_3_0_0_1_2_13_0_137.jpg,0,0
308206_20210914_3_0_0_3_2_11_0_106,/content/drive/MyDrive/CD2_DSA/raw/val/images/308206_20210914_3_0_0_3_2_11_0_106.jpg,0,0
308051_20210914_3_0_0_5_2_11_0_248,/content/drive/MyDrive/CD2_DSA/raw/val/images/308051_20210914_3_0_0_5_2_11_0_248.jpg,0,0
1577_20210622_3_1_a9_3_2_13_2_149,/content/drive/MyDrive/CD2_DSA/raw/val/images/1577_20210622_3_1_a9_3_2_13_2_149.jpg,1,1
15106_20210622_3_1_a9_3_2_13_3_17,/content/drive/MyDrive/CD2_DSA/raw/val/images/15106_20210622_3_1_a9_3_2_13_3_17.jpg,1,1
311735_20210803_3_0_0_3_2_11_0_67,/content/drive/MyDrive/CD2_DSA/raw/val/images/311735_20210803_3_0_0_3_2_11_0_67.jpg,0,0
307409_20210914_3_0_0_3_2_11_0_9,/content/drive/MyDrive/CD2_DSA/raw/val/images/307409_20210914_3_0_0_3_2_11_0_9.jpg,0,0
16857_20210622_3_1_a9_3_2_13_1_17,/content/drive/MyDrive/CD2_DSA/raw/val/images/16857_20210622_3_1_a9_3_2_13_1_17.jpg,1,1
3202_20210629_3_1_a9_3_2_13_1_57,/content/drive/MyDrive/CD2_DSA/raw/val/images/3202_20210629_3_1_a9_3_2_13_1_57.jpg,1,1
15138_20210622_3_1_a9_3_2_13_3_49,/content/drive/MyDrive/CD2_DSA/raw/val/images/15138_20210622_3_1_a9_3_2_13_3_49.jpg,1,0
3850_20210629_3_1_a9_3_2_13_3_59,/content/drive/MyDrive/CD2_DSA/raw/val/images/3850_20210629_3_1_a9_3_2_13_3_59.jpg,1,1
1064_20210624_3_0_0_1_2_13_0_119,/content/drive/MyDrive/CD2_DSA/raw/val/images/1064_20210624_3_0_0_1_2_13_0_119.jpg,0,0
170885_20210624_3_0_0_5_2_13_0_79,/content/drive/MyDrive/CD2_DSA/raw/val/images/170885_20210624_3_0_0_5_2_13_0_79.jpg,0,0
15091_20210622_3_1_a9_3_2_13_3_2,/content/drive/MyDrive/CD2_DSA/raw/val/images/15091_20210622_3_1_a9_3_2_13_3_2.jpg,1,1
32322_20210624_3_0_0_4_2_13_0_25,/content/drive/MyDrive/CD2_DSA/raw/val/images/32322_20210624_3_0_0_4_2_13_0_25.jpg,0,0
308817_20210914_3_0_0_5_2_11_0_293,/content/drive/MyDrive/CD2_DSA/raw/val/images/308817_20210914_3_0_0_5_2_11_0_293.jpg,0,0
86882_20210624_3_0_0_1_2_13_0_207,/content/drive/MyDrive/CD2_DSA/raw/val/images/86882_20210624_3_0_0_1_2_13_0_207.jpg,0,0
307468_20210914_3_0_0_3_2_11_0_68,/content/drive/MyDrive/CD2_DSA/raw/val/images/307468_20210914_3_0_0_3_2_11_0_68.jpg,0,0
49117_20210624_3_0_0_1_2_13_0_191,/content/drive/MyDrive/CD2_DSA/raw/val/images/49117_20210624_3_0_0_1_2_13_0_191.jpg,0,0
16752_20210713_3_1_a9_3_2_13_3_14,/content/drive/MyDrive/CD2_DSA/raw/val/images/16752_20210713_3_1_a9_3_2_13_3_14.jpg,1,1
304261_20210913_3_0_0_3_2_11_0_498,/content/drive/MyDrive/CD2_DSA/raw/val/images/304261_20210913_3_0_0_3_2_11_0_498.jpg,0,0
104094_20210624_3_0_0_4_2_13_0_172,/content/drive/MyDrive/CD2_DSA/raw/val/images/104094_20210624_3_0_0_4_2_13_0_172.jpg,0,0
5733_20210622_3_1_a9_3_2_13_1_18,/content/drive/MyDrive/CD2_DSA/raw/val/images/5733_20210622_3_1_a9_3_2_13_1_18.jpg,1,0
307400_20210914_3_0_0_3_2_11_0_0,/content/drive/MyDrive/CD2_DSA/raw/val/images/307400_20210914_3_0_0_3_2_11_0_0.jpg,0,0
25697_20210624_3_0_0_5_2_13_0_121,/content/drive/MyDrive/CD2_DSA/raw/val/images/25697_20210624_3_0_0_5_2_13_0_121.jpg,0,0
170822_20210624_3_0_0_5_2_13_0_16,/content/drive/MyDrive/CD2_DSA/raw/val/images/170822_20210624_3_0_0_5_2_13_0_16.jpg,0,0
308486_20210914_3_0_0_3_2_11_0_386,/content/drive/MyDrive/CD2_DSA/raw/val/images/308486_20210914_3_0_0_3_2_11_0_386.jpg,0,0
308477_20210914_3_0_0_3_2_11_0_377,/content/drive/MyDrive/CD2_DSA/raw/val/images/308477_20210914_3_0_0_3_2_11_0_377.jpg,0,0
15864_20210622_3_1_a9_3_2_13_2_105,/content/drive/MyDrive/CD2_DSA/raw/val/images/15864_20210622_3_1_a9_3_2_13_2_105.jpg,1,1
7019_20210622_3_1_a9_3_2_13_1_179,/content/drive/MyDrive/CD2_DSA/raw/val/images/7019_20210622_3_1_a9_3_2_13_1_179.jpg,1,1
308570_20210914_3_0_0_5_2_11_0_46,/content/drive/MyDrive/CD2_DSA/raw/val/images/308570_20210914_3_0_0_5_2_11_0_46.jpg,0,0
16884_20210622_3_1_a9_3_2_13_1_44,/content/drive/MyDrive/CD2_DSA/raw/val/images/16884_20210622_3_1_a9_3_2_13_1_44.jpg,1,0
10609_20210624_3_0_0_3_2_13_0_103,/content/drive/MyDrive/CD2_DSA/raw/val/images/10609_20210624_3_0_0_3_2_13_0_103.jpg,0,0
15661_20210706_3_1_a9_3_2_13_3_92,/content/drive/MyDrive/CD2_DSA/raw/val/images/15661_20210706_3_1_a9_3_2_13_3_92.jpg,1,1
14606_20210624_3_0_0_3_2_13_0_118,/content/drive/MyDrive/CD2_DSA/raw/val/images/14606_20210624_3_0_0_3_2_13_0_118.jpg,0,0
48985_20210624_3_0_0_1_2_13_0_59,/content/drive/MyDrive/CD2_DSA/raw/val/images/48985_20210624_3_0_0_1_2_13_0_59.jpg,0,0
124669_20210624_3_0_0_1_2_13_0_20,/content/drive/MyDrive/CD2_DSA/raw/val/images/124669_20210624_3_0_0_1_2_13_0_20.jpg,0,0
16379_20210622_3_1_a9_3_2_13_3_9,/content/drive/MyDrive/CD2_DSA/raw/val/images/16379_20210622_3_1_a9_3_2_13_3_9.jpg,1,0
67650_20210624_3_0_0_1_2_13_0_221,/content/drive/MyDrive/CD2_DSA/raw/val/images/67650_20210624_3_0_0_1_2_13_0_221.jpg,0,0
3564_20210629_3_1_a9_3_2_13_1_213,/content/drive/MyDrive/CD2_DSA/raw/val/images/3564_20210629_3_1_a9_3_2_13_1_213.jpg,1,0
307959_20210914_3_0_0_5_2_11_0_156,/content/drive/MyDrive/CD2_DSA/raw/val/images/307959_20210914_3_0_0_5_2_11_0_156.jpg,0,0
16994_20210622_3_1_a9_3_2_13_1_115,/content/drive/MyDrive/CD2_DSA/raw/val/images/16994_20210622_3_1_a9_3_2_13_1_115.jpg,1,1
68533_20210624_3_0_0_2_2_13_0_43,/content/drive/MyDrive/CD2_DSA/raw/val/images/68533_20210624_3_0_0_2_2_13_0_43.jpg,0,0
126105_20210624_3_0_0_5_2_13_0_40,/content/drive/MyDrive/CD2_DSA/raw/val/images/126105_20210624_3_0_0_5_2_13_0_40.jpg,0,0
66314_20210624_3_0_0_4_2_13_0_215,/content/drive/MyDrive/CD2_DSA/raw/val/images/66314_20210624_3_0_0_4_2_13_0_215.jpg,0,0
16023_20210706_3_1_a9_3_2_13_2_33,/content/drive/MyDrive/CD2_DSA/raw/val/images/16023_20210706_3_1_a9_3_2_13_2_33.jpg,1,1
307835_20210914_3_0_0_5_2_11_0_32,/content/drive/MyDrive/CD2_DSA/raw/val/images/307835_20210914_3_0_0_5_2_11_0_32.jpg,0,0
308623_20210914_3_0_0_5_2_11_0_99,/content/drive/MyDrive/CD2_DSA/raw/val/images/308623_20210914_3_0_0_5_2_11_0_99.jpg,0,0
17032_20210622_3_1_a9_3_2_13_1_153,/content/drive/MyDrive/CD2_DSA/raw/val/images/17032_20210622_3_1_a9_3_2_13_1_153.jpg,1,0
1619_20210622_3_1_a9_3_2_13_2_191,/content/drive/MyDrive/CD2_DSA/raw/val/images/1619_20210622_3_1_a9_3_2_13_2_191.jpg,1,1
64647_20210624_3_0_0_1_2_13_0_11,/content/drive/MyDrive/CD2_DSA/raw/val/images/64647_20210624_3_0_0_1_2_13_0_11.jpg,0,0
1070_20210624_3_0_0_1_2_13_0_125,/content/drive/MyDrive/CD2_DSA/raw/val/images/1070_20210624_3_0_0_1_2_13_0_125.jpg,0,0
16772_20210713_3_1_a9_3_2_13_3_34,/content/drive/MyDrive/CD2_DSA/raw/val/images/16772_20210713_3_1_a9_3_2_13_3_34.jpg,1,0
308587_20210914_3_0_0_5_2_11_0_63,/content/drive/MyDrive/CD2_DSA/raw/val/images/308587_20210914_3_0_0_5_2_11_0_63.jpg,0,0
15802_20210622_3_1_a9_3_2_13_2_43,/content/drive/MyDrive/CD2_DSA/raw/val/images/15802_20210622_3_1_a9_3_2_13_2_43.jpg,1,1
312115_20210914_3_0_0_3_2_11_0_238,/content/drive/MyDrive/CD2_DSA/raw/val/images/312115_20210914_3_0_0_3_2_11_0_238.jpg,0,0
304341_20210913_3_0_0_3_2_11_0_578,/content/drive/MyDrive/CD2_DSA/raw/val/images/304341_20210913_3_0_0_3_2_11_0_578.jpg,0,0
16742_20210713_3_1_a9_3_2_13_3_3,/content/drive/MyDrive/CD2_DSA/raw/val/images/16742_20210713_3_1_a9_3_2_13_3_3.jpg,1,0
312126_20210914_3_0_0_3_2_11_0_249,/content/drive/MyDrive/CD2_DSA/raw/val/images/312126_20210914_3_0_0_3_2_11_0_249.jpg,0,0
308491_20210914_3_0_0_3_2_11_0_391,/content/drive/MyDrive/CD2_DSA/raw/val/images/308491_20210914_3_0_0_3_2_11_0_391.jpg,0,0
5861_20210622_3_1_a9_3_2_13_1_50,/content/drive/MyDrive/CD2_DSA/raw/val/images/5861_20210622_3_1_a9_3_2_13_1_50.jpg,1,1
5738_20210622_3_1_a9_3_2_13_1_23,/content/drive/MyDrive/CD2_DSA/raw/val/images/5738_20210622_3_1_a9_3_2_13_1_23.jpg,1,1
109503_20210624_3_0_0_3_2_13_0_117,/content/drive/MyDrive/CD2_DSA/raw/val/images/109503_20210624_3_0_0_3_2_13_0_117.jpg,0,0
15627_20210706_3_1_a9_3_2_13_3_58,/content/drive/MyDrive/CD2_DSA/raw/val/images/15627_20210706_3_1_a9_3_2_13_3_58.jpg,1,1
66271_20210624_3_0_0_4_2_13_0_172,/content/drive/MyDrive/CD2_DSA/raw/val/images/66271_20210624_3_0_0_4_2_13_0_172.jpg,0,0
15637_20210706_3_1_a9_3_2_13_3_68,/content/drive/MyDrive/CD2_DSA/raw/val/images/15637_20210706_3_1_a9_3_2_13_3_68.jpg,1,1
95467_20210624_3_0_0_1_2_13_0_133,/content/drive/MyDrive/CD2_DSA/raw/val/images/95467_20210624_3_0_0_1_2_13_0_133.jpg,0,0
25683_20210624_3_0_0_5_2_13_0_107,/content/drive/MyDrive/CD2_DSA/raw/val/images/25683_20210624_3_0_0_5_2_13_0_107.jpg,0,0
49064_20210624_3_0_0_1_2_13_0_138,/content/drive/MyDrive/CD2_DSA/raw/val/images/49064_20210624_3_0_0_1_2_13_0_138.jpg,0,0
304165_20210913_3_0_0_3_2_11_0_402,/content/drive/MyDrive/CD2_DSA/raw/val/images/304165_20210913_3_0_0_3_2_11_0_402.jpg,0,0
308097_20210914_3_0_0_5_2_11_0_294,/content/drive/MyDrive/CD2_DSA/raw/val/images/308097_20210914_3_0_0_5_2_11_0_294.jpg,0,0
109487_20210624_3_0_0_3_2_13_0_101,/content/drive/MyDrive/CD2_DSA/raw/val/images/109487_20210624_3_0_0_3_2_13_0_101.jpg,0,0
5267_20210622_3_1_a9_3_2_13_2_143,/content/drive/MyDrive/CD2_DSA/raw/val/images/5267_20210622_3_1_a9_3_2_13_2_143.jpg,1,1
14607_20210624_3_0_0_3_2_13_0_119,/content/drive/MyDrive/CD2_DSA/raw/val/images/14607_20210624_3_0_0_3_2_13_0_119.jpg,0,0
95488_20210624_3_0_0_1_2_13_0_154,/content/drive/MyDrive/CD2_DSA/raw/val/images/95488_20210624_3_0_0_1_2_13_0_154.jpg,0,0
83237_20210624_3_0_0_1_2_13_0_150,/content/drive/MyDrive/CD2_DSA/raw/val/images/83237_20210624_3_0_0_1_2_13_0_150.jpg,0,0
16822_20210713_3_1_a9_3_2_13_3_84,/content/drive/MyDrive/CD2_DSA/raw/val/images/16822_20210713_3_1_a9_3_2_13_3_84.jpg,1,0
106526_20210624_3_0_0_1_2_13_0_123,/content/drive/MyDrive/CD2_DSA/raw/val/images/106526_20210624_3_0_0_1_2_13_0_123.jpg,0,0
15895_20210622_3_1_a9_3_2_13_2_136,/content/drive/MyDrive/CD2_DSA/raw/val/images/15895_20210622_3_1_a9_3_2_13_2_136.jpg,1,1
12005_20210624_3_0_0_1_2_13_0_146,/content/drive/MyDrive/CD2_DSA/raw/val/images/12005_20210624_3_0_0_1_2_13_0_146.jpg,0,0
879_20210622_3_1_a9_3_2_13_3_77,/content/drive/MyDrive/CD2_DSA/raw/val/images/879_20210622_3_1_a9_3_2_13_3_77.jpg,1,1
108272_20210624_3_0_0_2_2_13_0_145,/content/drive/MyDrive/CD2_DSA/raw/val/images/108272_20210624_3_0_0_2_2_13_0_145.jpg,0,0
103735_20210624_3_0_0_4_2_13_0_13,/content/drive/MyDrive/CD2_DSA/raw/val/images/103735_20210624_3_0_0_4_2_13_0_13.jpg,0,0
16547_20210706_3_1_a9_3_2_13_3_62,/content/drive/MyDrive/CD2_DSA/raw/val/images/16547_20210706_3_1_a9_3_2_13_3_62.jpg,1,0
16002_20210706_3_1_a9_3_2_13_2_12,/content/drive/MyDrive/CD2_DSA/raw/val/images/16002_20210706_3_1_a9_3_2_13_2_12.jpg,1,1
16619_20210706_3_1_a9_3_2_13_2_470,/content/drive/MyDrive/CD2_DSA/raw/val/images/16619_20210706_3_1_a9_3_2_13_2_470.jpg,1,0
311737_20210803_3_0_0_3_2_11_0_69,/content/drive/MyDrive/CD2_DSA/raw/val/images/311737_20210803_3_0_0_3_2_11_0_69.jpg,0,0
67454_20210624_3_0_0_1_2_13_0_55,/content/drive/MyDrive/CD2_DSA/raw/val/images/67454_20210624_3_0_0_1_2_13_0_55.jpg,0,0
6911_20210624_3_0_0_1_2_13_0_136,/content/drive/MyDrive/CD2_DSA/raw/val/images/6911_20210624_3_0_0_1_2_13_0_136.jpg,0,0
106569_20210624_3_0_0_1_2_13_0_166,/content/drive/MyDrive/CD2_DSA/raw/val/images/106569_20210624_3_0_0_1_2_13_0_166.jpg,0,0
15460_20210622_3_1_a9_3_2_13_3_164,/content/drive/MyDrive/CD2_DSA/raw/val/images/15460_20210622_3_1_a9_3_2_13_3_164.jpg,1,1
3363_20210629_3_1_a9_3_2_13_1_118,/content/drive/MyDrive/CD2_DSA/raw/val/images/3363_20210629_3_1_a9_3_2_13_1_118.jpg,1,0
15811_20210622_3_1_a9_3_2_13_2_52,/content/drive/MyDrive/CD2_DSA/raw/val/images/15811_20210622_3_1_a9_3_2_13_2_52.jpg,1,0
16909_20210622_3_1_a9_3_2_13_1_69,/content/drive/MyDrive/CD2_DSA/raw/val/images/16909_20210622_3_1_a9_3_2_13_1_69.jpg,1,1
106565_20210624_3_0_0_1_2_13_0_162,/content/drive/MyDrive/CD2_DSA/raw/val/images/106565_20210624_3_0_0_1_2_13_0_162.jpg,0,0
108266_20210624_3_0_0_2_2_13_0_139,/content/drive/MyDrive/CD2_DSA/raw/val/images/108266_20210624_3_0_0_2_2_13_0_139.jpg,0,0
6040_20210622_3_1_a9_3_2_13_1_89,/content/drive/MyDrive/CD2_DSA/raw/val/images/6040_20210622_3_1_a9_3_2_13_1_89.jpg,1,1
15642_20210706_3_1_a9_3_2_13_3_73,/content/drive/MyDrive/CD2_DSA/raw/val/images/15642_20210706_3_1_a9_3_2_13_3_73.jpg,1,1
3553_20210629_3_1_a9_3_2_13_1_202,/content/drive/MyDrive/CD2_DSA/raw/val/images/3553_20210629_3_1_a9_3_2_13_1_202.jpg,1,1
1090_20210624_3_0_0_1_2_13_0_145,/content/drive/MyDrive/CD2_DSA/raw/val/images/1090_20210624_3_0_0_1_2_13_0_145.jpg,0,0
311689_20210803_3_0_0_3_2_11_0_21,/content/drive/MyDrive/CD2_DSA/raw/val/images/311689_20210803_3_0_0_3_2_11_0_21.jpg,0,0
82840_20210624_3_0_0_1_2_13_0_11,/content/drive/MyDrive/CD2_DSA/raw/val/images/82840_20210624_3_0_0_1_2_13_0_11.jpg,0,0
95261_20210624_3_0_0_1_2_13_0_82,/content/drive/MyDrive/CD2_DSA/raw/val/images/95261_20210624_3_0_0_1_2_13_0_82.jpg,0,0
312125_20210914_3_0_0_3_2_11_0_248,/content/drive/MyDrive/CD2_DSA/raw/val/images/312125_20210914_3_0_0_3_2_11_0_248.jpg,0,0
308731_20210914_3_0_0_5_2_11_0_207,/content/drive/MyDrive/CD2_DSA/raw/val/images/308731_20210914_3_0_0_5_2_11_0_207.jpg,0,0
16875_20210622_3_1_a9_3_2_13_1_35,/content/drive/MyDrive/CD2_DSA/raw/val/images/16875_20210622_3_1_a9_3_2_13_1_35.jpg,1,1
6509_20210622_3_1_a9_3_2_13_1_137,/content/drive/MyDrive/CD2_DSA/raw/val/images/6509_20210622_3_1_a9_3_2_13_1_137.jpg,1,1
95218_20210624_3_0_0_1_2_13_0_39,/content/drive/MyDrive/CD2_DSA/raw/val/images/95218_20210624_3_0_0_1_2_13_0_39.jpg,0,0
5992_20210622_3_1_a9_3_2_13_1_61,/content/drive/MyDrive/CD2_DSA/raw/val/images/5992_20210622_3_1_a9_3_2_13_1_61.jpg,1,1
15429_20210622_3_1_a9_3_2_13_3_133,/content/drive/MyDrive/CD2_DSA/raw/val/images/15429_20210622_3_1_a9_3_2_13_3_133.jpg,1,1
6623_20210622_3_1_a9_3_2_13_1_151,/content/drive/MyDrive/CD2_DSA/raw/val/images/6623_20210622_3_1_a9_3_2_13_1_151.jpg,1,1
16497_20210706_3_1_a9_3_2_13_3_12,/content/drive/MyDrive/CD2_DSA/raw/val/images/16497_20210706_3_1_a9_3_2_13_3_12.jpg,1,0
308556_20210914_3_0_0_5_2_11_0_32,/content/drive/MyDrive/CD2_DSA/raw/val/images/308556_20210914_3_0_0_5_2_11_0_32.jpg,0,0
15887_20210622_3_1_a9_3_2_13_2_128,/content/drive/MyDrive/CD2_DSA/raw/val/images/15887_20210622_3_1_a9_3_2_13_2_128.jpg,1,0
25177_20210624_3_0_0_5_2_13_0_45,/content/drive/MyDrive/CD2_DSA/raw/val/images/25177_20210624_3_0_0_5_2_13_0_45.jpg,0,0
312120_20210914_3_0_0_3_2_11_0_243,/content/drive/MyDrive/CD2_DSA/raw/val/images/312120_20210914_3_0_0_3_2_11_0_243.jpg,0,0
108318_20210624_3_0_0_2_2_13_0_191,/content/drive/MyDrive/CD2_DSA/raw/val/images/108318_20210624_3_0_0_2_2_13_0_191.jpg,0,0
82874_20210624_3_0_0_1_2_13_0_45,/content/drive/MyDrive/CD2_DSA/raw/val/images/82874_20210624_3_0_0_1_2_13_0_45.jpg,0,0
16562_20210706_3_1_a9_3_2_13_2_413,/content/drive/MyDrive/CD2_DSA/raw/val/images/16562_20210706_3_1_a9_3_2_13_2_413.jpg,1,1
15366_20210622_3_1_a9_3_2_13_3_70,/content/drive/MyDrive/CD2_DSA/raw/val/images/15366_20210622_3_1_a9_3_2_13_3_70.jpg,1,0
71213_20210624_3_0_0_3_2_13_0_66,/content/drive/MyDrive/CD2_DSA/raw/val/images/71213_20210624_3_0_0_3_2_13_0_66.jpg,0,0
6879_20210624_3_0_0_1_2_13_0_104,/content/drive/MyDrive/CD2_DSA/raw/val/images/6879_20210624_3_0_0_1_2_13_0_104.jpg,0,0
308506_20210914_3_0_0_3_2_11_0_406,/content/drive/MyDrive/CD2_DSA/raw/val/images/308506_20210914_3_0_0_3_2_11_0_406.jpg,0,0
1072_20210624_3_0_0_1_2_13_0_127,/content/drive/MyDrive/CD2_DSA/raw/val/images/1072_20210624_3_0_0_1_2_13_0_127.jpg,0,0
16308_20210706_3_1_a9_3_2_13_2_238,/content/drive/MyDrive/CD2_DSA/raw/val/images/16308_20210706_3_1_a9_3_2_13_2_238.jpg,1,1
16440_20210706_3_1_a9_3_2_13_2_356,/content/drive/MyDrive/CD2_DSA/raw/val/images/16440_20210706_3_1_a9_3_2_13_2_356.jpg,1,0
653_20210622_3_1_a9_3_2_13_1_18,/content/drive/MyDrive/CD2_DSA/raw/val/images/653_20210622_3_1_a9_3_2_13_1_18.jpg,1,1
311996_20210914_3_0_0_3_2_11_0_119,/content/drive/MyDrive/CD2_DSA/raw/val/images/311996_20210914_3_0_0_3_2_11_0_119.jpg,0,0
307880_20210914_3_0_0_5_2_11_0_77,/content/drive/MyDrive/CD2_DSA/raw/val/images/307880_20210914_3_0_0_5_2_11_0_77.jpg,0,0
307895_20210914_3_0_0_5_2_11_0_92,/content/drive/MyDrive/CD2_DSA/raw/val/images/307895_20210914_3_0_0_5_2_11_0_92.jpg,0,0
125628_20210624_3_0_0_2_2_13_0_32,/content/drive/MyDrive/CD2_DSA/raw/val/images/125628_20210624_3_0_0_2_2_13_0_32.jpg,0,0
16806_20210713_3_1_a9_3_2_13_3_68,/content/drive/MyDrive/CD2_DSA/raw/val/images/16806_20210713_3_1_a9_3_2_13_3_68.jpg,1,0
307413_20210914_3_0_0_3_2_11_0_13,/content/drive/MyDrive/CD2_DSA/raw/val/images/307413_20210914_3_0_0_3_2_11_0_13.jpg,0,0
16682_20210706_3_1_a9_3_2_13_2_533,/content/drive/MyDrive/CD2_DSA/raw/val/images/16682_20210706_3_1_a9_3_2_13_2_533.jpg,1,1
307475_20210914_3_0_0_3_2_11_0_75,/content/drive/MyDrive/CD2_DSA/raw/val/images/307475_20210914_3_0_0_3_2_11_0_75.jpg,0,0
10554_20210624_3_0_0_3_2_13_0_60,/content/drive/MyDrive/CD2_DSA/raw/val/images/10554_20210624_3_0_0_3_2_13_0_60.jpg,0,0
15505_20210622_3_1_a9_3_2_13_3_209,/content/drive/MyDrive/CD2_DSA/raw/val/images/15505_20210622_3_1_a9_3_2_13_3_209.jpg,1,1
16324_20210706_3_1_a9_3_2_13_2_254,/content/drive/MyDrive/CD2_DSA/raw/val/images/16324_20210706_3_1_a9_3_2_13_2_254.jpg,1,1
16400_20210706_3_1_a9_3_2_13_2_316,/content/drive/MyDrive/CD2_DSA/raw/val/images/16400_20210706_3_1_a9_3_2_13_2_316.jpg,1,1
1469_20210622_3_1_a9_3_2_13_2_41,/content/drive/MyDrive/CD2_DSA/raw/val/images/1469_20210622_3_1_a9_3_2_13_2_41.jpg,1,1
308531_20210914_3_0_0_5_2_11_0_7,/content/drive/MyDrive/CD2_DSA/raw/val/images/308531_20210914_3_0_0_5_2_11_0_7.jpg,0,0
17022_20210622_3_1_a9_3_2_13_1_143,/content/drive/MyDrive/CD2_DSA/raw/val/images/17022_20210622_3_1_a9_3_2_13_1_143.jpg,1,0
304059_20210913_3_0_0_3_2_11_0_296,/content/drive/MyDrive/CD2_DSA/raw/val/images/304059_20210913_3_0_0_3_2_11_0_296.jpg,0,0
123865_20210624_3_0_0_4_2_13_0_29,/content/drive/MyDrive/CD2_DSA/raw/val/images/123865_20210624_3_0_0_4_2_13_0_29.jpg,0,0
3406_20210629_3_1_a9_3_2_13_1_161,/content/drive/MyDrive/CD2_DSA/raw/val/images/3406_20210629_3_1_a9_3_2_13_1_161.jpg,1,1
1732_20210622_3_1_a9_3_2_13_2_304,/content/drive/MyDrive/CD2_DSA/raw/val/images/1732_20210622_3_1_a9_3_2_13_2_304.jpg,1,1
308728_20210914_3_0_0_5_2_11_0_204,/content/drive/MyDrive/CD2_DSA/raw/val/images/308728_20210914_3_0_0_5_2_11_0_204.jpg,0,0
1496_20210622_3_1_a9_3_2_13_2_68,/content/drive/MyDrive/CD2_DSA/raw/val/images/1496_20210622_3_1_a9_3_2_13_2_68.jpg,1,0
16616_20210706_3_1_a9_3_2_13_2_467,/content/drive/MyDrive/CD2_DSA/raw/val/images/16616_20210706_3_1_a9_3_2_13_2_467.jpg,1,0
17016_20210622_3_1_a9_3_2_13_1_137,/content/drive/MyDrive/CD2_DSA/raw/val/images/17016_20210622_3_1_a9_3_2_13_1_137.jpg,1,1
86544_20210624_3_0_0_1_2_13_0_113,/content/drive/MyDrive/CD2_DSA/raw/val/images/86544_20210624_3_0_0_1_2_13_0_113.jpg,0,0
6764_20210622_3_1_a9_3_2_13_1_160,/content/drive/MyDrive/CD2_DSA/raw/val/images/6764_20210622_3_1_a9_3_2_13_1_160.jpg,1,1
307698_20210914_3_0_0_3_2_11_0_298,/content/drive/MyDrive/CD2_DSA/raw/val/images/307698_20210914_3_0_0_3_2_11_0_298.jpg,0,0
95439_20210624_3_0_0_1_2_13_0_105,/content/drive/MyDrive/CD2_DSA/raw/val/images/95439_20210624_3_0_0_1_2_13_0_105.jpg,0,0
6910_20210624_3_0_0_1_2_13_0_135,/content/drive/MyDrive/CD2_DSA/raw/val/images/6910_20210624_3_0_0_1_2_13_0_135.jpg,0,0
15894_20210622_3_1_a9_3_2_13_2_135,/content/drive/MyDrive/CD2_DSA/raw/val/images/15894_20210622_3_1_a9_3_2_13_2_135.jpg,1,1
851_20210622_3_1_a9_3_2_13_3_49,/content/drive/MyDrive/CD2_DSA/raw/val/images/851_20210622_3_1_a9_3_2_13_3_49.jpg,1,1
304063_20210913_3_0_0_3_2_11_0_300,/content/drive/MyDrive/CD2_DSA/raw/val/images/304063_20210913_3_0_0_3_2_11_0_300.jpg,0,0
3836_20210629_3_1_a9_3_2_13_3_45,/content/drive/MyDrive/CD2_DSA/raw/val/images/3836_20210629_3_1_a9_3_2_13_3_45.jpg,1,1
307792_20210914_3_0_0_3_2_11_0_392,/content/drive/MyDrive/CD2_DSA/raw/val/images/307792_20210914_3_0_0_3_2_11_0_392.jpg,0,0
3412_20210629_3_1_a9_3_2_13_1_167,/content/drive/MyDrive/CD2_DSA/raw/val/images/3412_20210629_3_1_a9_3_2_13_1_167.jpg,1,1
3768_20210622_3_1_a9_3_2_13_3_46,/content/drive/MyDrive/CD2_DSA/raw/val/images/3768_20210622_3_1_a9_3_2_13_3_46.jpg,1,1
1666_20210622_3_1_a9_3_2_13_2_238,/content/drive/MyDrive/CD2_DSA/raw/val/images/1666_20210622_3_1_a9_3_2_13_2_238.jpg,1,1
16396_20210706_3_1_a9_3_2_13_2_312,/content/drive/MyDrive/CD2_DSA/raw/val/images/16396_20210706_3_1_a9_3_2_13_2_312.jpg,1,0
16868_20210622_3_1_a9_3_2_13_1_28,/content/drive/MyDrive/CD2_DSA/raw/val/images/16868_20210622_3_1_a9_3_2_13_1_28.jpg,1,1
6300_20210622_3_1_a9_3_2_13_1_99,/content/drive/MyDrive/CD2_DSA/raw/val/images/6300_20210622_3_1_a9_3_2_13_1_99.jpg,1,1
95214_20210624_3_0_0_1_2_13_0_35,/content/drive/MyDrive/CD2_DSA/raw/val/images/95214_20210624_3_0_0_1_2_13_0_35.jpg,0,0
16644_20210706_3_1_a9_3_2_13_2_495,/content/drive/MyDrive/CD2_DSA/raw/val/images/16644_20210706_3_1_a9_3_2_13_2_495.jpg,1,1
1706_20210622_3_1_a9_3_2_13_2_278,/content/drive/MyDrive/CD2_DSA/raw/val/images/1706_20210622_3_1_a9_3_2_13_2_278.jpg,1,1
308463_20210914_3_0_0_3_2_11_0_363,/content/drive/MyDrive/CD2_DSA/raw/val/images/308463_20210914_3_0_0_3_2_11_0_363.jpg,0,0
15901_20210622_3_1_a9_3_2_13_2_142,/content/drive/MyDrive/CD2_DSA/raw/val/images/15901_20210622_3_1_a9_3_2_13_2_142.jpg,1,1
15450_20210622_3_1_a9_3_2_13_3_154,/content/drive/MyDrive/CD2_DSA/raw/val/images/15450_20210622_3_1_a9_3_2_13_3_154.jpg,1,1
67498_20210624_3_0_0_1_2_13_0_99,/content/drive/MyDrive/CD2_DSA/raw/val/images/67498_20210624_3_0_0_1_2_13_0_99.jpg,0,0
1560_20210622_3_1_a9_3_2_13_2_132,/content/drive/MyDrive/CD2_DSA/raw/val/images/1560_20210622_3_1_a9_3_2_13_2_132.jpg,1,1
83252_20210624_3_0_0_1_2_13_0_165,/content/drive/MyDrive/CD2_DSA/raw/val/images/83252_20210624_3_0_0_1_2_13_0_165.jpg,0,0
1691_20210622_3_1_a9_3_2_13_2_263,/content/drive/MyDrive/CD2_DSA/raw/val/images/1691_20210622_3_1_a9_3_2_13_2_263.jpg,1,1
2381_20210624_3_0_0_3_2_13_0_68,/content/drive/MyDrive/CD2_DSA/raw/val/images/2381_20210624_3_0_0_3_2_13_0_68.jpg,0,0
123885_20210624_3_0_0_4_2_13_0_49,/content/drive/MyDrive/CD2_DSA/raw/val/images/123885_20210624_3_0_0_4_2_13_0_49.jpg,0,0
307857_20210914_3_0_0_5_2_11_0_54,/content/drive/MyDrive/CD2_DSA/raw/val/images/307857_20210914_3_0_0_5_2_11_0_54.jpg,0,0
307558_20210914_3_0_0_3_2_11_0_158,/content/drive/MyDrive/CD2_DSA/raw/val/images/307558_20210914_3_0_0_3_2_11_0_158.jpg,0,0
308137_20210914_3_0_0_3_2_11_0_37,/content/drive/MyDrive/CD2_DSA/raw/val/images/308137_20210914_3_0_0_3_2_11_0_37.jpg,0,0
83208_20210624_3_0_0_1_2_13_0_121,/content/drive/MyDrive/CD2_DSA/raw/val/images/83208_20210624_3_0_0_1_2_13_0_121.jpg,0,0
685_20210622_3_1_a9_3_2_13_1_50,/content/drive/MyDrive/CD2_DSA/raw/val/images/685_20210622_3_1_a9_3_2_13_1_50.jpg,1,0
67408_20210624_3_0_0_1_2_13_0_9,/content/drive/MyDrive/CD2_DSA/raw/val/images/67408_20210624_3_0_0_1_2_13_0_9.jpg,0,0
2526_20210624_3_0_0_3_2_13_0_112,/content/drive/MyDrive/CD2_DSA/raw/val/images/2526_20210624_3_0_0_3_2_13_0_112.jpg,0,0
83195_20210624_3_0_0_1_2_13_0_108,/content/drive/MyDrive/CD2_DSA/raw/val/images/83195_20210624_3_0_0_1_2_13_0_108.jpg,0,0
125647_20210624_3_0_0_2_2_13_0_51,/content/drive/MyDrive/CD2_DSA/raw/val/images/125647_20210624_3_0_0_2_2_13_0_51.jpg,0,0
16719_20210706_3_1_a9_3_2_13_2_570,/content/drive/MyDrive/CD2_DSA/raw/val/images/16719_20210706_3_1_a9_3_2_13_2_570.jpg,1,0
15782_20210622_3_1_a9_3_2_13_2_23,/content/drive/MyDrive/CD2_DSA/raw/val/images/15782_20210622_3_1_a9_3_2_13_2_23.jpg,1,1
3650_20210629_3_1_a9_3_2_13_2_29,/content/drive/MyDrive/CD2_DSA/raw/val/images/3650_20210629_3_1_a9_3_2_13_2_29.jpg,1,0
15640_20210706_3_1_a9_3_2_13_3_71,/content/drive/MyDrive/CD2_DSA/raw/val/images/15640_20210706_3_1_a9_3_2_13_3_71.jpg,1,0
307581_20210914_3_0_0_3_2_11_0_181,/content/drive/MyDrive/CD2_DSA/raw/val/images/307581_20210914_3_0_0_3_2_11_0_181.jpg,0,0
3223_20210629_3_1_a9_3_2_13_1_78,/content/drive/MyDrive/CD2_DSA/raw/val/images/3223_20210629_3_1_a9_3_2_13_1_78.jpg,1,1
125692_20210624_3_0_0_2_2_13_0_96,/content/drive/MyDrive/CD2_DSA/raw/val/images/125692_20210624_3_0_0_2_2_13_0_96.jpg,0,0
15882_20210622_3_1_a9_3_2_13_2_123,/content/drive/MyDrive/CD2_DSA/raw/val/images/15882_20210622_3_1_a9_3_2_13_2_123.jpg,1,0
16747_20210713_3_1_a9_3_2_13_3_9,/content/drive/MyDrive/CD2_DSA/raw/val/images/16747_20210713_3_1_a9_3_2_13_3_9.jpg,1,1
13135_20210624_3_0_0_1_2_13_0_173,/content/drive/MyDrive/CD2_DSA/raw/val/images/13135_20210624_3_0_0_1_2_13_0_173.jpg,0,0
106217_20210624_3_0_0_1_2_13_0_14,/content/drive/MyDrive/CD2_DSA/raw/val/images/106217_20210624_3_0_0_1_2_13_0_14.jpg,0,0
15145_20210622_3_1_a9_3_2_13_3_56,/content/drive/MyDrive/CD2_DSA/raw/val/images/15145_20210622_3_1_a9_3_2_13_3_56.jpg,1,1
67541_20210624_3_0_0_1_2_13_0_142,/content/drive/MyDrive/CD2_DSA/raw/val/images/67541_20210624_3_0_0_1_2_13_0_142.jpg,0,0
16922_20210622_3_1_a9_3_2_13_2_12,/content/drive/MyDrive/CD2_DSA/raw/val/images/16922_20210622_3_1_a9_3_2_13_2_12.jpg,1,0
126075_20210624_3_0_0_5_2_13_0_10,/content/drive/MyDrive/CD2_DSA/raw/val/images/126075_20210624_3_0_0_5_2_13_0_10.jpg,0,0
83211_20210624_3_0_0_1_2_13_0_124,/content/drive/MyDrive/CD2_DSA/raw/val/images/83211_20210624_3_0_0_1_2_13_0_124.jpg,0,0
15668_20210706_3_1_a9_3_2_13_3_99,/content/drive/MyDrive/CD2_DSA/raw/val/images/15668_20210706_3_1_a9_3_2_13_3_99.jpg,1,1
2699_20210624_3_0_0_4_2_13_0_168,/content/drive/MyDrive/CD2_DSA/raw/val/images/2699_20210624_3_0_0_4_2_13_0_168.jpg,0,0
674_20210622_3_1_a9_3_2_13_1_39,/content/drive/MyDrive/CD2_DSA/raw/val/images/674_20210622_3_1_a9_3_2_13_1_39.jpg,1,1
312127_20210914_3_0_0_3_2_11_0_250,/content/drive/MyDrive/CD2_DSA/raw/val/images/312127_20210914_3_0_0_3_2_11_0_250.jpg,0,0
308571_20210914_3_0_0_5_2_11_0_47,/content/drive/MyDrive/CD2_DSA/raw/val/images/308571_20210914_3_0_0_5_2_11_0_47.jpg,0,0
125130_20210624_3_0_0_1_2_13_0_161,/content/drive/MyDrive/CD2_DSA/raw/val/images/125130_20210624_3_0_0_1_2_13_0_161.jpg,0,0
1650_20210622_3_1_a9_3_2_13_2_222,/content/drive/MyDrive/CD2_DSA/raw/val/images/1650_20210622_3_1_a9_3_2_13_2_222.jpg,1,0
125615_20210624_3_0_0_2_2_13_0_19,/content/drive/MyDrive/CD2_DSA/raw/val/images/125615_20210624_3_0_0_2_2_13_0_19.jpg,0,0
16327_20210706_3_1_a9_3_2_13_2_257,/content/drive/MyDrive/CD2_DSA/raw/val/images/16327_20210706_3_1_a9_3_2_13_2_257.jpg,1,1
304342_20210913_3_0_0_3_2_11_0_579,/content/drive/MyDrive/CD2_DSA/raw/val/images/304342_20210913_3_0_0_3_2_11_0_579.jpg,0,0
104065_20210624_3_0_0_4_2_13_0_143,/content/drive/MyDrive/CD2_DSA/raw/val/images/104065_20210624_3_0_0_4_2_13_0_143.jpg,0,0
9139_20210624_3_0_0_2_2_13_0_133,/content/drive/MyDrive/CD2_DSA/raw/val/images/9139_20210624_3_0_0_2_2_13_0_133.jpg,0,0
308624_20210914_3_0_0_5_2_11_0_101,/content/drive/MyDrive/CD2_DSA/raw/val/images/308624_20210914_3_0_0_5_2_11_0_101.jpg,0,0
311935_20210914_3_0_0_3_2_11_0_58,/content/drive/MyDrive/CD2_DSA/raw/val/images/311935_20210914_3_0_0_3_2_11_0_58.jpg,0,0
308375_20210914_3_0_0_3_2_11_0_275,/content/drive/MyDrive/CD2_DSA/raw/val/images/308375_20210914_3_0_0_3_2_11_0_275.jpg,0,0
65970_20210624_3_0_0_4_2_13_0_101,/content/drive/MyDrive/CD2_DSA/raw/val/images/65970_20210624_3_0_0_4_2_13_0_101.jpg,0,0
86174_20210624_3_0_0_1_2_13_0_33,/content/drive/MyDrive/CD2_DSA/raw/val/images/86174_20210624_3_0_0_1_2_13_0_33.jpg,0,0
10472_20210624_3_0_0_1_2_13_0_21,/content/drive/MyDrive/CD2_DSA/raw/val/images/10472_20210624_3_0_0_1_2_13_0_21.jpg,0,0
983_20210624_3_0_0_1_2_13_0_38,/content/drive/MyDrive/CD2_DSA/raw/val/images/983_20210624_3_0_0_1_2_13_0_38.jpg,0,0
108013_20210624_3_0_0_2_2_13_0_1,/content/drive/MyDrive/CD2_DSA/raw/val/images/108013_20210624_3_0_0_2_2_13_0_1.jpg,0,0
13350_20210624_3_0_0_1_2_13_0_183,/content/drive/MyDrive/CD2_DSA/raw/val/images/13350_20210624_3_0_0_1_2_13_0_183.jpg,0,0
34065_20210624_3_0_0_3_2_13_0_13,/content/drive/MyDrive/CD2_DSA/raw/val/images/34065_20210624_3_0_0_3_2_13_0_13.jpg,0,0
123860_20210624_3_0_0_4_2_13_0_24,/content/drive/MyDrive/CD2_DSA/raw/val/images/123860_20210624_3_0_0_4_2_13_0_24.jpg,0,0
308564_20210914_3_0_0_5_2_11_0_40,/content/drive/MyDrive/CD2_DSA/raw/val/images/308564_20210914_3_0_0_5_2_11_0_40.jpg,0,0
67455_20210624_3_0_0_1_2_13_0_56,/content/drive/MyDrive/CD2_DSA/raw/val/images/67455_20210624_3_0_0_1_2_13_0_56.jpg,0,0
6496_20210622_3_1_a9_3_2_13_1_124,/content/drive/MyDrive/CD2_DSA/raw/val/images/6496_20210622_3_1_a9_3_2_13_1_124.jpg,1,1
16966_20210622_3_1_a9_3_2_13_1_87,/content/drive/MyDrive/CD2_DSA/raw/val/images/16966_20210622_3_1_a9_3_2_13_1_87.jpg,1,1
64650_20210624_3_0_0_1_2_13_0_14,/content/drive/MyDrive/CD2_DSA/raw/val/images/64650_20210624_3_0_0_1_2_13_0_14.jpg,0,0
65874_20210624_3_0_0_4_2_13_0_5,/content/drive/MyDrive/CD2_DSA/raw/val/images/65874_20210624_3_0_0_4_2_13_0_5.jpg,0,0
304276_20210913_3_0_0_3_2_11_0_513,/content/drive/MyDrive/CD2_DSA/raw/val/images/304276_20210913_3_0_0_3_2_11_0_513.jpg,0,0
1648_20210622_3_1_a9_3_2_13_2_220,/content/drive/MyDrive/CD2_DSA/raw/val/images/1648_20210622_3_1_a9_3_2_13_2_220.jpg,1,0
6616_20210622_3_1_a9_3_2_13_1_144,/content/drive/MyDrive/CD2_DSA/raw/val/images/6616_20210622_3_1_a9_3_2_13_1_144.jpg,1,1
67605_20210624_3_0_0_1_2_13_0_176,/content/drive/MyDrive/CD2_DSA/raw/val/images/67605_20210624_3_0_0_1_2_13_0_176.jpg,0,0
71174_20210624_3_0_0_3_2_13_0_27,/content/drive/MyDrive/CD2_DSA/raw/val/images/71174_20210624_3_0_0_3_2_13_0_27.jpg,0,0
16380_20210622_3_1_a9_3_2_13_3_10,/content/drive/MyDrive/CD2_DSA/raw/val/images/16380_20210622_3_1_a9_3_2_13_3_10.jpg,1,0
308628_20210914_3_0_0_5_2_11_0_105,/content/drive/MyDrive/CD2_DSA/raw/val/images/308628_20210914_3_0_0_5_2_11_0_105.jpg,0,0
307866_20210914_3_0_0_5_2_11_0_63,/content/drive/MyDrive/CD2_DSA/raw/val/images/307866_20210914_3_0_0_5_2_11_0_63.jpg,0,0
15363_20210622_3_1_a9_3_2_13_3_67,/content/drive/MyDrive/CD2_DSA/raw/val/images/15363_20210622_3_1_a9_3_2_13_3_67.jpg,1,0
3370_20210629_3_1_a9_3_2_13_1_125,/content/drive/MyDrive/CD2_DSA/raw/val/images/3370_20210629_3_1_a9_3_2_13_1_125.jpg,1,1
304197_20210913_3_0_0_3_2_11_0_434,/content/drive/MyDrive/CD2_DSA/raw/val/images/304197_20210913_3_0_0_3_2_11_0_434.jpg,0,0
16663_20210706_3_1_a9_3_2_13_2_514,/content/drive/MyDrive/CD2_DSA/raw/val/images/16663_20210706_3_1_a9_3_2_13_2_514.jpg,1,1
308721_20210914_3_0_0_5_2_11_0_198,/content/drive/MyDrive/CD2_DSA/raw/val/images/308721_20210914_3_0_0_5_2_11_0_198.jpg,0,0
307712_20210914_3_0_0_3_2_11_0_312,/content/drive/MyDrive/CD2_DSA/raw/val/images/307712_20210914_3_0_0_3_2_11_0_312.jpg,0,0
71198_20210624_3_0_0_3_2_13_0_51,/content/drive/MyDrive/CD2_DSA/raw/val/images/71198_20210624_3_0_0_3_2_13_0_51.jpg,0,0
7184_20210624_3_0_0_1_2_13_0_228,/content/drive/MyDrive/CD2_DSA/raw/val/images/7184_20210624_3_0_0_1_2_13_0_228.jpg,0,0
311685_20210803_3_0_0_3_2_11_0_17,/content/drive/MyDrive/CD2_DSA/raw/val/images/311685_20210803_3_0_0_3_2_11_0_17.jpg,0,0
104066_20210624_3_0_0_4_2_13_0_144,/content/drive/MyDrive/CD2_DSA/raw/val/images/104066_20210624_3_0_0_4_2_13_0_144.jpg,0,0
7148_20210624_3_0_0_1_2_13_0_192,/content/drive/MyDrive/CD2_DSA/raw/val/images/7148_20210624_3_0_0_1_2_13_0_192.jpg,0,0
66309_20210624_3_0_0_4_2_13_0_210,/content/drive/MyDrive/CD2_DSA/raw/val/images/66309_20210624_3_0_0_4_2_13_0_210.jpg,0,0
5264_20210622_3_1_a9_3_2_13_2_140,/content/drive/MyDrive/CD2_DSA/raw/val/images/5264_20210622_3_1_a9_3_2_13_2_140.jpg,1,1
1539_20210622_3_1_a9_3_2_13_2_111,/content/drive/MyDrive/CD2_DSA/raw/val/images/1539_20210622_3_1_a9_3_2_13_2_111.jpg,1,1
16745_20210713_3_1_a9_3_2_13_3_7,/content/drive/MyDrive/CD2_DSA/raw/val/images/16745_20210713_3_1_a9_3_2_13_3_7.jpg,1,1
307425_20210914_3_0_0_3_2_11_0_25,/content/drive/MyDrive/CD2_DSA/raw/val/images/307425_20210914_3_0_0_3_2_11_0_25.jpg,0,0
308264_20210914_3_0_0_3_2_11_0_164,/content/drive/MyDrive/CD2_DSA/raw/val/images/308264_20210914_3_0_0_3_2_11_0_164.jpg,0,0
1537_20210622_3_1_a9_3_2_13_2_109,/content/drive/MyDrive/CD2_DSA/raw/val/images/1537_20210622_3_1_a9_3_2_13_2_109.jpg,1,0
95236_20210624_3_0_0_1_2_13_0_57,/content/drive/MyDrive/CD2_DSA/raw/val/images/95236_20210624_3_0_0_1_2_13_0_57.jpg,0,0
95229_20210624_3_0_0_1_2_13_0_50,/content/drive/MyDrive/CD2_DSA/raw/val/images/95229_20210624_3_0_0_1_2_13_0_50.jpg,0,0
307464_20210914_3_0_0_3_2_11_0_64,/content/drive/MyDrive/CD2_DSA/raw/val/images/307464_20210914_3_0_0_3_2_11_0_64.jpg,0,0
724_20210622_3_1_a9_3_2_13_1_89,/content/drive/MyDrive/CD2_DSA/raw/val/images/724_20210622_3_1_a9_3_2_13_1_89.jpg,1,0
16723_20210706_3_1_a9_3_2_13_2_574,/content/drive/MyDrive/CD2_DSA/raw/val/images/16723_20210706_3_1_a9_3_2_13_2_574.jpg,1,0
67443_20210624_3_0_0_1_2_13_0_44,/content/drive/MyDrive/CD2_DSA/raw/val/images/67443_20210624_3_0_0_1_2_13_0_44.jpg,0,0
16622_20210706_3_1_a9_3_2_13_2_473,/content/drive/MyDrive/CD2_DSA/raw/val/images/16622_20210706_3_1_a9_3_2_13_2_473.jpg,1,0
308849_20210914_3_0_0_5_2_11_0_325,/content/drive/MyDrive/CD2_DSA/raw/val/images/308849_20210914_3_0_0_5_2_11_0_325.jpg,0,0
794_20210622_3_1_a9_3_2_13_1_159,/content/drive/MyDrive/CD2_DSA/raw/val/images/794_20210622_3_1_a9_3_2_13_1_159.jpg,1,1
15991_20210706_3_1_a9_3_2_13_2_1,/content/drive/MyDrive/CD2_DSA/raw/val/images/15991_20210706_3_1_a9_3_2_13_2_1.jpg,1,0
49054_20210624_3_0_0_1_2_13_0_128,/content/drive/MyDrive/CD2_DSA/raw/val/images/49054_20210624_3_0_0_1_2_13_0_128.jpg,0,0
106584_20210624_3_0_0_1_2_13_0_181,/content/drive/MyDrive/CD2_DSA/raw/val/images/106584_20210624_3_0_0_1_2_13_0_181.jpg,0,0
25693_20210624_3_0_0_5_2_13_0_117,/content/drive/MyDrive/CD2_DSA/raw/val/images/25693_20210624_3_0_0_5_2_13_0_117.jpg,0,0
1541_20210622_3_1_a9_3_2_13_2_113,/content/drive/MyDrive/CD2_DSA/raw/val/images/1541_20210622_3_1_a9_3_2_13_2_113.jpg,1,1
86857_20210624_3_0_0_1_2_13_0_182,/content/drive/MyDrive/CD2_DSA/raw/val/images/86857_20210624_3_0_0_1_2_13_0_182.jpg,0,0
15826_20210622_3_1_a9_3_2_13_2_67,/content/drive/MyDrive/CD2_DSA/raw/val/images/15826_20210622_3_1_a9_3_2_13_2_67.jpg,1,0
312135_20210914_3_0_0_3_2_11_0_258,/content/drive/MyDrive/CD2_DSA/raw/val/images/312135_20210914_3_0_0_3_2_11_0_258.jpg,0,0
16649_20210706_3_1_a9_3_2_13_2_500,/content/drive/MyDrive/CD2_DSA/raw/val/images/16649_20210706_3_1_a9_3_2_13_2_500.jpg,1,0
307946_20210914_3_0_0_5_2_11_0_143,/content/drive/MyDrive/CD2_DSA/raw/val/images/307946_20210914_3_0_0_5_2_11_0_143.jpg,0,0
308356_20210914_3_0_0_3_2_11_0_256,/content/drive/MyDrive/CD2_DSA/raw/val/images/308356_20210914_3_0_0_3_2_11_0_256.jpg,0,0
3706_20210629_3_1_a9_3_2_13_2_85,/content/drive/MyDrive/CD2_DSA/raw/val/images/3706_20210629_3_1_a9_3_2_13_2_85.jpg,1,0
103834_20210624_3_0_0_4_2_13_0_112,/content/drive/MyDrive/CD2_DSA/raw/val/images/103834_20210624_3_0_0_4_2_13_0_112.jpg,0,0
15829_20210622_3_1_a9_3_2_13_2_70,/content/drive/MyDrive/CD2_DSA/raw/val/images/15829_20210622_3_1_a9_3_2_13_2_70.jpg,1,1
49036_20210624_3_0_0_1_2_13_0_110,/content/drive/MyDrive/CD2_DSA/raw/val/images/49036_20210624_3_0_0_1_2_13_0_110.jpg,0,0
95466_20210624_3_0_0_1_2_13_0_132,/content/drive/MyDrive/CD2_DSA/raw/val/images/95466_20210624_3_0_0_1_2_13_0_132.jpg,0,0
66320_20210624_3_0_0_4_2_13_0_221,/content/drive/MyDrive/CD2_DSA/raw/val/images/66320_20210624_3_0_0_4_2_13_0_221.jpg,0,0
6034_20210622_3_1_a9_3_2_13_1_83,/content/drive/MyDrive/CD2_DSA/raw/val/images/6034_20210622_3_1_a9_3_2_13_1_83.jpg,1,1
71192_20210624_3_0_0_3_2_13_0_45,/content/drive/MyDrive/CD2_DSA/raw/val/images/71192_20210624_3_0_0_3_2_13_0_45.jpg,0,0
3232_20210629_3_1_a9_3_2_13_1_87,/content/drive/MyDrive/CD2_DSA/raw/val/images/3232_20210629_3_1_a9_3_2_13_1_87.jpg,1,1
15694_20210706_3_1_a9_3_2_13_3_125,/content/drive/MyDrive/CD2_DSA/raw/val/images/15694_20210706_3_1_a9_3_2_13_3_125.jpg,1,0
308475_20210914_3_0_0_3_2_11_0_375,/content/drive/MyDrive/CD2_DSA/raw/val/images/308475_20210914_3_0_0_3_2_11_0_375.jpg,0,0
71209_20210624_3_0_0_3_2_13_0_62,/content/drive/MyDrive/CD2_DSA/raw/val/images/71209_20210624_3_0_0_3_2_13_0_62.jpg,0,0
34072_20210624_3_0_0_3_2_13_0_20,/content/drive/MyDrive/CD2_DSA/raw/val/images/34072_20210624_3_0_0_3_2_13_0_20.jpg,0,0
3799_20210629_3_1_a9_3_2_13_3_8,/content/drive/MyDrive/CD2_DSA/raw/val/images/3799_20210629_3_1_a9_3_2_13_3_8.jpg,1,1
106606_20210624_3_0_0_1_2_13_0_203,/content/drive/MyDrive/CD2_DSA/raw/val/images/106606_20210624_3_0_0_1_2_13_0_203.jpg,0,0
844_20210622_3_1_a9_3_2_13_3_42,/content/drive/MyDrive/CD2_DSA/raw/val/images/844_20210622_3_1_a9_3_2_13_3_42.jpg,1,1
67610_20210624_3_0_0_1_2_13_0_181,/content/drive/MyDrive/CD2_DSA/raw/val/images/67610_20210624_3_0_0_1_2_13_0_181.jpg,0,0
7089_20210622_3_1_a9_3_2_13_1_184,/content/drive/MyDrive/CD2_DSA/raw/val/images/7089_20210622_3_1_a9_3_2_13_1_184.jpg,1,1
1516_20210622_3_1_a9_3_2_13_2_88,/content/drive/MyDrive/CD2_DSA/raw/val/images/1516_20210622_3_1_a9_3_2_13_2_88.jpg,1,0
11557_20210624_3_0_0_1_2_13_0_112,/content/drive/MyDrive/CD2_DSA/raw/val/images/11557_20210624_3_0_0_1_2_13_0_112.jpg,0,0
3773_20210629_3_1_a9_3_2_13_2_103,/content/drive/MyDrive/CD2_DSA/raw/val/images/3773_20210629_3_1_a9_3_2_13_2_103.jpg,1,1
26087_20210624_3_0_0_5_2_13_0_136,/content/drive/MyDrive/CD2_DSA/raw/val/images/26087_20210624_3_0_0_5_2_13_0_136.jpg,0,0
125683_20210624_3_0_0_2_2_13_0_87,/content/drive/MyDrive/CD2_DSA/raw/val/images/125683_20210624_3_0_0_2_2_13_0_87.jpg,0,0
3212_20210629_3_1_a9_3_2_13_1_67,/content/drive/MyDrive/CD2_DSA/raw/val/images/3212_20210629_3_1_a9_3_2_13_1_67.jpg,1,1
16984_20210622_3_1_a9_3_2_13_1_105,/content/drive/MyDrive/CD2_DSA/raw/val/images/16984_20210622_3_1_a9_3_2_13_1_105.jpg,1,0
86570_20210624_3_0_0_1_2_13_0_139,/content/drive/MyDrive/CD2_DSA/raw/val/images/86570_20210624_3_0_0_1_2_13_0_139.jpg,0,0
66306_20210624_3_0_0_4_2_13_0_207,/content/drive/MyDrive/CD2_DSA/raw/val/images/66306_20210624_3_0_0_4_2_13_0_207.jpg,0,0
15651_20210706_3_1_a9_3_2_13_3_82,/content/drive/MyDrive/CD2_DSA/raw/val/images/15651_20210706_3_1_a9_3_2_13_3_82.jpg,1,0
5740_20210622_3_1_a9_3_2_13_1_25,/content/drive/MyDrive/CD2_DSA/raw/val/images/5740_20210622_3_1_a9_3_2_13_1_25.jpg,1,0
16775_20210713_3_1_a9_3_2_13_3_37,/content/drive/MyDrive/CD2_DSA/raw/val/images/16775_20210713_3_1_a9_3_2_13_3_37.jpg,1,0
25691_20210624_3_0_0_5_2_13_0_115,/content/drive/MyDrive/CD2_DSA/raw/val/images/25691_20210624_3_0_0_5_2_13_0_115.jpg,0,0
308858_20210914_3_0_0_5_2_11_0_334,/content/drive/MyDrive/CD2_DSA/raw/val/images/308858_20210914_3_0_0_5_2_11_0_334.jpg,0,0
308334_20210914_3_0_0_3_2_11_0_234,/content/drive/MyDrive/CD2_DSA/raw/val/images/308334_20210914_3_0_0_3_2_11_0_234.jpg,0,0
308736_20210914_3_0_0_5_2_11_0_212,/content/drive/MyDrive/CD2_DSA/raw/val/images/308736_20210914_3_0_0_5_2_11_0_212.jpg,0,0
3736_20210622_3_1_a9_3_2_13_3_14,/content/drive/MyDrive/CD2_DSA/raw/val/images/3736_20210622_3_1_a9_3_2_13_3_14.jpg,1,1
308494_20210914_3_0_0_3_2_11_0_394,/content/drive/MyDrive/CD2_DSA/raw/val/images/308494_20210914_3_0_0_3_2_11_0_394.jpg,0,0
106588_20210624_3_0_0_1_2_13_0_185,/content/drive/MyDrive/CD2_DSA/raw/val/images/106588_20210624_3_0_0_1_2_13_0_185.jpg,0,0
6769_20210622_3_1_a9_3_2_13_1_165,/content/drive/MyDrive/CD2_DSA/raw/val/images/6769_20210622_3_1_a9_3_2_13_1_165.jpg,1,1
1063_20210624_3_0_0_1_2_13_0_118,/content/drive/MyDrive/CD2_DSA/raw/val/images/1063_20210624_3_0_0_1_2_13_0_118.jpg,0,0
304035_20210913_3_0_0_3_2_11_0_272,/content/drive/MyDrive/CD2_DSA/raw/val/images/304035_20210913_3_0_0_3_2_11_0_272.jpg,0,0
125603_20210624_3_0_0_2_2_13_0_7,/content/drive/MyDrive/CD2_DSA/raw/val/images/125603_20210624_3_0_0_2_2_13_0_7.jpg,0,0
124689_20210624_3_0_0_1_2_13_0_40,/content/drive/MyDrive/CD2_DSA/raw/val/images/124689_20210624_3_0_0_1_2_13_0_40.jpg,0,0
308580_20210914_3_0_0_5_2_11_0_56,/content/drive/MyDrive/CD2_DSA/raw/val/images/308580_20210914_3_0_0_5_2_11_0_56.jpg,0,0
128843_20210624_3_0_0_1_2_13_0_33,/content/drive/MyDrive/CD2_DSA/raw/val/images/128843_20210624_3_0_0_1_2_13_0_33.jpg,0,0
16756_20210713_3_1_a9_3_2_13_3_18,/content/drive/MyDrive/CD2_DSA/raw/val/images/16756_20210713_3_1_a9_3_2_13_3_18.jpg,1,1
308645_20210914_3_0_0_5_2_11_0_122,/content/drive/MyDrive/CD2_DSA/raw/val/images/308645_20210914_3_0_0_5_2_11_0_122.jpg,0,0
3848_20210629_3_1_a9_3_2_13_3_57,/content/drive/MyDrive/CD2_DSA/raw/val/images/3848_20210629_3_1_a9_3_2_13_3_57.jpg,1,1
3573_20210629_3_1_a9_3_2_13_1_222,/content/drive/MyDrive/CD2_DSA/raw/val/images/3573_20210629_3_1_a9_3_2_13_1_222.jpg,1,1
83261_20210624_3_0_0_1_2_13_0_174,/content/drive/MyDrive/CD2_DSA/raw/val/images/83261_20210624_3_0_0_1_2_13_0_174.jpg,0,0
67584_20210624_3_0_0_1_2_13_0_155,/content/drive/MyDrive/CD2_DSA/raw/val/images/67584_20210624_3_0_0_1_2_13_0_155.jpg,0,0
95484_20210624_3_0_0_1_2_13_0_150,/content/drive/MyDrive/CD2_DSA/raw/val/images/95484_20210624_3_0_0_1_2_13_0_150.jpg,0,0
312173_20210914_3_0_0_3_2_11_0_296,/content/drive/MyDrive/CD2_DSA/raw/val/images/312173_20210914_3_0_0_3_2_11_0_296.jpg,0,0
25686_20210624_3_0_0_5_2_13_0_110,/content/drive/MyDrive/CD2_DSA/raw/val/images/25686_20210624_3_0_0_5_2_13_0_110.jpg,0,0
308794_20210914_3_0_0_5_2_11_0_270,/content/drive/MyDrive/CD2_DSA/raw/val/images/308794_20210914_3_0_0_5_2_11_0_270.jpg,0,0
311945_20210914_3_0_0_3_2_11_0_68,/content/drive/MyDrive/CD2_DSA/raw/val/images/311945_20210914_3_0_0_3_2_11_0_68.jpg,0,0
34064_20210624_3_0_0_3_2_13_0_12,/content/drive/MyDrive/CD2_DSA/raw/val/images/34064_20210624_3_0_0_3_2_13_0_12.jpg,0,0
830_20210622_3_1_a9_3_2_13_3_28,/content/drive/MyDrive/CD2_DSA/raw/val/images/830_20210622_3_1_a9_3_2_13_3_28.jpg,1,1
16467_20210706_3_1_a9_3_2_13_2_383,/content/drive/MyDrive/CD2_DSA/raw/val/images/16467_20210706_3_1_a9_3_2_13_2_383.jpg,1,1
126106_20210624_3_0_0_5_2_13_0_41,/content/drive/MyDrive/CD2_DSA/raw/val/images/126106_20210624_3_0_0_5_2_13_0_41.jpg,0,0
308501_20210914_3_0_0_3_2_11_0_401,/content/drive/MyDrive/CD2_DSA/raw/val/images/308501_20210914_3_0_0_3_2_11_0_401.jpg,0,0
3657_20210629_3_1_a9_3_2_13_2_36,/content/drive/MyDrive/CD2_DSA/raw/val/images/3657_20210629_3_1_a9_3_2_13_2_36.jpg,1,1
49863_20210624_3_0_0_3_2_13_0_1,/content/drive/MyDrive/CD2_DSA/raw/val/images/49863_20210624_3_0_0_3_2_13_0_1.jpg,0,0
16065_20210706_3_1_a9_3_2_13_2_75,/content/drive/MyDrive/CD2_DSA/raw/val/images/16065_20210706_3_1_a9_3_2_13_2_75.jpg,1,1
308502_20210914_3_0_0_3_2_11_0_402,/content/drive/MyDrive/CD2_DSA/raw/val/images/308502_20210914_3_0_0_3_2_11_0_402.jpg,0,0
7109_20210624_3_0_0_1_2_13_0_153,/content/drive/MyDrive/CD2_DSA/raw/val/images/7109_20210624_3_0_0_1_2_13_0_153.jpg,0,0
304169_20210913_3_0_0_3_2_11_0_406,/content/drive/MyDrive/CD2_DSA/raw/val/images/304169_20210913_3_0_0_3_2_11_0_406.jpg,0,0
128820_20210624_3_0_0_1_2_13_0_10,/content/drive/MyDrive/CD2_DSA/raw/val/images/128820_20210624_3_0_0_1_2_13_0_10.jpg,0,0
312211_20210914_3_0_0_3_2_11_0_334,/content/drive/MyDrive/CD2_DSA/raw/val/images/312211_20210914_3_0_0_3_2_11_0_334.jpg,0,0
15474_20210622_3_1_a9_3_2_13_3_178,/content/drive/MyDrive/CD2_DSA/raw/val/images/15474_20210622_3_1_a9_3_2_13_3_178.jpg,1,1
16103_20210706_3_1_a9_3_2_13_2_113,/content/drive/MyDrive/CD2_DSA/raw/val/images/16103_20210706_3_1_a9_3_2_13_2_113.jpg,1,1
4312_20210622_3_1_a9_3_2_13_2_43,/content/drive/MyDrive/CD2_DSA/raw/val/images/4312_20210622_3_1_a9_3_2_13_2_43.jpg,1,1
95219_20210624_3_0_0_1_2_13_0_40,/content/drive/MyDrive/CD2_DSA/raw/val/images/95219_20210624_3_0_0_1_2_13_0_40.jpg,0,0
308785_20210914_3_0_0_5_2_11_0_261,/content/drive/MyDrive/CD2_DSA/raw/val/images/308785_20210914_3_0_0_5_2_11_0_261.jpg,0,0
16486_20210706_3_1_a9_3_2_13_3_1,/content/drive/MyDrive/CD2_DSA/raw/val/images/16486_20210706_3_1_a9_3_2_13_3_1.jpg,1,0
308644_20210914_3_0_0_5_2_11_0_121,/content/drive/MyDrive/CD2_DSA/raw/val/images/308644_20210914_3_0_0_5_2_11_0_121.jpg,0,0
12314_20210624_3_0_0_1_2_13_0_159,/content/drive/MyDrive/CD2_DSA/raw/val/images/12314_20210624_3_0_0_1_2_13_0_159.jpg,0,0
16353_20210706_3_1_a9_3_2_13_2_283,/content/drive/MyDrive/CD2_DSA/raw/val/images/16353_20210706_3_1_a9_3_2_13_2_283.jpg,1,1
16355_20210706_3_1_a9_3_2_13_2_285,/content/drive/MyDrive/CD2_DSA/raw/val/images/16355_20210706_3_1_a9_3_2_13_2_285.jpg,1,1
106255_20210624_3_0_0_1_2_13_0_52,/content/drive/MyDrive/CD2_DSA/raw/val/images/106255_20210624_3_0_0_1_2_13_0_52.jpg,0,0
307950_20210914_3_0_0_5_2_11_0_147,/content/drive/MyDrive/CD2_DSA/raw/val/images/307950_20210914_3_0_0_5_2_11_0_147.jpg,0,0
311688_20210803_3_0_0_3_2_11_0_20,/content/drive/MyDrive/CD2_DSA/raw/val/images/311688_20210803_3_0_0_3_2_11_0_20.jpg,0,0
3169_20210629_3_1_a9_3_2_13_1_24,/content/drive/MyDrive/CD2_DSA/raw/val/images/3169_20210629_3_1_a9_3_2_13_1_24.jpg,1,1
308746_20210914_3_0_0_5_2_11_0_222,/content/drive/MyDrive/CD2_DSA/raw/val/images/308746_20210914_3_0_0_5_2_11_0_222.jpg,0,0
307945_20210914_3_0_0_5_2_11_0_142,/content/drive/MyDrive/CD2_DSA/raw/val/images/307945_20210914_3_0_0_5_2_11_0_142.jpg,0,0
104083_20210624_3_0_0_4_2_13_0_161,/content/drive/MyDrive/CD2_DSA/raw/val/images/104083_20210624_3_0_0_4_2_13_0_161.jpg,0,0
4746_20210622_3_1_a9_3_2_13_2_114,/content/drive/MyDrive/CD2_DSA/raw/val/images/4746_20210622_3_1_a9_3_2_13_2_114.jpg,1,1
15459_20210622_3_1_a9_3_2_13_3_163,/content/drive/MyDrive/CD2_DSA/raw/val/images/15459_20210622_3_1_a9_3_2_13_3_163.jpg,1,1
16600_20210706_3_1_a9_3_2_13_2_451,/content/drive/MyDrive/CD2_DSA/raw/val/images/16600_20210706_3_1_a9_3_2_13_2_451.jpg,1,1
126082_20210624_3_0_0_5_2_13_0_17,/content/drive/MyDrive/CD2_DSA/raw/val/images/126082_20210624_3_0_0_5_2_13_0_17.jpg,0,0
308406_20210914_3_0_0_3_2_11_0_306,/content/drive/MyDrive/CD2_DSA/raw/val/images/308406_20210914_3_0_0_3_2_11_0_306.jpg,0,0
6822_20210624_3_0_0_1_2_13_0_47,/content/drive/MyDrive/CD2_DSA/raw/val/images/6822_20210624_3_0_0_1_2_13_0_47.jpg,0,0
3434_20210629_3_1_a9_3_2_13_1_189,/content/drive/MyDrive/CD2_DSA/raw/val/images/3434_20210629_3_1_a9_3_2_13_1_189.jpg,1,0
976_20210624_3_0_0_1_2_13_0_31,/content/drive/MyDrive/CD2_DSA/raw/val/images/976_20210624_3_0_0_1_2_13_0_31.jpg,0,0
16846_20210622_3_1_a9_3_2_13_1_6,/content/drive/MyDrive/CD2_DSA/raw/val/images/16846_20210622_3_1_a9_3_2_13_1_6.jpg,1,1
312075_20210914_3_0_0_3_2_11_0_198,/content/drive/MyDrive/CD2_DSA/raw/val/images/312075_20210914_3_0_0_3_2_11_0_198.jpg,0,0
936_20210622_3_1_a9_3_2_13_3_134,/content/drive/MyDrive/CD2_DSA/raw/val/images/936_20210622_3_1_a9_3_2_13_3_134.jpg,1,1
16930_20210622_3_1_a9_3_2_13_2_20,/content/drive/MyDrive/CD2_DSA/raw/val/images/16930_20210622_3_1_a9_3_2_13_2_20.jpg,1,0
874_20210622_3_1_a9_3_2_13_3_72,/content/drive/MyDrive/CD2_DSA/raw/val/images/874_20210622_3_1_a9_3_2_13_3_72.jpg,1,1
307702_20210914_3_0_0_3_2_11_0_302,/content/drive/MyDrive/CD2_DSA/raw/val/images/307702_20210914_3_0_0_3_2_11_0_302.jpg,0,0
3666_20210629_3_1_a9_3_2_13_2_45,/content/drive/MyDrive/CD2_DSA/raw/val/images/3666_20210629_3_1_a9_3_2_13_2_45.jpg,1,1
1564_20210622_3_1_a9_3_2_13_2_136,/content/drive/MyDrive/CD2_DSA/raw/val/images/1564_20210622_3_1_a9_3_2_13_2_136.jpg,1,1
67607_20210624_3_0_0_1_2_13_0_178,/content/drive/MyDrive/CD2_DSA/raw/val/images/67607_20210624_3_0_0_1_2_13_0_178.jpg,0,0
15420_20210622_3_1_a9_3_2_13_3_124,/content/drive/MyDrive/CD2_DSA/raw/val/images/15420_20210622_3_1_a9_3_2_13_3_124.jpg,1,1
887_20210622_3_1_a9_3_2_13_3_85,/content/drive/MyDrive/CD2_DSA/raw/val/images/887_20210622_3_1_a9_3_2_13_3_85.jpg,1,1
792_20210622_3_1_a9_3_2_13_1_157,/content/drive/MyDrive/CD2_DSA/raw/val/images/792_20210622_3_1_a9_3_2_13_1_157.jpg,1,1
962_20210624_3_0_0_1_2_13_0_17,/content/drive/MyDrive/CD2_DSA/raw/val/images/962_20210624_3_0_0_1_2_13_0_17.jpg,0,0
312195_20210914_3_0_0_3_2_11_0_318,/content/drive/MyDrive/CD2_DSA/raw/val/images/312195_20210914_3_0_0_3_2_11_0_318.jpg,0,0
918_20210622_3_1_a9_3_2_13_3_116,/content/drive/MyDrive/CD2_DSA/raw/val/images/918_20210622_3_1_a9_3_2_13_3_116.jpg,1,1
16740_20210713_3_1_a9_3_2_13_3_1,/content/drive/MyDrive/CD2_DSA/raw/val/images/16740_20210713_3_1_a9_3_2_13_3_1.jpg,1,1
106243_20210624_3_0_0_1_2_13_0_40,/content/drive/MyDrive/CD2_DSA/raw/val/images/106243_20210624_3_0_0_1_2_13_0_40.jpg,0,0
86477_20210624_3_0_0_5_2_13_0_56,/content/drive/MyDrive/CD2_DSA/raw/val/images/86477_20210624_3_0_0_5_2_13_0_56.jpg,0,0
15786_20210622_3_1_a9_3_2_13_2_27,/content/drive/MyDrive/CD2_DSA/raw/val/images/15786_20210622_3_1_a9_3_2_13_2_27.jpg,1,0
68538_20210624_3_0_0_2_2_13_0_48,/content/drive/MyDrive/CD2_DSA/raw/val/images/68538_20210624_3_0_0_2_2_13_0_48.jpg,0,0
15358_20210622_3_1_a9_3_2_13_3_62,/content/drive/MyDrive/CD2_DSA/raw/val/images/15358_20210622_3_1_a9_3_2_13_3_62.jpg,1,0
308511_20210914_3_0_0_3_2_11_0_411,/content/drive/MyDrive/CD2_DSA/raw/val/images/308511_20210914_3_0_0_3_2_11_0_411.jpg,0,0
1499_20210622_3_1_a9_3_2_13_2_71,/content/drive/MyDrive/CD2_DSA/raw/val/images/1499_20210622_3_1_a9_3_2_13_2_71.jpg,1,0
3796_20210629_3_1_a9_3_2_13_3_5,/content/drive/MyDrive/CD2_DSA/raw/val/images/3796_20210629_3_1_a9_3_2_13_3_5.jpg,1,1
128836_20210624_3_0_0_1_2_13_0_26,/content/drive/MyDrive/CD2_DSA/raw/val/images/128836_20210624_3_0_0_1_2_13_0_26.jpg,0,0
307992_20210914_3_0_0_5_2_11_0_189,/content/drive/MyDrive/CD2_DSA/raw/val/images/307992_20210914_3_0_0_5_2_11_0_189.jpg,0,0
304061_20210913_3_0_0_3_2_11_0_298,/content/drive/MyDrive/CD2_DSA/raw/val/images/304061_20210913_3_0_0_3_2_11_0_298.jpg,0,0
10559_20210624_3_0_0_3_2_13_0_65,/content/drive/MyDrive/CD2_DSA/raw/val/images/10559_20210624_3_0_0_3_2_13_0_65.jpg,0,0
16349_20210706_3_1_a9_3_2_13_2_279,/content/drive/MyDrive/CD2_DSA/raw/val/images/16349_20210706_3_1_a9_3_2_13_2_279.jpg,1,1
304006_20210913_3_0_0_3_2_11_0_243,/content/drive/MyDrive/CD2_DSA/raw/val/images/304006_20210913_3_0_0_3_2_11_0_243.jpg,0,0
7118_20210624_3_0_0_1_2_13_0_162,/content/drive/MyDrive/CD2_DSA/raw/val/images/7118_20210624_3_0_0_1_2_13_0_162.jpg,0,0
4382_20210622_3_1_a9_3_2_13_2_50,/content/drive/MyDrive/CD2_DSA/raw/val/images/4382_20210622_3_1_a9_3_2_13_2_50.jpg,1,1
95511_20210624_3_0_0_1_2_13_0_177,/content/drive/MyDrive/CD2_DSA/raw/val/images/95511_20210624_3_0_0_1_2_13_0_177.jpg,0,0
16319_20210706_3_1_a9_3_2_13_2_249,/content/drive/MyDrive/CD2_DSA/raw/val/images/16319_20210706_3_1_a9_3_2_13_2_249.jpg,1,1
312215_20210914_3_0_0_3_2_11_0_338,/content/drive/MyDrive/CD2_DSA/raw/val/images/312215_20210914_3_0_0_3_2_11_0_338.jpg,0,0
15860_20210622_3_1_a9_3_2_13_2_101,/content/drive/MyDrive/CD2_DSA/raw/val/images/15860_20210622_3_1_a9_3_2_13_2_101.jpg,1,1
170807_20210624_3_0_0_5_2_13_0_1,/content/drive/MyDrive/CD2_DSA/raw/val/images/170807_20210624_3_0_0_5_2_13_0_1.jpg,0,0
15790_20210622_3_1_a9_3_2_13_2_31,/content/drive/MyDrive/CD2_DSA/raw/val/images/15790_20210622_3_1_a9_3_2_13_2_31.jpg,1,0
66011_20210624_3_0_0_4_2_13_0_142,/content/drive/MyDrive/CD2_DSA/raw/val/images/66011_20210624_3_0_0_4_2_13_0_142.jpg,0,0
312086_20210914_3_0_0_3_2_11_0_209,/content/drive/MyDrive/CD2_DSA/raw/val/images/312086_20210914_3_0_0_3_2_11_0_209.jpg,0,0
4506_20210622_3_1_a9_3_2_13_2_74,/content/drive/MyDrive/CD2_DSA/raw/val/images/4506_20210622_3_1_a9_3_2_13_2_74.jpg,1,1
3189_20210629_3_1_a9_3_2_13_1_44,/content/drive/MyDrive/CD2_DSA/raw/val/images/3189_20210629_3_1_a9_3_2_13_1_44.jpg,1,1
1022_20210624_3_0_0_1_2_13_0_77,/content/drive/MyDrive/CD2_DSA/raw/val/images/1022_20210624_3_0_0_1_2_13_0_77.jpg,0,0
106222_20210624_3_0_0_1_2_13_0_19,/content/drive/MyDrive/CD2_DSA/raw/val/images/106222_20210624_3_0_0_1_2_13_0_19.jpg,0,0
128810_20210624_3_0_0_1_2_13_0_0,/content/drive/MyDrive/CD2_DSA/raw/val/images/128810_20210624_3_0_0_1_2_13_0_0.jpg,0,0
86758_20210624_3_0_0_5_2_13_0_127,/content/drive/MyDrive/CD2_DSA/raw/val/images/86758_20210624_3_0_0_5_2_13_0_127.jpg,0,0
721_20210622_3_1_a9_3_2_13_1_86,/content/drive/MyDrive/CD2_DSA/raw/val/images/721_20210622_3_1_a9_3_2_13_1_86.jpg,1,1
10414_20210624_3_0_0_1_2_13_0_10,/content/drive/MyDrive/CD2_DSA/raw/val/images/10414_20210624_3_0_0_1_2_13_0_10.jpg,0,0
308613_20210914_3_0_0_5_2_11_0_89,/content/drive/MyDrive/CD2_DSA/raw/val/images/308613_20210914_3_0_0_5_2_11_0_89.jpg,0,0
16084_20210706_3_1_a9_3_2_13_2_94,/content/drive/MyDrive/CD2_DSA/raw/val/images/16084_20210706_3_1_a9_3_2_13_2_94.jpg,1,1
108305_20210624_3_0_0_2_2_13_0_178,/content/drive/MyDrive/CD2_DSA/raw/val/images/108305_20210624_3_0_0_2_2_13_0_178.jpg,0,0
304194_20210913_3_0_0_3_2_11_0_431,/content/drive/MyDrive/CD2_DSA/raw/val/images/304194_20210913_3_0_0_3_2_11_0_431.jpg,0,0
86558_20210624_3_0_0_1_2_13_0_127,/content/drive/MyDrive/CD2_DSA/raw/val/images/86558_20210624_3_0_0_1_2_13_0_127.jpg,0,0
308187_20210914_3_0_0_3_2_11_0_87,/content/drive/MyDrive/CD2_DSA/raw/val/images/308187_20210914_3_0_0_3_2_11_0_87.jpg,0,0
68523_20210624_3_0_0_2_2_13_0_33,/content/drive/MyDrive/CD2_DSA/raw/val/images/68523_20210624_3_0_0_2_2_13_0_33.jpg,0,0
801_20210622_3_1_a9_3_2_13_1_166,/content/drive/MyDrive/CD2_DSA/raw/val/images/801_20210622_3_1_a9_3_2_13_1_166.jpg,1,1
998_20210624_3_0_0_1_2_13_0_53,/content/drive/MyDrive/CD2_DSA/raw/val/images/998_20210624_3_0_0_1_2_13_0_53.jpg,0,0
308311_20210914_3_0_0_3_2_11_0_211,/content/drive/MyDrive/CD2_DSA/raw/val/images/308311_20210914_3_0_0_3_2_11_0_211.jpg,0,0
96117_20210624_3_0_0_3_2_13_0_171,/content/drive/MyDrive/CD2_DSA/raw/val/images/96117_20210624_3_0_0_3_2_13_0_171.jpg,0,0
308364_20210914_3_0_0_3_2_11_0_264,/content/drive/MyDrive/CD2_DSA/raw/val/images/308364_20210914_3_0_0_3_2_11_0_264.jpg,0,0
1518_20210622_3_1_a9_3_2_13_2_90,/content/drive/MyDrive/CD2_DSA/raw/val/images/1518_20210622_3_1_a9_3_2_13_2_90.jpg,1,1
7094_20210624_3_0_0_1_2_13_0_138,/content/drive/MyDrive/CD2_DSA/raw/val/images/7094_20210624_3_0_0_1_2_13_0_138.jpg,0,0
312024_20210914_3_0_0_3_2_11_0_147,/content/drive/MyDrive/CD2_DSA/raw/val/images/312024_20210914_3_0_0_3_2_11_0_147.jpg,0,0
15436_20210622_3_1_a9_3_2_13_3_140,/content/drive/MyDrive/CD2_DSA/raw/val/images/15436_20210622_3_1_a9_3_2_13_3_140.jpg,1,0
6768_20210622_3_1_a9_3_2_13_1_164,/content/drive/MyDrive/CD2_DSA/raw/val/images/6768_20210622_3_1_a9_3_2_13_1_164.jpg,1,0
16870_20210622_3_1_a9_3_2_13_1_30,/content/drive/MyDrive/CD2_DSA/raw/val/images/16870_20210622_3_1_a9_3_2_13_1_30.jpg,1,1
86840_20210624_3_0_0_1_2_13_0_165,/content/drive/MyDrive/CD2_DSA/raw/val/images/86840_20210624_3_0_0_1_2_13_0_165.jpg,0,0
16101_20210706_3_1_a9_3_2_13_2_111,/content/drive/MyDrive/CD2_DSA/raw/val/images/16101_20210706_3_1_a9_3_2_13_2_111.jpg,1,1
4380_20210622_3_1_a9_3_2_13_2_48,/content/drive/MyDrive/CD2_DSA/raw/val/images/4380_20210622_3_1_a9_3_2_13_2_48.jpg,1,1
307606_20210914_3_0_0_3_2_11_0_206,/content/drive/MyDrive/CD2_DSA/raw/val/images/307606_20210914_3_0_0_3_2_11_0_206.jpg,0,0
32306_20210624_3_0_0_4_2_13_0_9,/content/drive/MyDrive/CD2_DSA/raw/val/images/32306_20210624_3_0_0_4_2_13_0_9.jpg,0,0
95437_20210624_3_0_0_1_2_13_0_103,/content/drive/MyDrive/CD2_DSA/raw/val/images/95437_20210624_3_0_0_1_2_13_0_103.jpg,0,0
125611_20210624_3_0_0_2_2_13_0_15,/content/drive/MyDrive/CD2_DSA/raw/val/images/125611_20210624_3_0_0_2_2_13_0_15.jpg,0,0
15643_20210706_3_1_a9_3_2_13_3_74,/content/drive/MyDrive/CD2_DSA/raw/val/images/15643_20210706_3_1_a9_3_2_13_3_74.jpg,1,1
311881_20210914_3_0_0_3_2_11_0_4,/content/drive/MyDrive/CD2_DSA/raw/val/images/311881_20210914_3_0_0_3_2_11_0_4.jpg,0,0
170848_20210624_3_0_0_5_2_13_0_42,/content/drive/MyDrive/CD2_DSA/raw/val/images/170848_20210624_3_0_0_5_2_13_0_42.jpg,0,0
307423_20210914_3_0_0_3_2_11_0_23,/content/drive/MyDrive/CD2_DSA/raw/val/images/307423_20210914_3_0_0_3_2_11_0_23.jpg,0,0
16748_20210713_3_1_a9_3_2_13_3_10,/content/drive/MyDrive/CD2_DSA/raw/val/images/16748_20210713_3_1_a9_3_2_13_3_10.jpg,1,1
95201_20210624_3_0_0_1_2_13_0_22,/content/drive/MyDrive/CD2_DSA/raw/val/images/95201_20210624_3_0_0_1_2_13_0_22.jpg,0,0
16703_20210706_3_1_a9_3_2_13_2_554,/content/drive/MyDrive/CD2_DSA/raw/val/images/16703_20210706_3_1_a9_3_2_13_2_554.jpg,1,1
3817_20210629_3_1_a9_3_2_13_3_26,/content/drive/MyDrive/CD2_DSA/raw/val/images/3817_20210629_3_1_a9_3_2_13_3_26.jpg,1,1
1534_20210622_3_1_a9_3_2_13_2_106,/content/drive/MyDrive/CD2_DSA/raw/val/images/1534_20210622_3_1_a9_3_2_13_2_106.jpg,1,1
304254_20210913_3_0_0_3_2_11_0_491,/content/drive/MyDrive/CD2_DSA/raw/val/images/304254_20210913_3_0_0_3_2_11_0_491.jpg,0,0
16872_20210622_3_1_a9_3_2_13_1_32,/content/drive/MyDrive/CD2_DSA/raw/val/images/16872_20210622_3_1_a9_3_2_13_1_32.jpg,1,1
16252_20210706_3_1_a9_3_2_13_2_182,/content/drive/MyDrive/CD2_DSA/raw/val/images/16252_20210706_3_1_a9_3_2_13_2_182.jpg,1,1
3426_20210629_3_1_a9_3_2_13_1_181,/content/drive/MyDrive/CD2_DSA/raw/val/images/3426_20210629_3_1_a9_3_2_13_1_181.jpg,1,1
66286_20210624_3_0_0_4_2_13_0_187,/content/drive/MyDrive/CD2_DSA/raw/val/images/66286_20210624_3_0_0_4_2_13_0_187.jpg,0,0
16573_20210706_3_1_a9_3_2_13_2_424,/content/drive/MyDrive/CD2_DSA/raw/val/images/16573_20210706_3_1_a9_3_2_13_2_424.jpg,1,1
67452_20210624_3_0_0_1_2_13_0_53,/content/drive/MyDrive/CD2_DSA/raw/val/images/67452_20210624_3_0_0_1_2_13_0_53.jpg,0,0
6295_20210622_3_1_a9_3_2_13_1_94,/content/drive/MyDrive/CD2_DSA/raw/val/images/6295_20210622_3_1_a9_3_2_13_1_94.jpg,1,1
32302_20210624_3_0_0_4_2_13_0_5,/content/drive/MyDrive/CD2_DSA/raw/val/images/32302_20210624_3_0_0_4_2_13_0_5.jpg,0,0
1047_20210624_3_0_0_1_2_13_0_102,/content/drive/MyDrive/CD2_DSA/raw/val/images/1047_20210624_3_0_0_1_2_13_0_102.jpg,0,0
15495_20210622_3_1_a9_3_2_13_3_199,/content/drive/MyDrive/CD2_DSA/raw/val/images/15495_20210622_3_1_a9_3_2_13_3_199.jpg,1,1
124650_20210624_3_0_0_1_2_13_0_1,/content/drive/MyDrive/CD2_DSA/raw/val/images/124650_20210624_3_0_0_1_2_13_0_1.jpg,0,0
954_20210624_3_0_0_1_2_13_0_9,/content/drive/MyDrive/CD2_DSA/raw/val/images/954_20210624_3_0_0_1_2_13_0_9.jpg,0,0
16328_20210706_3_1_a9_3_2_13_2_258,/content/drive/MyDrive/CD2_DSA/raw/val/images/16328_20210706_3_1_a9_3_2_13_2_258.jpg,1,0
308672_20210914_3_0_0_5_2_11_0_149,/content/drive/MyDrive/CD2_DSA/raw/val/images/308672_20210914_3_0_0_5_2_11_0_149.jpg,0,0
3876_20210622_3_1_a9_3_2_13_2_7,/content/drive/MyDrive/CD2_DSA/raw/val/images/3876_20210622_3_1_a9_3_2_13_2_7.jpg,1,1
1655_20210622_3_1_a9_3_2_13_2_227,/content/drive/MyDrive/CD2_DSA/raw/val/images/1655_20210622_3_1_a9_3_2_13_2_227.jpg,1,1
16389_20210706_3_1_a9_3_2_13_2_305,/content/drive/MyDrive/CD2_DSA/raw/val/images/16389_20210706_3_1_a9_3_2_13_2_305.jpg,1,1
16211_20210706_3_1_a9_3_2_13_2_141,/content/drive/MyDrive/CD2_DSA/raw/val/images/16211_20210706_3_1_a9_3_2_13_2_141.jpg,1,1
307970_20210914_3_0_0_5_2_11_0_167,/content/drive/MyDrive/CD2_DSA/raw/val/images/307970_20210914_3_0_0_5_2_11_0_167.jpg,0,0
16443_20210706_3_1_a9_3_2_13_2_359,/content/drive/MyDrive/CD2_DSA/raw/val/images/16443_20210706_3_1_a9_3_2_13_2_359.jpg,1,1
307966_20210914_3_0_0_5_2_11_0_163,/content/drive/MyDrive/CD2_DSA/raw/val/images/307966_20210914_3_0_0_5_2_11_0_163.jpg,0,0
16952_20210622_3_1_a9_3_2_13_1_73,/content/drive/MyDrive/CD2_DSA/raw/val/images/16952_20210622_3_1_a9_3_2_13_1_73.jpg,1,1
16055_20210706_3_1_a9_3_2_13_2_65,/content/drive/MyDrive/CD2_DSA/raw/val/images/16055_20210706_3_1_a9_3_2_13_2_65.jpg,1,1
125672_20210624_3_0_0_2_2_13_0_76,/content/drive/MyDrive/CD2_DSA/raw/val/images/125672_20210624_3_0_0_2_2_13_0_76.jpg,0,0
308630_20210914_3_0_0_5_2_11_0_107,/content/drive/MyDrive/CD2_DSA/raw/val/images/308630_20210914_3_0_0_5_2_11_0_107.jpg,0,0
86864_20210624_3_0_0_1_2_13_0_189,/content/drive/MyDrive/CD2_DSA/raw/val/images/86864_20210624_3_0_0_1_2_13_0_189.jpg,0,0
307780_20210914_3_0_0_3_2_11_0_380,/content/drive/MyDrive/CD2_DSA/raw/val/images/307780_20210914_3_0_0_3_2_11_0_380.jpg,0,0
16979_20210622_3_1_a9_3_2_13_1_100,/content/drive/MyDrive/CD2_DSA/raw/val/images/16979_20210622_3_1_a9_3_2_13_1_100.jpg,1,0
124664_20210624_3_0_0_1_2_13_0_15,/content/drive/MyDrive/CD2_DSA/raw/val/images/124664_20210624_3_0_0_1_2_13_0_15.jpg,0,0
1562_20210622_3_1_a9_3_2_13_2_134,/content/drive/MyDrive/CD2_DSA/raw/val/images/1562_20210622_3_1_a9_3_2_13_2_134.jpg,1,0
24948_20210624_3_0_0_5_2_13_0_0,/content/drive/MyDrive/CD2_DSA/raw/val/images/24948_20210624_3_0_0_5_2_13_0_0.jpg,0,0
64648_20210624_3_0_0_1_2_13_0_12,/content/drive/MyDrive/CD2_DSA/raw/val/images/64648_20210624_3_0_0_1_2_13_0_12.jpg,0,0
304335_20210913_3_0_0_3_2_11_0_572,/content/drive/MyDrive/CD2_DSA/raw/val/images/304335_20210913_3_0_0_3_2_11_0_572.jpg,0,0
311878_20210914_3_0_0_3_2_11_0_1,/content/drive/MyDrive/CD2_DSA/raw/val/images/311878_20210914_3_0_0_3_2_11_0_1.jpg,0,0
307709_20210914_3_0_0_3_2_11_0_309,/content/drive/MyDrive/CD2_DSA/raw/val/images/307709_20210914_3_0_0_3_2_11_0_309.jpg,0,0
5259_20210622_3_1_a9_3_2_13_2_135,/content/drive/MyDrive/CD2_DSA/raw/val/images/5259_20210622_3_1_a9_3_2_13_2_135.jpg,1,1
49086_20210624_3_0_0_1_2_13_0_160,/content/drive/MyDrive/CD2_DSA/raw/val/images/49086_20210624_3_0_0_1_2_13_0_160.jpg,0,0
15834_20210622_3_1_a9_3_2_13_2_75,/content/drive/MyDrive/CD2_DSA/raw/val/images/15834_20210622_3_1_a9_3_2_13_2_75.jpg,1,0
15399_20210622_3_1_a9_3_2_13_3_103,/content/drive/MyDrive/CD2_DSA/raw/val/images/15399_20210622_3_1_a9_3_2_13_3_103.jpg,1,1
311908_20210914_3_0_0_3_2_11_0_31,/content/drive/MyDrive/CD2_DSA/raw/val/images/311908_20210914_3_0_0_3_2_11_0_31.jpg,0,0
108080_20210624_3_0_0_2_2_13_0_68,/content/drive/MyDrive/CD2_DSA/raw/val/images/108080_20210624_3_0_0_2_2_13_0_68.jpg,0,0
83234_20210624_3_0_0_1_2_13_0_147,/content/drive/MyDrive/CD2_DSA/raw/val/images/83234_20210624_3_0_0_1_2_13_0_147.jpg,0,0
308675_20210914_3_0_0_5_2_11_0_152,/content/drive/MyDrive/CD2_DSA/raw/val/images/308675_20210914_3_0_0_5_2_11_0_152.jpg,0,0
66275_20210624_3_0_0_4_2_13_0_176,/content/drive/MyDrive/CD2_DSA/raw/val/images/66275_20210624_3_0_0_4_2_13_0_176.jpg,0,0
108316_20210624_3_0_0_2_2_13_0_189,/content/drive/MyDrive/CD2_DSA/raw/val/images/108316_20210624_3_0_0_2_2_13_0_189.jpg,0,0
3846_20210629_3_1_a9_3_2_13_3_55,/content/drive/MyDrive/CD2_DSA/raw/val/images/3846_20210629_3_1_a9_3_2_13_3_55.jpg,1,1
16280_20210706_3_1_a9_3_2_13_2_210,/content/drive/MyDrive/CD2_DSA/raw/val/images/16280_20210706_3_1_a9_3_2_13_2_210.jpg,1,1
16780_20210713_3_1_a9_3_2_13_3_42,/content/drive/MyDrive/CD2_DSA/raw/val/images/16780_20210713_3_1_a9_3_2_13_3_42.jpg,1,1
3871_20210622_3_1_a9_3_2_13_2_2,/content/drive/MyDrive/CD2_DSA/raw/val/images/3871_20210622_3_1_a9_3_2_13_2_2.jpg,1,1
95179_20210624_3_0_0_1_2_13_0_0,/content/drive/MyDrive/CD2_DSA/raw/val/images/95179_20210624_3_0_0_1_2_13_0_0.jpg,0,0
16041_20210706_3_1_a9_3_2_13_2_51,/content/drive/MyDrive/CD2_DSA/raw/val/images/16041_20210706_3_1_a9_3_2_13_2_51.jpg,1,1
307717_20210914_3_0_0_3_2_11_0_317,/content/drive/MyDrive/CD2_DSA/raw/val/images/307717_20210914_3_0_0_3_2_11_0_317.jpg,0,0
304106_20210913_3_0_0_3_2_11_0_343,/content/drive/MyDrive/CD2_DSA/raw/val/images/304106_20210913_3_0_0_3_2_11_0_343.jpg,0,0
307749_20210914_3_0_0_3_2_11_0_349,/content/drive/MyDrive/CD2_DSA/raw/val/images/307749_20210914_3_0_0_3_2_11_0_349.jpg,0,0
16385_20210706_3_1_a9_3_2_13_2_301,/content/drive/MyDrive/CD2_DSA/raw/val/images/16385_20210706_3_1_a9_3_2_13_2_301.jpg,1,0
49056_20210624_3_0_0_1_2_13_0_130,/content/drive/MyDrive/CD2_DSA/raw/val/images/49056_20210624_3_0_0_1_2_13_0_130.jpg,0,0
312169_20210914_3_0_0_3_2_11_0_292,/content/drive/MyDrive/CD2_DSA/raw/val/images/312169_20210914_3_0_0_3_2_11_0_292.jpg,0,0
16717_20210706_3_1_a9_3_2_13_2_568,/content/drive/MyDrive/CD2_DSA/raw/val/images/16717_20210706_3_1_a9_3_2_13_2_568.jpg,1,1
16481_20210706_3_1_a9_3_2_13_2_397,/content/drive/MyDrive/CD2_DSA/raw/val/images/16481_20210706_3_1_a9_3_2_13_2_397.jpg,1,0
304266_20210913_3_0_0_3_2_11_0_503,/content/drive/MyDrive/CD2_DSA/raw/val/images/304266_20210913_3_0_0_3_2_11_0_503.jpg,0,0
15369_20210622_3_1_a9_3_2_13_3_73,/content/drive/MyDrive/CD2_DSA/raw/val/images/15369_20210622_3_1_a9_3_2_13_3_73.jpg,1,1
304144_20210913_3_0_0_3_2_11_0_381,/content/drive/MyDrive/CD2_DSA/raw/val/images/304144_20210913_3_0_0_3_2_11_0_381.jpg,0,0
83319_20210624_3_0_0_1_2_13_0_202,/content/drive/MyDrive/CD2_DSA/raw/val/images/83319_20210624_3_0_0_1_2_13_0_202.jpg,0,0
308562_20210914_3_0_0_5_2_11_0_38,/content/drive/MyDrive/CD2_DSA/raw/val/images/308562_20210914_3_0_0_5_2_11_0_38.jpg,0,0
311994_20210914_3_0_0_3_2_11_0_117,/content/drive/MyDrive/CD2_DSA/raw/val/images/311994_20210914_3_0_0_3_2_11_0_117.jpg,0,0
768_20210622_3_1_a9_3_2_13_1_133,/content/drive/MyDrive/CD2_DSA/raw/val/images/768_20210622_3_1_a9_3_2_13_1_133.jpg,1,1
312039_20210914_3_0_0_3_2_11_0_162,/content/drive/MyDrive/CD2_DSA/raw/val/images/312039_20210914_3_0_0_3_2_11_0_162.jpg,0,0
1045_20210624_3_0_0_1_2_13_0_100,/content/drive/MyDrive/CD2_DSA/raw/val/images/1045_20210624_3_0_0_1_2_13_0_100.jpg,0,0
3625_20210629_3_1_a9_3_2_13_2_4,/content/drive/MyDrive/CD2_DSA/raw/val/images/3625_20210629_3_1_a9_3_2_13_2_4.jpg,1,1
311743_20210803_3_0_0_3_2_11_0_75,/content/drive/MyDrive/CD2_DSA/raw/val/images/311743_20210803_3_0_0_3_2_11_0_75.jpg,0,0
3238_20210629_3_1_a9_3_2_13_1_93,/content/drive/MyDrive/CD2_DSA/raw/val/images/3238_20210629_3_1_a9_3_2_13_1_93.jpg,1,0
311966_20210914_3_0_0_3_2_11_0_89,/content/drive/MyDrive/CD2_DSA/raw/val/images/311966_20210914_3_0_0_3_2_11_0_89.jpg,0,0
95462_20210624_3_0_0_1_2_13_0_128,/content/drive/MyDrive/CD2_DSA/raw/val/images/95462_20210624_3_0_0_1_2_13_0_128.jpg,0,0
10544_20210624_3_0_0_3_2_13_0_50,/content/drive/MyDrive/CD2_DSA/raw/val/images/10544_20210624_3_0_0_3_2_13_0_50.jpg,0,0
308450_20210914_3_0_0_3_2_11_0_350,/content/drive/MyDrive/CD2_DSA/raw/val/images/308450_20210914_3_0_0_3_2_11_0_350.jpg,0,0
308522_20210914_3_0_0_3_2_11_0_422,/content/drive/MyDrive/CD2_DSA/raw/val/images/308522_20210914_3_0_0_3_2_11_0_422.jpg,0,0
2548_20210624_3_0_0_3_2_13_0_134,/content/drive/MyDrive/CD2_DSA/raw/val/images/2548_20210624_3_0_0_3_2_13_0_134.jpg,1,0
83233_20210624_3_0_0_1_2_13_0_146,/content/drive/MyDrive/CD2_DSA/raw/val/images/83233_20210624_3_0_0_1_2_13_0_146.jpg,0,0
7102_20210624_3_0_0_1_2_13_0_146,/content/drive/MyDrive/CD2_DSA/raw/val/images/7102_20210624_3_0_0_1_2_13_0_146.jpg,0,0
308049_20210914_3_0_0_5_2_11_0_246,/content/drive/MyDrive/CD2_DSA/raw/val/images/308049_20210914_3_0_0_5_2_11_0_246.jpg,0,0
311702_20210803_3_0_0_3_2_11_0_34,/content/drive/MyDrive/CD2_DSA/raw/val/images/311702_20210803_3_0_0_3_2_11_0_34.jpg,0,0
16786_20210713_3_1_a9_3_2_13_3_48,/content/drive/MyDrive/CD2_DSA/raw/val/images/16786_20210713_3_1_a9_3_2_13_3_48.jpg,1,1
308498_20210914_3_0_0_3_2_11_0_398,/content/drive/MyDrive/CD2_DSA/raw/val/images/308498_20210914_3_0_0_3_2_11_0_398.jpg,0,0
307501_20210914_3_0_0_3_2_11_0_101,/content/drive/MyDrive/CD2_DSA/raw/val/images/307501_20210914_3_0_0_3_2_11_0_101.jpg,0,0
16991_20210622_3_1_a9_3_2_13_1_112,/content/drive/MyDrive/CD2_DSA/raw/val/images/16991_20210622_3_1_a9_3_2_13_1_112.jpg,1,0
1081_20210624_3_0_0_1_2_13_0_136,/content/drive/MyDrive/CD2_DSA/raw/val/images/1081_20210624_3_0_0_1_2_13_0_136.jpg,0,0
4088_20210622_3_1_a9_3_2_13_2_19,/content/drive/MyDrive/CD2_DSA/raw/val/images/4088_20210622_3_1_a9_3_2_13_2_19.jpg,1,1
3790_20210629_3_1_a9_3_2_13_2_120,/content/drive/MyDrive/CD2_DSA/raw/val/images/3790_20210629_3_1_a9_3_2_13_2_120.jpg,1,0
307710_20210914_3_0_0_3_2_11_0_310,/content/drive/MyDrive/CD2_DSA/raw/val/images/307710_20210914_3_0_0_3_2_11_0_310.jpg,0,0
6460_20210622_3_1_a9_3_2_13_1_109,/content/drive/MyDrive/CD2_DSA/raw/val/images/6460_20210622_3_1_a9_3_2_13_1_109.jpg,1,1
307987_20210914_3_0_0_5_2_11_0_184,/content/drive/MyDrive/CD2_DSA/raw/val/images/307987_20210914_3_0_0_5_2_11_0_184.jpg,0,0
125117_20210624_3_0_0_1_2_13_0_148,/content/drive/MyDrive/CD2_DSA/raw/val/images/125117_20210624_3_0_0_1_2_13_0_148.jpg,0,0
311682_20210803_3_0_0_3_2_11_0_14,/content/drive/MyDrive/CD2_DSA/raw/val/images/311682_20210803_3_0_0_3_2_11_0_14.jpg,0,0
3193_20210629_3_1_a9_3_2_13_1_48,/content/drive/MyDrive/CD2_DSA/raw/val/images/3193_20210629_3_1_a9_3_2_13_1_48.jpg,1,1
307933_20210914_3_0_0_5_2_11_0_130,/content/drive/MyDrive/CD2_DSA/raw/val/images/307933_20210914_3_0_0_5_2_11_0_130.jpg,0,0
15857_20210622_3_1_a9_3_2_13_2_98,/content/drive/MyDrive/CD2_DSA/raw/val/images/15857_20210622_3_1_a9_3_2_13_2_98.jpg,1,1
16863_20210622_3_1_a9_3_2_13_1_23,/content/drive/MyDrive/CD2_DSA/raw/val/images/16863_20210622_3_1_a9_3_2_13_1_23.jpg,1,1
16000_20210706_3_1_a9_3_2_13_2_10,/content/drive/MyDrive/CD2_DSA/raw/val/images/16000_20210706_3_1_a9_3_2_13_2_10.jpg,1,1
84106_20210708_3_0_0_1_2_13_0_172,/content/drive/MyDrive/CD2_DSA/raw/val/images/84106_20210708_3_0_0_1_2_13_0_172.jpg,0,0
10416_20210624_3_0_0_1_2_13_0_12,/content/drive/MyDrive/CD2_DSA/raw/val/images/10416_20210624_3_0_0_1_2_13_0_12.jpg,0,0
308826_20210914_3_0_0_5_2_11_0_302,/content/drive/MyDrive/CD2_DSA/raw/val/images/308826_20210914_3_0_0_5_2_11_0_302.jpg,0,0
2643_20210624_3_0_0_4_2_13_0_112,/content/drive/MyDrive/CD2_DSA/raw/val/images/2643_20210624_3_0_0_4_2_13_0_112.jpg,0,0
4727_20210622_3_1_a9_3_2_13_2_95,/content/drive/MyDrive/CD2_DSA/raw/val/images/4727_20210622_3_1_a9_3_2_13_2_95.jpg,1,1
16083_20210706_3_1_a9_3_2_13_2_93,/content/drive/MyDrive/CD2_DSA/raw/val/images/16083_20210706_3_1_a9_3_2_13_2_93.jpg,1,1
10510_20210624_3_0_0_3_2_13_0_16,/content/drive/MyDrive/CD2_DSA/raw/val/images/10510_20210624_3_0_0_3_2_13_0_16.jpg,0,0
308150_20210914_3_0_0_3_2_11_0_50,/content/drive/MyDrive/CD2_DSA/raw/val/images/308150_20210914_3_0_0_3_2_11_0_50.jpg,0,0
17054_20210622_3_1_a9_3_2_13_1_175,/content/drive/MyDrive/CD2_DSA/raw/val/images/17054_20210622_3_1_a9_3_2_13_1_175.jpg,1,0
66294_20210624_3_0_0_4_2_13_0_195,/content/drive/MyDrive/CD2_DSA/raw/val/images/66294_20210624_3_0_0_4_2_13_0_195.jpg,0,0
307764_20210914_3_0_0_3_2_11_0_364,/content/drive/MyDrive/CD2_DSA/raw/val/images/307764_20210914_3_0_0_3_2_11_0_364.jpg,0,0
312037_20210914_3_0_0_3_2_11_0_160,/content/drive/MyDrive/CD2_DSA/raw/val/images/312037_20210914_3_0_0_3_2_11_0_160.jpg,0,0
307667_20210914_3_0_0_3_2_11_0_267,/content/drive/MyDrive/CD2_DSA/raw/val/images/307667_20210914_3_0_0_3_2_11_0_267.jpg,0,0
125127_20210624_3_0_0_1_2_13_0_158,/content/drive/MyDrive/CD2_DSA/raw/val/images/125127_20210624_3_0_0_1_2_13_0_158.jpg,0,0
16436_20210706_3_1_a9_3_2_13_2_352,/content/drive/MyDrive/CD2_DSA/raw/val/images/16436_20210706_3_1_a9_3_2_13_2_352.jpg,1,1
308189_20210914_3_0_0_3_2_11_0_89,/content/drive/MyDrive/CD2_DSA/raw/val/images/308189_20210914_3_0_0_3_2_11_0_89.jpg,0,0
16604_20210706_3_1_a9_3_2_13_2_455,/content/drive/MyDrive/CD2_DSA/raw/val/images/16604_20210706_3_1_a9_3_2_13_2_455.jpg,1,1
304156_20210913_3_0_0_3_2_11_0_393,/content/drive/MyDrive/CD2_DSA/raw/val/images/304156_20210913_3_0_0_3_2_11_0_393.jpg,0,0
307868_20210914_3_0_0_5_2_11_0_65,/content/drive/MyDrive/CD2_DSA/raw/val/images/307868_20210914_3_0_0_5_2_11_0_65.jpg,0,0
308739_20210914_3_0_0_5_2_11_0_215,/content/drive/MyDrive/CD2_DSA/raw/val/images/308739_20210914_3_0_0_5_2_11_0_215.jpg,0,0
13216_20210624_3_0_0_1_2_13_0_176,/content/drive/MyDrive/CD2_DSA/raw/val/images/13216_20210624_3_0_0_1_2_13_0_176.jpg,0,0
95252_20210624_3_0_0_1_2_13_0_73,/content/drive/MyDrive/CD2_DSA/raw/val/images/95252_20210624_3_0_0_1_2_13_0_73.jpg,0,0
170824_20210624_3_0_0_5_2_13_0_18,/content/drive/MyDrive/CD2_DSA/raw/val/images/170824_20210624_3_0_0_5_2_13_0_18.jpg,0,0
9144_20210624_3_0_0_2_2_13_0_138,/content/drive/MyDrive/CD2_DSA/raw/val/images/9144_20210624_3_0_0_2_2_13_0_138.jpg,0,0
3620_20210629_3_1_a9_3_2_13_1_269,/content/drive/MyDrive/CD2_DSA/raw/val/images/3620_20210629_3_1_a9_3_2_13_1_269.jpg,1,1
304017_20210913_3_0_0_3_2_11_0_254,/content/drive/MyDrive/CD2_DSA/raw/val/images/304017_20210913_3_0_0_3_2_11_0_254.jpg,0,0
312178_20210914_3_0_0_3_2_11_0_301,/content/drive/MyDrive/CD2_DSA/raw/val/images/312178_20210914_3_0_0_3_2_11_0_301.jpg,0,0
16007_20210706_3_1_a9_3_2_13_2_17,/content/drive/MyDrive/CD2_DSA/raw/val/images/16007_20210706_3_1_a9_3_2_13_2_17.jpg,1,1
95245_20210624_3_0_0_1_2_13_0_66,/content/drive/MyDrive/CD2_DSA/raw/val/images/95245_20210624_3_0_0_1_2_13_0_66.jpg,0,0
86556_20210624_3_0_0_1_2_13_0_125,/content/drive/MyDrive/CD2_DSA/raw/val/images/86556_20210624_3_0_0_1_2_13_0_125.jpg,0,0
7216_20210624_3_0_0_1_2_13_0_260,/content/drive/MyDrive/CD2_DSA/raw/val/images/7216_20210624_3_0_0_1_2_13_0_260.jpg,0,0
829_20210622_3_1_a9_3_2_13_3_27,/content/drive/MyDrive/CD2_DSA/raw/val/images/829_20210622_3_1_a9_3_2_13_3_27.jpg,1,1
17059_20210622_3_1_a9_3_2_13_1_180,/content/drive/MyDrive/CD2_DSA/raw/val/images/17059_20210622_3_1_a9_3_2_13_1_180.jpg,1,0
2708_20210624_3_0_0_4_2_13_0_177,/content/drive/MyDrive/CD2_DSA/raw/val/images/2708_20210624_3_0_0_4_2_13_0_177.jpg,0,0
11889_20210624_3_0_0_1_2_13_0_135,/content/drive/MyDrive/CD2_DSA/raw/val/images/11889_20210624_3_0_0_1_2_13_0_135.jpg,0,0
83227_20210624_3_0_0_1_2_13_0_140,/content/drive/MyDrive/CD2_DSA/raw/val/images/83227_20210624_3_0_0_1_2_13_0_140.jpg,0,0
16732_20210706_3_1_a9_3_2_13_2_583,/content/drive/MyDrive/CD2_DSA/raw/val/images/16732_20210706_3_1_a9_3_2_13_2_583.jpg,1,1
16643_20210706_3_1_a9_3_2_13_2_494,/content/drive/MyDrive/CD2_DSA/raw/val/images/16643_20210706_3_1_a9_3_2_13_2_494.jpg,1,0
1549_20210622_3_1_a9_3_2_13_2_121,/content/drive/MyDrive/CD2_DSA/raw/val/images/1549_20210622_3_1_a9_3_2_13_2_121.jpg,1,1
86380_20210624_3_0_0_1_2_13_0_49,/content/drive/MyDrive/CD2_DSA/raw/val/images/86380_20210624_3_0_0_1_2_13_0_49.jpg,0,0
308555_20210914_3_0_0_5_2_11_0_31,/content/drive/MyDrive/CD2_DSA/raw/val/images/308555_20210914_3_0_0_5_2_11_0_31.jpg,0,0
26104_20210624_3_0_0_5_2_13_0_153,/content/drive/MyDrive/CD2_DSA/raw/val/images/26104_20210624_3_0_0_5_2_13_0_153.jpg,0,0
11773_20210624_3_0_0_1_2_13_0_127,/content/drive/MyDrive/CD2_DSA/raw/val/images/11773_20210624_3_0_0_1_2_13_0_127.jpg,0,0
3599_20210629_3_1_a9_3_2_13_1_248,/content/drive/MyDrive/CD2_DSA/raw/val/images/3599_20210629_3_1_a9_3_2_13_1_248.jpg,1,1
49037_20210624_3_0_0_1_2_13_0_111,/content/drive/MyDrive/CD2_DSA/raw/val/images/49037_20210624_3_0_0_1_2_13_0_111.jpg,0,0
126074_20210624_3_0_0_5_2_13_0_9,/content/drive/MyDrive/CD2_DSA/raw/val/images/126074_20210624_3_0_0_5_2_13_0_9.jpg,0,0
1140_20210624_3_0_0_1_2_13_0_195,/content/drive/MyDrive/CD2_DSA/raw/val/images/1140_20210624_3_0_0_1_2_13_0_195.jpg,0,0
15383_20210622_3_1_a9_3_2_13_3_87,/content/drive/MyDrive/CD2_DSA/raw/val/images/15383_20210622_3_1_a9_3_2_13_3_87.jpg,1,1
307905_20210914_3_0_0_5_2_11_0_102,/content/drive/MyDrive/CD2_DSA/raw/val/images/307905_20210914_3_0_0_5_2_11_0_102.jpg,0,0
723_20210622_3_1_a9_3_2_13_1_88,/content/drive/MyDrive/CD2_DSA/raw/val/images/723_20210622_3_1_a9_3_2_13_1_88.jpg,1,1
868_20210622_3_1_a9_3_2_13_3_66,/content/drive/MyDrive/CD2_DSA/raw/val/images/868_20210622_3_1_a9_3_2_13_3_66.jpg,1,1
16794_20210713_3_1_a9_3_2_13_3_56,/content/drive/MyDrive/CD2_DSA/raw/val/images/16794_20210713_3_1_a9_3_2_13_3_56.jpg,1,0
766_20210622_3_1_a9_3_2_13_1_131,/content/drive/MyDrive/CD2_DSA/raw/val/images/766_20210622_3_1_a9_3_2_13_1_131.jpg,1,1
108309_20210624_3_0_0_2_2_13_0_182,/content/drive/MyDrive/CD2_DSA/raw/val/images/108309_20210624_3_0_0_2_2_13_0_182.jpg,0,0
304157_20210913_3_0_0_3_2_11_0_394,/content/drive/MyDrive/CD2_DSA/raw/val/images/304157_20210913_3_0_0_3_2_11_0_394.jpg,0,0
64655_20210624_3_0_0_1_2_13_0_19,/content/drive/MyDrive/CD2_DSA/raw/val/images/64655_20210624_3_0_0_1_2_13_0_19.jpg,0,0
1613_20210622_3_1_a9_3_2_13_2_185,/content/drive/MyDrive/CD2_DSA/raw/val/images/1613_20210622_3_1_a9_3_2_13_2_185.jpg,1,1
307956_20210914_3_0_0_5_2_11_0_153,/content/drive/MyDrive/CD2_DSA/raw/val/images/307956_20210914_3_0_0_5_2_11_0_153.jpg,0,0
83273_20210624_3_0_0_1_2_13_0_186,/content/drive/MyDrive/CD2_DSA/raw/val/images/83273_20210624_3_0_0_1_2_13_0_186.jpg,0,0
25705_20210624_3_0_0_5_2_13_0_129,/content/drive/MyDrive/CD2_DSA/raw/val/images/25705_20210624_3_0_0_5_2_13_0_129.jpg,0,0
126112_20210624_3_0_0_5_2_13_0_47,/content/drive/MyDrive/CD2_DSA/raw/val/images/126112_20210624_3_0_0_5_2_13_0_47.jpg,0,0
96067_20210624_3_0_0_3_2_13_0_121,/content/drive/MyDrive/CD2_DSA/raw/val/images/96067_20210624_3_0_0_3_2_13_0_121.jpg,0,0
10525_20210624_3_0_0_3_2_13_0_31,/content/drive/MyDrive/CD2_DSA/raw/val/images/10525_20210624_3_0_0_3_2_13_0_31.jpg,0,0
16397_20210706_3_1_a9_3_2_13_2_313,/content/drive/MyDrive/CD2_DSA/raw/val/images/16397_20210706_3_1_a9_3_2_13_2_313.jpg,1,1
15410_20210622_3_1_a9_3_2_13_3_114,/content/drive/MyDrive/CD2_DSA/raw/val/images/15410_20210622_3_1_a9_3_2_13_3_114.jpg,1,1
304124_20210913_3_0_0_3_2_11_0_361,/content/drive/MyDrive/CD2_DSA/raw/val/images/304124_20210913_3_0_0_3_2_11_0_361.jpg,0,0
49052_20210624_3_0_0_1_2_13_0_126,/content/drive/MyDrive/CD2_DSA/raw/val/images/49052_20210624_3_0_0_1_2_13_0_126.jpg,0,0
16445_20210706_3_1_a9_3_2_13_2_361,/content/drive/MyDrive/CD2_DSA/raw/val/images/16445_20210706_3_1_a9_3_2_13_2_361.jpg,1,1
16351_20210706_3_1_a9_3_2_13_2_281,/content/drive/MyDrive/CD2_DSA/raw/val/images/16351_20210706_3_1_a9_3_2_13_2_281.jpg,1,1
15412_20210622_3_1_a9_3_2_13_3_116,/content/drive/MyDrive/CD2_DSA/raw/val/images/15412_20210622_3_1_a9_3_2_13_3_116.jpg,1,1
95268_20210624_3_0_0_1_2_13_0_89,/content/drive/MyDrive/CD2_DSA/raw/val/images/95268_20210624_3_0_0_1_2_13_0_89.jpg,0,0
83281_20210624_3_0_0_1_2_13_0_194,/content/drive/MyDrive/CD2_DSA/raw/val/images/83281_20210624_3_0_0_1_2_13_0_194.jpg,0,0
308331_20210914_3_0_0_3_2_11_0_231,/content/drive/MyDrive/CD2_DSA/raw/val/images/308331_20210914_3_0_0_3_2_11_0_231.jpg,0,0
12526_20210624_3_0_0_1_2_13_0_167,/content/drive/MyDrive/CD2_DSA/raw/val/images/12526_20210624_3_0_0_1_2_13_0_167.jpg,0,0
308843_20210914_3_0_0_5_2_11_0_319,/content/drive/MyDrive/CD2_DSA/raw/val/images/308843_20210914_3_0_0_5_2_11_0_319.jpg,0,0
1594_20210622_3_1_a9_3_2_13_2_166,/content/drive/MyDrive/CD2_DSA/raw/val/images/1594_20210622_3_1_a9_3_2_13_2_166.jpg,1,1
304058_20210913_3_0_0_3_2_11_0_295,/content/drive/MyDrive/CD2_DSA/raw/val/images/304058_20210913_3_0_0_3_2_11_0_295.jpg,0,0
16521_20210706_3_1_a9_3_2_13_3_36,/content/drive/MyDrive/CD2_DSA/raw/val/images/16521_20210706_3_1_a9_3_2_13_3_36.jpg,1,0
9041_20210624_3_0_0_2_2_13_0_35,/content/drive/MyDrive/CD2_DSA/raw/val/images/9041_20210624_3_0_0_2_2_13_0_35.jpg,0,0
4387_20210622_3_1_a9_3_2_13_2_55,/content/drive/MyDrive/CD2_DSA/raw/val/images/4387_20210622_3_1_a9_3_2_13_2_55.jpg,1,1
1745_20210622_3_1_a9_3_2_13_2_317,/content/drive/MyDrive/CD2_DSA/raw/val/images/1745_20210622_3_1_a9_3_2_13_2_317.jpg,1,0
16268_20210706_3_1_a9_3_2_13_2_198,/content/drive/MyDrive/CD2_DSA/raw/val/images/16268_20210706_3_1_a9_3_2_13_2_198.jpg,1,0
86381_20210624_3_0_0_1_2_13_0_50,/content/drive/MyDrive/CD2_DSA/raw/val/images/86381_20210624_3_0_0_1_2_13_0_50.jpg,0,0
15871_20210622_3_1_a9_3_2_13_2_112,/content/drive/MyDrive/CD2_DSA/raw/val/images/15871_20210622_3_1_a9_3_2_13_2_112.jpg,1,0
15418_20210622_3_1_a9_3_2_13_3_122,/content/drive/MyDrive/CD2_DSA/raw/val/images/15418_20210622_3_1_a9_3_2_13_3_122.jpg,1,1
16760_20210713_3_1_a9_3_2_13_3_22,/content/drive/MyDrive/CD2_DSA/raw/val/images/16760_20210713_3_1_a9_3_2_13_3_22.jpg,1,0
967_20210624_3_0_0_1_2_13_0_22,/content/drive/MyDrive/CD2_DSA/raw/val/images/967_20210624_3_0_0_1_2_13_0_22.jpg,0,0
95194_20210624_3_0_0_1_2_13_0_15,/content/drive/MyDrive/CD2_DSA/raw/val/images/95194_20210624_3_0_0_1_2_13_0_15.jpg,0,0
308616_20210914_3_0_0_5_2_11_0_92,/content/drive/MyDrive/CD2_DSA/raw/val/images/308616_20210914_3_0_0_5_2_11_0_92.jpg,0,0
308145_20210914_3_0_0_3_2_11_0_45,/content/drive/MyDrive/CD2_DSA/raw/val/images/308145_20210914_3_0_0_3_2_11_0_45.jpg,0,0
307922_20210914_3_0_0_5_2_11_0_119,/content/drive/MyDrive/CD2_DSA/raw/val/images/307922_20210914_3_0_0_5_2_11_0_119.jpg,0,0
311710_20210803_3_0_0_3_2_11_0_42,/content/drive/MyDrive/CD2_DSA/raw/val/images/311710_20210803_3_0_0_3_2_11_0_42.jpg,0,0
308666_20210914_3_0_0_5_2_11_0_143,/content/drive/MyDrive/CD2_DSA/raw/val/images/308666_20210914_3_0_0_5_2_11_0_143.jpg,0,0
6797_20210624_3_0_0_1_2_13_0_22,/content/drive/MyDrive/CD2_DSA/raw/val/images/6797_20210624_3_0_0_1_2_13_0_22.jpg,0,0
709_20210622_3_1_a9_3_2_13_1_74,/content/drive/MyDrive/CD2_DSA/raw/val/images/709_20210622_3_1_a9_3_2_13_1_74.jpg,1,0
3800_20210629_3_1_a9_3_2_13_3_9,/content/drive/MyDrive/CD2_DSA/raw/val/images/3800_20210629_3_1_a9_3_2_13_3_9.jpg,1,1
304193_20210913_3_0_0_3_2_11_0_430,/content/drive/MyDrive/CD2_DSA/raw/val/images/304193_20210913_3_0_0_3_2_11_0_430.jpg,0,0
5863_20210622_3_1_a9_3_2_13_1_52,/content/drive/MyDrive/CD2_DSA/raw/val/images/5863_20210622_3_1_a9_3_2_13_1_52.jpg,1,1
307684_20210914_3_0_0_3_2_11_0_284,/content/drive/MyDrive/CD2_DSA/raw/val/images/307684_20210914_3_0_0_3_2_11_0_284.jpg,0,0
843_20210622_3_1_a9_3_2_13_3_41,/content/drive/MyDrive/CD2_DSA/raw/val/images/843_20210622_3_1_a9_3_2_13_3_41.jpg,1,1
304239_20210913_3_0_0_3_2_11_0_476,/content/drive/MyDrive/CD2_DSA/raw/val/images/304239_20210913_3_0_0_3_2_11_0_476.jpg,0,0
3197_20210629_3_1_a9_3_2_13_1_52,/content/drive/MyDrive/CD2_DSA/raw/val/images/3197_20210629_3_1_a9_3_2_13_1_52.jpg,1,1
128842_20210624_3_0_0_1_2_13_0_32,/content/drive/MyDrive/CD2_DSA/raw/val/images/128842_20210624_3_0_0_1_2_13_0_32.jpg,0,0
25675_20210624_3_0_0_5_2_13_0_99,/content/drive/MyDrive/CD2_DSA/raw/val/images/25675_20210624_3_0_0_5_2_13_0_99.jpg,0,0
106205_20210624_3_0_0_1_2_13_0_2,/content/drive/MyDrive/CD2_DSA/raw/val/images/106205_20210624_3_0_0_1_2_13_0_2.jpg,0,0
17071_20210622_3_1_a9_3_2_13_1_192,/content/drive/MyDrive/CD2_DSA/raw/val/images/17071_20210622_3_1_a9_3_2_13_1_192.jpg,1,1
83188_20210624_3_0_0_1_2_13_0_101,/content/drive/MyDrive/CD2_DSA/raw/val/images/83188_20210624_3_0_0_1_2_13_0_101.jpg,0,0
6800_20210624_3_0_0_1_2_13_0_25,/content/drive/MyDrive/CD2_DSA/raw/val/images/6800_20210624_3_0_0_1_2_13_0_25.jpg,0,0
311948_20210914_3_0_0_3_2_11_0_71,/content/drive/MyDrive/CD2_DSA/raw/val/images/311948_20210914_3_0_0_3_2_11_0_71.jpg,0,0
7533_20210622_3_1_a9_3_2_13_1_212,/content/drive/MyDrive/CD2_DSA/raw/val/images/7533_20210622_3_1_a9_3_2_13_1_212.jpg,1,1
7227_20210622_3_1_a9_3_2_13_1_193,/content/drive/MyDrive/CD2_DSA/raw/val/images/7227_20210622_3_1_a9_3_2_13_1_193.jpg,1,1
106599_20210624_3_0_0_1_2_13_0_196,/content/drive/MyDrive/CD2_DSA/raw/val/images/106599_20210624_3_0_0_1_2_13_0_196.jpg,0,0
837_20210622_3_1_a9_3_2_13_3_35,/content/drive/MyDrive/CD2_DSA/raw/val/images/837_20210622_3_1_a9_3_2_13_3_35.jpg,1,0
16878_20210622_3_1_a9_3_2_13_1_38,/content/drive/MyDrive/CD2_DSA/raw/val/images/16878_20210622_3_1_a9_3_2_13_1_38.jpg,1,1
2337_20210624_3_0_0_3_2_13_0_24,/content/drive/MyDrive/CD2_DSA/raw/val/images/2337_20210624_3_0_0_3_2_13_0_24.jpg,0,0
16231_20210706_3_1_a9_3_2_13_2_161,/content/drive/MyDrive/CD2_DSA/raw/val/images/16231_20210706_3_1_a9_3_2_13_2_161.jpg,1,1
1528_20210622_3_1_a9_3_2_13_2_100,/content/drive/MyDrive/CD2_DSA/raw/val/images/1528_20210622_3_1_a9_3_2_13_2_100.jpg,1,1
16502_20210706_3_1_a9_3_2_13_3_17,/content/drive/MyDrive/CD2_DSA/raw/val/images/16502_20210706_3_1_a9_3_2_13_3_17.jpg,1,1
108321_20210624_3_0_0_2_2_13_0_194,/content/drive/MyDrive/CD2_DSA/raw/val/images/108321_20210624_3_0_0_2_2_13_0_194.jpg,0,0
308557_20210914_3_0_0_5_2_11_0_33,/content/drive/MyDrive/CD2_DSA/raw/val/images/308557_20210914_3_0_0_5_2_11_0_33.jpg,0,0
125622_20210624_3_0_0_2_2_13_0_26,/content/drive/MyDrive/CD2_DSA/raw/val/images/125622_20210624_3_0_0_2_2_13_0_26.jpg,0,0
307554_20210914_3_0_0_3_2_11_0_154,/content/drive/MyDrive/CD2_DSA/raw/val/images/307554_20210914_3_0_0_3_2_11_0_154.jpg,0,0
307626_20210914_3_0_0_3_2_11_0_226,/content/drive/MyDrive/CD2_DSA/raw/val/images/307626_20210914_3_0_0_3_2_11_0_226.jpg,0,0
14605_20210624_3_0_0_3_2_13_0_117,/content/drive/MyDrive/CD2_DSA/raw/val/images/14605_20210624_3_0_0_3_2_13_0_117.jpg,0,0
106312_20210624_3_0_0_1_2_13_0_109,/content/drive/MyDrive/CD2_DSA/raw/val/images/106312_20210624_3_0_0_1_2_13_0_109.jpg,0,0
308799_20210914_3_0_0_5_2_11_0_275,/content/drive/MyDrive/CD2_DSA/raw/val/images/308799_20210914_3_0_0_5_2_11_0_275.jpg,0,0
308245_20210914_3_0_0_3_2_11_0_145,/content/drive/MyDrive/CD2_DSA/raw/val/images/308245_20210914_3_0_0_3_2_11_0_145.jpg,0,0
83262_20210624_3_0_0_1_2_13_0_175,/content/drive/MyDrive/CD2_DSA/raw/val/images/83262_20210624_3_0_0_1_2_13_0_175.jpg,0,0
307532_20210914_3_0_0_3_2_11_0_132,/content/drive/MyDrive/CD2_DSA/raw/val/images/307532_20210914_3_0_0_3_2_11_0_132.jpg,0,0
71154_20210624_3_0_0_3_2_13_0_7,/content/drive/MyDrive/CD2_DSA/raw/val/images/71154_20210624_3_0_0_3_2_13_0_7.jpg,0,0
308158_20210914_3_0_0_3_2_11_0_58,/content/drive/MyDrive/CD2_DSA/raw/val/images/308158_20210914_3_0_0_3_2_11_0_58.jpg,0,0
312168_20210914_3_0_0_3_2_11_0_291,/content/drive/MyDrive/CD2_DSA/raw/val/images/312168_20210914_3_0_0_3_2_11_0_291.jpg,0,0
106550_20210624_3_0_0_1_2_13_0_147,/content/drive/MyDrive/CD2_DSA/raw/val/images/106550_20210624_3_0_0_1_2_13_0_147.jpg,0,0
125121_20210624_3_0_0_1_2_13_0_152,/content/drive/MyDrive/CD2_DSA/raw/val/images/125121_20210624_3_0_0_1_2_13_0_152.jpg,0,0
1510_20210622_3_1_a9_3_2_13_2_82,/content/drive/MyDrive/CD2_DSA/raw/val/images/1510_20210622_3_1_a9_3_2_13_2_82.jpg,1,0
126066_20210624_3_0_0_5_2_13_0_1,/content/drive/MyDrive/CD2_DSA/raw/val/images/126066_20210624_3_0_0_5_2_13_0_1.jpg,0,0
170888_20210624_3_0_0_5_2_13_0_82,/content/drive/MyDrive/CD2_DSA/raw/val/images/170888_20210624_3_0_0_5_2_13_0_82.jpg,0,0
304119_20210913_3_0_0_3_2_11_0_356,/content/drive/MyDrive/CD2_DSA/raw/val/images/304119_20210913_3_0_0_3_2_11_0_356.jpg,0,0
49089_20210624_3_0_0_1_2_13_0_163,/content/drive/MyDrive/CD2_DSA/raw/val/images/49089_20210624_3_0_0_1_2_13_0_163.jpg,0,0
10537_20210624_3_0_0_3_2_13_0_43,/content/drive/MyDrive/CD2_DSA/raw/val/images/10537_20210624_3_0_0_3_2_13_0_43.jpg,0,0
17055_20210622_3_1_a9_3_2_13_1_176,/content/drive/MyDrive/CD2_DSA/raw/val/images/17055_20210622_3_1_a9_3_2_13_1_176.jpg,1,0
15607_20210706_3_1_a9_3_2_13_3_38,/content/drive/MyDrive/CD2_DSA/raw/val/images/15607_20210706_3_1_a9_3_2_13_3_38.jpg,1,1
308160_20210914_3_0_0_3_2_11_0_60,/content/drive/MyDrive/CD2_DSA/raw/val/images/308160_20210914_3_0_0_3_2_11_0_60.jpg,0,0
307624_20210914_3_0_0_3_2_11_0_224,/content/drive/MyDrive/CD2_DSA/raw/val/images/307624_20210914_3_0_0_3_2_11_0_224.jpg,0,0
83327_20210624_3_0_0_1_2_13_0_210,/content/drive/MyDrive/CD2_DSA/raw/val/images/83327_20210624_3_0_0_1_2_13_0_210.jpg,0,0
10585_20210624_3_0_0_3_2_13_0_91,/content/drive/MyDrive/CD2_DSA/raw/val/images/10585_20210624_3_0_0_3_2_13_0_91.jpg,0,0
15577_20210706_3_1_a9_3_2_13_3_8,/content/drive/MyDrive/CD2_DSA/raw/val/images/15577_20210706_3_1_a9_3_2_13_3_8.jpg,1,1
16090_20210706_3_1_a9_3_2_13_2_100,/content/drive/MyDrive/CD2_DSA/raw/val/images/16090_20210706_3_1_a9_3_2_13_2_100.jpg,1,1
308300_20210914_3_0_0_3_2_11_0_200,/content/drive/MyDrive/CD2_DSA/raw/val/images/308300_20210914_3_0_0_3_2_11_0_200.jpg,0,0
67599_20210624_3_0_0_1_2_13_0_170,/content/drive/MyDrive/CD2_DSA/raw/val/images/67599_20210624_3_0_0_1_2_13_0_170.jpg,0,0
815_20210622_3_1_a9_3_2_13_3_13,/content/drive/MyDrive/CD2_DSA/raw/val/images/815_20210622_3_1_a9_3_2_13_3_13.jpg,1,0
86865_20210624_3_0_0_1_2_13_0_190,/content/drive/MyDrive/CD2_DSA/raw/val/images/86865_20210624_3_0_0_1_2_13_0_190.jpg,0,0
15868_20210622_3_1_a9_3_2_13_2_109,/content/drive/MyDrive/CD2_DSA/raw/val/images/15868_20210622_3_1_a9_3_2_13_2_109.jpg,1,1
7103_20210624_3_0_0_1_2_13_0_147,/content/drive/MyDrive/CD2_DSA/raw/val/images/7103_20210624_3_0_0_1_2_13_0_147.jpg,0,0
65907_20210624_3_0_0_4_2_13_0_38,/content/drive/MyDrive/CD2_DSA/raw/val/images/65907_20210624_3_0_0_4_2_13_0_38.jpg,0,0
86871_20210624_3_0_0_1_2_13_0_196,/content/drive/MyDrive/CD2_DSA/raw/val/images/86871_20210624_3_0_0_1_2_13_0_196.jpg,0,0
308197_20210914_3_0_0_3_2_11_0_97,/content/drive/MyDrive/CD2_DSA/raw/val/images/308197_20210914_3_0_0_3_2_11_0_97.jpg,0,0
95251_20210624_3_0_0_1_2_13_0_72,/content/drive/MyDrive/CD2_DSA/raw/val/images/95251_20210624_3_0_0_1_2_13_0_72.jpg,0,0
308483_20210914_3_0_0_3_2_11_0_383,/content/drive/MyDrive/CD2_DSA/raw/val/images/308483_20210914_3_0_0_3_2_11_0_383.jpg,0,0
104086_20210624_3_0_0_4_2_13_0_164,/content/drive/MyDrive/CD2_DSA/raw/val/images/104086_20210624_3_0_0_4_2_13_0_164.jpg,0,0
3806_20210629_3_1_a9_3_2_13_3_15,/content/drive/MyDrive/CD2_DSA/raw/val/images/3806_20210629_3_1_a9_3_2_13_3_15.jpg,1,1
304196_20210913_3_0_0_3_2_11_0_433,/content/drive/MyDrive/CD2_DSA/raw/val/images/304196_20210913_3_0_0_3_2_11_0_433.jpg,0,0
7085_20210622_3_1_a9_3_2_13_1_180,/content/drive/MyDrive/CD2_DSA/raw/val/images/7085_20210622_3_1_a9_3_2_13_1_180.jpg,1,1
307408_20210914_3_0_0_3_2_11_0_8,/content/drive/MyDrive/CD2_DSA/raw/val/images/307408_20210914_3_0_0_3_2_11_0_8.jpg,0,0
49044_20210624_3_0_0_1_2_13_0_118,/content/drive/MyDrive/CD2_DSA/raw/val/images/49044_20210624_3_0_0_1_2_13_0_118.jpg,0,0
5843_20210622_3_1_a9_3_2_13_1_28,/content/drive/MyDrive/CD2_DSA/raw/val/images/5843_20210622_3_1_a9_3_2_13_1_28.jpg,1,1
22298_20210624_3_0_0_2_2_13_0_16,/content/drive/MyDrive/CD2_DSA/raw/val/images/22298_20210624_3_0_0_2_2_13_0_16.jpg,0,0
16207_20210706_3_1_a9_3_2_13_2_137,/content/drive/MyDrive/CD2_DSA/raw/val/images/16207_20210706_3_1_a9_3_2_13_2_137.jpg,1,0
307892_20210914_3_0_0_5_2_11_0_89,/content/drive/MyDrive/CD2_DSA/raw/val/images/307892_20210914_3_0_0_5_2_11_0_89.jpg,0,0
311930_20210914_3_0_0_3_2_11_0_53,/content/drive/MyDrive/CD2_DSA/raw/val/images/311930_20210914_3_0_0_3_2_11_0_53.jpg,0,0
15768_20210622_3_1_a9_3_2_13_2_9,/content/drive/MyDrive/CD2_DSA/raw/val/images/15768_20210622_3_1_a9_3_2_13_2_9.jpg,1,0
304024_20210913_3_0_0_3_2_11_0_261,/content/drive/MyDrive/CD2_DSA/raw/val/images/304024_20210913_3_0_0_3_2_11_0_261.jpg,0,0
1612_20210622_3_1_a9_3_2_13_2_184,/content/drive/MyDrive/CD2_DSA/raw/val/images/1612_20210622_3_1_a9_3_2_13_2_184.jpg,1,1
308690_20210914_3_0_0_5_2_11_0_167,/content/drive/MyDrive/CD2_DSA/raw/val/images/308690_20210914_3_0_0_5_2_11_0_167.jpg,0,0
7137_20210624_3_0_0_1_2_13_0_181,/content/drive/MyDrive/CD2_DSA/raw/val/images/7137_20210624_3_0_0_1_2_13_0_181.jpg,0,0
170842_20210624_3_0_0_5_2_13_0_36,/content/drive/MyDrive/CD2_DSA/raw/val/images/170842_20210624_3_0_0_5_2_13_0_36.jpg,0,0
308001_20210914_3_0_0_5_2_11_0_198,/content/drive/MyDrive/CD2_DSA/raw/val/images/308001_20210914_3_0_0_5_2_11_0_198.jpg,0,0
10494_20210624_3_0_0_1_2_13_0_43,/content/drive/MyDrive/CD2_DSA/raw/val/images/10494_20210624_3_0_0_1_2_13_0_43.jpg,0,0
312108_20210914_3_0_0_3_2_11_0_231,/content/drive/MyDrive/CD2_DSA/raw/val/images/312108_20210914_3_0_0_3_2_11_0_231.jpg,0,0
307730_20210914_3_0_0_3_2_11_0_330,/content/drive/MyDrive/CD2_DSA/raw/val/images/307730_20210914_3_0_0_3_2_11_0_330.jpg,0,0
5248_20210622_3_1_a9_3_2_13_2_124,/content/drive/MyDrive/CD2_DSA/raw/val/images/5248_20210622_3_1_a9_3_2_13_2_124.jpg,1,0
170891_20210624_3_0_0_5_2_13_0_85,/content/drive/MyDrive/CD2_DSA/raw/val/images/170891_20210624_3_0_0_5_2_13_0_85.jpg,0,0
312208_20210914_3_0_0_3_2_11_0_331,/content/drive/MyDrive/CD2_DSA/raw/val/images/312208_20210914_3_0_0_3_2_11_0_331.jpg,0,0
95231_20210624_3_0_0_1_2_13_0_52,/content/drive/MyDrive/CD2_DSA/raw/val/images/95231_20210624_3_0_0_1_2_13_0_52.jpg,0,0
1571_20210622_3_1_a9_3_2_13_2_143,/content/drive/MyDrive/CD2_DSA/raw/val/images/1571_20210622_3_1_a9_3_2_13_2_143.jpg,1,1
311708_20210803_3_0_0_3_2_11_0_40,/content/drive/MyDrive/CD2_DSA/raw/val/images/311708_20210803_3_0_0_3_2_11_0_40.jpg,0,0
67532_20210624_3_0_0_1_2_13_0_133,/content/drive/MyDrive/CD2_DSA/raw/val/images/67532_20210624_3_0_0_1_2_13_0_133.jpg,0,0
6031_20210622_3_1_a9_3_2_13_1_80,/content/drive/MyDrive/CD2_DSA/raw/val/images/6031_20210622_3_1_a9_3_2_13_1_80.jpg,1,1
1038_20210624_3_0_0_1_2_13_0_93,/content/drive/MyDrive/CD2_DSA/raw/val/images/1038_20210624_3_0_0_1_2_13_0_93.jpg,0,0
6774_20210622_3_1_a9_3_2_13_1_170,/content/drive/MyDrive/CD2_DSA/raw/val/images/6774_20210622_3_1_a9_3_2_13_1_170.jpg,1,0
16753_20210713_3_1_a9_3_2_13_3_15,/content/drive/MyDrive/CD2_DSA/raw/val/images/16753_20210713_3_1_a9_3_2_13_3_15.jpg,1,1
66312_20210624_3_0_0_4_2_13_0_213,/content/drive/MyDrive/CD2_DSA/raw/val/images/66312_20210624_3_0_0_4_2_13_0_213.jpg,0,0
66319_20210624_3_0_0_4_2_13_0_220,/content/drive/MyDrive/CD2_DSA/raw/val/images/66319_20210624_3_0_0_4_2_13_0_220.jpg,0,0
311740_20210803_3_0_0_3_2_11_0_72,/content/drive/MyDrive/CD2_DSA/raw/val/images/311740_20210803_3_0_0_3_2_11_0_72.jpg,0,0
170858_20210624_3_0_0_5_2_13_0_52,/content/drive/MyDrive/CD2_DSA/raw/val/images/170858_20210624_3_0_0_5_2_13_0_52.jpg,0,0
106534_20210624_3_0_0_1_2_13_0_131,/content/drive/MyDrive/CD2_DSA/raw/val/images/106534_20210624_3_0_0_1_2_13_0_131.jpg,0,0
307472_20210914_3_0_0_3_2_11_0_72,/content/drive/MyDrive/CD2_DSA/raw/val/images/307472_20210914_3_0_0_3_2_11_0_72.jpg,0,0
16581_20210706_3_1_a9_3_2_13_2_432,/content/drive/MyDrive/CD2_DSA/raw/val/images/16581_20210706_3_1_a9_3_2_13_2_432.jpg,1,1
308612_20210914_3_0_0_5_2_11_0_88,/content/drive/MyDrive/CD2_DSA/raw/val/images/308612_20210914_3_0_0_5_2_11_0_88.jpg,0,0
7185_20210624_3_0_0_1_2_13_0_229,/content/drive/MyDrive/CD2_DSA/raw/val/images/7185_20210624_3_0_0_1_2_13_0_229.jpg,0,0
307521_20210914_3_0_0_3_2_11_0_121,/content/drive/MyDrive/CD2_DSA/raw/val/images/307521_20210914_3_0_0_3_2_11_0_121.jpg,0,0
9188_20210624_3_0_0_2_2_13_0_182,/content/drive/MyDrive/CD2_DSA/raw/val/images/9188_20210624_3_0_0_2_2_13_0_182.jpg,0,0
67638_20210624_3_0_0_1_2_13_0_209,/content/drive/MyDrive/CD2_DSA/raw/val/images/67638_20210624_3_0_0_1_2_13_0_209.jpg,0,0
308036_20210914_3_0_0_5_2_11_0_233,/content/drive/MyDrive/CD2_DSA/raw/val/images/308036_20210914_3_0_0_5_2_11_0_233.jpg,0,0
304253_20210913_3_0_0_3_2_11_0_490,/content/drive/MyDrive/CD2_DSA/raw/val/images/304253_20210913_3_0_0_3_2_11_0_490.jpg,0,0
311763_20210803_3_0_0_3_2_11_0_95,/content/drive/MyDrive/CD2_DSA/raw/val/images/311763_20210803_3_0_0_3_2_11_0_95.jpg,0,0
304128_20210913_3_0_0_3_2_11_0_365,/content/drive/MyDrive/CD2_DSA/raw/val/images/304128_20210913_3_0_0_3_2_11_0_365.jpg,0,0
311738_20210803_3_0_0_3_2_11_0_70,/content/drive/MyDrive/CD2_DSA/raw/val/images/311738_20210803_3_0_0_3_2_11_0_70.jpg,0,0
3213_20210629_3_1_a9_3_2_13_1_68,/content/drive/MyDrive/CD2_DSA/raw/val/images/3213_20210629_3_1_a9_3_2_13_1_68.jpg,1,1
170910_20210624_3_0_0_5_2_13_0_104,/content/drive/MyDrive/CD2_DSA/raw/val/images/170910_20210624_3_0_0_5_2_13_0_104.jpg,0,0
307578_20210914_3_0_0_3_2_11_0_178,/content/drive/MyDrive/CD2_DSA/raw/val/images/307578_20210914_3_0_0_3_2_11_0_178.jpg,0,0
16370_20210706_3_1_a9_3_2_13_2_300,/content/drive/MyDrive/CD2_DSA/raw/val/images/16370_20210706_3_1_a9_3_2_13_2_300.jpg,1,0
71208_20210624_3_0_0_3_2_13_0_61,/content/drive/MyDrive/CD2_DSA/raw/val/images/71208_20210624_3_0_0_3_2_13_0_61.jpg,0,0
1441_20210622_3_1_a9_3_2_13_2_13,/content/drive/MyDrive/CD2_DSA/raw/val/images/1441_20210622_3_1_a9_3_2_13_2_13.jpg,1,1
67460_20210624_3_0_0_1_2_13_0_61,/content/drive/MyDrive/CD2_DSA/raw/val/images/67460_20210624_3_0_0_1_2_13_0_61.jpg,0,0
6501_20210622_3_1_a9_3_2_13_1_129,/content/drive/MyDrive/CD2_DSA/raw/val/images/6501_20210622_3_1_a9_3_2_13_1_129.jpg,1,1
16852_20210622_3_1_a9_3_2_13_1_12,/content/drive/MyDrive/CD2_DSA/raw/val/images/16852_20210622_3_1_a9_3_2_13_1_12.jpg,1,1
17018_20210622_3_1_a9_3_2_13_1_139,/content/drive/MyDrive/CD2_DSA/raw/val/images/17018_20210622_3_1_a9_3_2_13_1_139.jpg,1,1
307534_20210914_3_0_0_3_2_11_0_134,/content/drive/MyDrive/CD2_DSA/raw/val/images/307534_20210914_3_0_0_3_2_11_0_134.jpg,0,0
3737_20210622_3_1_a9_3_2_13_3_15,/content/drive/MyDrive/CD2_DSA/raw/val/images/3737_20210622_3_1_a9_3_2_13_3_15.jpg,1,1
6883_20210624_3_0_0_1_2_13_0_108,/content/drive/MyDrive/CD2_DSA/raw/val/images/6883_20210624_3_0_0_1_2_13_0_108.jpg,0,0
304275_20210913_3_0_0_3_2_11_0_512,/content/drive/MyDrive/CD2_DSA/raw/val/images/304275_20210913_3_0_0_3_2_11_0_512.jpg,0,0
11246_20210624_3_0_0_1_2_13_0_102,/content/drive/MyDrive/CD2_DSA/raw/val/images/11246_20210624_3_0_0_1_2_13_0_102.jpg,0,0
16956_20210622_3_1_a9_3_2_13_1_77,/content/drive/MyDrive/CD2_DSA/raw/val/images/16956_20210622_3_1_a9_3_2_13_1_77.jpg,1,1
17046_20210622_3_1_a9_3_2_13_1_167,/content/drive/MyDrive/CD2_DSA/raw/val/images/17046_20210622_3_1_a9_3_2_13_1_167.jpg,1,0
308341_20210914_3_0_0_3_2_11_0_241,/content/drive/MyDrive/CD2_DSA/raw/val/images/308341_20210914_3_0_0_3_2_11_0_241.jpg,0,0
6614_20210622_3_1_a9_3_2_13_1_142,/content/drive/MyDrive/CD2_DSA/raw/val/images/6614_20210622_3_1_a9_3_2_13_1_142.jpg,1,1
311904_20210914_3_0_0_3_2_11_0_27,/content/drive/MyDrive/CD2_DSA/raw/val/images/311904_20210914_3_0_0_3_2_11_0_27.jpg,0,0
308806_20210914_3_0_0_5_2_11_0_282,/content/drive/MyDrive/CD2_DSA/raw/val/images/308806_20210914_3_0_0_5_2_11_0_282.jpg,0,0
1068_20210624_3_0_0_1_2_13_0_123,/content/drive/MyDrive/CD2_DSA/raw/val/images/1068_20210624_3_0_0_1_2_13_0_123.jpg,0,0
25682_20210624_3_0_0_5_2_13_0_106,/content/drive/MyDrive/CD2_DSA/raw/val/images/25682_20210624_3_0_0_5_2_13_0_106.jpg,0,0
66284_20210624_3_0_0_4_2_13_0_185,/content/drive/MyDrive/CD2_DSA/raw/val/images/66284_20210624_3_0_0_4_2_13_0_185.jpg,0,0
16253_20210706_3_1_a9_3_2_13_2_183,/content/drive/MyDrive/CD2_DSA/raw/val/images/16253_20210706_3_1_a9_3_2_13_2_183.jpg,1,1
170893_20210624_3_0_0_5_2_13_0_87,/content/drive/MyDrive/CD2_DSA/raw/val/images/170893_20210624_3_0_0_5_2_13_0_87.jpg,0,0
1754_20210622_3_1_a9_3_2_13_2_326,/content/drive/MyDrive/CD2_DSA/raw/val/images/1754_20210622_3_1_a9_3_2_13_2_326.jpg,1,1
15852_20210622_3_1_a9_3_2_13_2_93,/content/drive/MyDrive/CD2_DSA/raw/val/images/15852_20210622_3_1_a9_3_2_13_2_93.jpg,1,0
128821_20210624_3_0_0_1_2_13_0_11,/content/drive/MyDrive/CD2_DSA/raw/val/images/128821_20210624_3_0_0_1_2_13_0_11.jpg,0,0
6463_20210622_3_1_a9_3_2_13_1_112,/content/drive/MyDrive/CD2_DSA/raw/val/images/6463_20210622_3_1_a9_3_2_13_1_112.jpg,1,1
307883_20210914_3_0_0_5_2_11_0_80,/content/drive/MyDrive/CD2_DSA/raw/val/images/307883_20210914_3_0_0_5_2_11_0_80.jpg,0,0
307737_20210914_3_0_0_3_2_11_0_337,/content/drive/MyDrive/CD2_DSA/raw/val/images/307737_20210914_3_0_0_3_2_11_0_337.jpg,0,0
7012_20210622_3_1_a9_3_2_13_1_172,/content/drive/MyDrive/CD2_DSA/raw/val/images/7012_20210622_3_1_a9_3_2_13_1_172.jpg,1,1
16810_20210713_3_1_a9_3_2_13_3_72,/content/drive/MyDrive/CD2_DSA/raw/val/images/16810_20210713_3_1_a9_3_2_13_3_72.jpg,1,0
170918_20210624_3_0_0_5_2_13_0_112,/content/drive/MyDrive/CD2_DSA/raw/val/images/170918_20210624_3_0_0_5_2_13_0_112.jpg,0,0
86838_20210624_3_0_0_1_2_13_0_163,/content/drive/MyDrive/CD2_DSA/raw/val/images/86838_20210624_3_0_0_1_2_13_0_163.jpg,0,0
308154_20210914_3_0_0_3_2_11_0_54,/content/drive/MyDrive/CD2_DSA/raw/val/images/308154_20210914_3_0_0_3_2_11_0_54.jpg,0,0
12520_20210624_3_0_0_1_2_13_0_161,/content/drive/MyDrive/CD2_DSA/raw/val/images/12520_20210624_3_0_0_1_2_13_0_161.jpg,0,0
308617_20210914_3_0_0_5_2_11_0_93,/content/drive/MyDrive/CD2_DSA/raw/val/images/308617_20210914_3_0_0_5_2_11_0_93.jpg,0,0
308127_20210914_3_0_0_3_2_11_0_27,/content/drive/MyDrive/CD2_DSA/raw/val/images/308127_20210914_3_0_0_3_2_11_0_27.jpg,0,0
109651_20210624_3_0_0_3_2_13_0_134,/content/drive/MyDrive/CD2_DSA/raw/val/images/109651_20210624_3_0_0_3_2_13_0_134.jpg,0,0
1053_20210624_3_0_0_1_2_13_0_108,/content/drive/MyDrive/CD2_DSA/raw/val/images/1053_20210624_3_0_0_1_2_13_0_108.jpg,0,0
1000_20210624_3_0_0_1_2_13_0_55,/content/drive/MyDrive/CD2_DSA/raw/val/images/1000_20210624_3_0_0_1_2_13_0_55.jpg,0,0
637_20210622_3_1_a9_3_2_13_1_2,/content/drive/MyDrive/CD2_DSA/raw/val/images/637_20210622_3_1_a9_3_2_13_1_2.jpg,1,0
720_20210622_3_1_a9_3_2_13_1_85,/content/drive/MyDrive/CD2_DSA/raw/val/images/720_20210622_3_1_a9_3_2_13_1_85.jpg,1,1
15995_20210706_3_1_a9_3_2_13_2_5,/content/drive/MyDrive/CD2_DSA/raw/val/images/15995_20210706_3_1_a9_3_2_13_2_5.jpg,1,1
308660_20210914_3_0_0_5_2_11_0_137,/content/drive/MyDrive/CD2_DSA/raw/val/images/308660_20210914_3_0_0_5_2_11_0_137.jpg,0,0
109421_20210624_3_0_0_3_2_13_0_35,/content/drive/MyDrive/CD2_DSA/raw/val/images/109421_20210624_3_0_0_3_2_13_0_35.jpg,0,0
308078_20210914_3_0_0_5_2_11_0_275,/content/drive/MyDrive/CD2_DSA/raw/val/images/308078_20210914_3_0_0_5_2_11_0_275.jpg,0,0
4198_20210622_3_1_a9_3_2_13_2_29,/content/drive/MyDrive/CD2_DSA/raw/val/images/4198_20210622_3_1_a9_3_2_13_2_29.jpg,1,1
16058_20210706_3_1_a9_3_2_13_2_68,/content/drive/MyDrive/CD2_DSA/raw/val/images/16058_20210706_3_1_a9_3_2_13_2_68.jpg,1,1
170839_20210624_3_0_0_5_2_13_0_33,/content/drive/MyDrive/CD2_DSA/raw/val/images/170839_20210624_3_0_0_5_2_13_0_33.jpg,0,0
13221_20210624_3_0_0_1_2_13_0_178,/content/drive/MyDrive/CD2_DSA/raw/val/images/13221_20210624_3_0_0_1_2_13_0_178.jpg,0,0
3607_20210629_3_1_a9_3_2_13_1_256,/content/drive/MyDrive/CD2_DSA/raw/val/images/3607_20210629_3_1_a9_3_2_13_1_256.jpg,1,0
1485_20210622_3_1_a9_3_2_13_2_57,/content/drive/MyDrive/CD2_DSA/raw/val/images/1485_20210622_3_1_a9_3_2_13_2_57.jpg,1,0
311674_20210803_3_0_0_3_2_11_0_6,/content/drive/MyDrive/CD2_DSA/raw/val/images/311674_20210803_3_0_0_3_2_11_0_6.jpg,0,0
71170_20210624_3_0_0_3_2_13_0_23,/content/drive/MyDrive/CD2_DSA/raw/val/images/71170_20210624_3_0_0_3_2_13_0_23.jpg,0,0
6511_20210622_3_1_a9_3_2_13_1_139,/content/drive/MyDrive/CD2_DSA/raw/val/images/6511_20210622_3_1_a9_3_2_13_1_139.jpg,1,1
985_20210624_3_0_0_1_2_13_0_40,/content/drive/MyDrive/CD2_DSA/raw/val/images/985_20210624_3_0_0_1_2_13_0_40.jpg,0,0
15475_20210622_3_1_a9_3_2_13_3_179,/content/drive/MyDrive/CD2_DSA/raw/val/images/15475_20210622_3_1_a9_3_2_13_3_179.jpg,1,1
82862_20210624_3_0_0_1_2_13_0_33,/content/drive/MyDrive/CD2_DSA/raw/val/images/82862_20210624_3_0_0_1_2_13_0_33.jpg,0,0
304190_20210913_3_0_0_3_2_11_0_427,/content/drive/MyDrive/CD2_DSA/raw/val/images/304190_20210913_3_0_0_3_2_11_0_427.jpg,0,0
16456_20210706_3_1_a9_3_2_13_2_372,/content/drive/MyDrive/CD2_DSA/raw/val/images/16456_20210706_3_1_a9_3_2_13_2_372.jpg,1,1
16807_20210713_3_1_a9_3_2_13_3_69,/content/drive/MyDrive/CD2_DSA/raw/val/images/16807_20210713_3_1_a9_3_2_13_3_69.jpg,1,0
26219_20210624_3_0_0_5_2_13_0_180,/content/drive/MyDrive/CD2_DSA/raw/val/images/26219_20210624_3_0_0_5_2_13_0_180.jpg,0,0
6494_20210622_3_1_a9_3_2_13_1_122,/content/drive/MyDrive/CD2_DSA/raw/val/images/6494_20210622_3_1_a9_3_2_13_1_122.jpg,1,1
16575_20210706_3_1_a9_3_2_13_2_426,/content/drive/MyDrive/CD2_DSA/raw/val/images/16575_20210706_3_1_a9_3_2_13_2_426.jpg,1,1
16609_20210706_3_1_a9_3_2_13_2_460,/content/drive/MyDrive/CD2_DSA/raw/val/images/16609_20210706_3_1_a9_3_2_13_2_460.jpg,1,0
88979_20210624_3_0_0_3_2_13_0_2,/content/drive/MyDrive/CD2_DSA/raw/val/images/88979_20210624_3_0_0_3_2_13_0_2.jpg,0,0
17043_20210622_3_1_a9_3_2_13_1_164,/content/drive/MyDrive/CD2_DSA/raw/val/images/17043_20210622_3_1_a9_3_2_13_1_164.jpg,1,1
1736_20210622_3_1_a9_3_2_13_2_308,/content/drive/MyDrive/CD2_DSA/raw/val/images/1736_20210622_3_1_a9_3_2_13_2_308.jpg,1,0
15129_20210622_3_1_a9_3_2_13_3_40,/content/drive/MyDrive/CD2_DSA/raw/val/images/15129_20210622_3_1_a9_3_2_13_3_40.jpg,1,1
15405_20210622_3_1_a9_3_2_13_3_109,/content/drive/MyDrive/CD2_DSA/raw/val/images/15405_20210622_3_1_a9_3_2_13_3_109.jpg,1,1
7226_20210622_3_1_a9_3_2_13_1_192,/content/drive/MyDrive/CD2_DSA/raw/val/images/7226_20210622_3_1_a9_3_2_13_1_192.jpg,1,1
308700_20210914_3_0_0_5_2_11_0_177,/content/drive/MyDrive/CD2_DSA/raw/val/images/308700_20210914_3_0_0_5_2_11_0_177.jpg,0,0
308003_20210914_3_0_0_5_2_11_0_200,/content/drive/MyDrive/CD2_DSA/raw/val/images/308003_20210914_3_0_0_5_2_11_0_200.jpg,0,0
307894_20210914_3_0_0_5_2_11_0_91,/content/drive/MyDrive/CD2_DSA/raw/val/images/307894_20210914_3_0_0_5_2_11_0_91.jpg,0,0
106215_20210624_3_0_0_1_2_13_0_12,/content/drive/MyDrive/CD2_DSA/raw/val/images/106215_20210624_3_0_0_1_2_13_0_12.jpg,0,0
308844_20210914_3_0_0_5_2_11_0_320,/content/drive/MyDrive/CD2_DSA/raw/val/images/308844_20210914_3_0_0_5_2_11_0_320.jpg,0,0
311899_20210914_3_0_0_3_2_11_0_22,/content/drive/MyDrive/CD2_DSA/raw/val/images/311899_20210914_3_0_0_3_2_11_0_22.jpg,0,0
1576_20210622_3_1_a9_3_2_13_2_148,/content/drive/MyDrive/CD2_DSA/raw/val/images/1576_20210622_3_1_a9_3_2_13_2_148.jpg,1,0
1465_20210622_3_1_a9_3_2_13_2_37,/content/drive/MyDrive/CD2_DSA/raw/val/images/1465_20210622_3_1_a9_3_2_13_2_37.jpg,1,0
307816_20210914_3_0_0_5_2_11_0_13,/content/drive/MyDrive/CD2_DSA/raw/val/images/307816_20210914_3_0_0_5_2_11_0_13.jpg,0,0
308601_20210914_3_0_0_5_2_11_0_77,/content/drive/MyDrive/CD2_DSA/raw/val/images/308601_20210914_3_0_0_5_2_11_0_77.jpg,0,0
71167_20210624_3_0_0_3_2_13_0_20,/content/drive/MyDrive/CD2_DSA/raw/val/images/71167_20210624_3_0_0_3_2_13_0_20.jpg,0,0
2403_20210624_3_0_0_3_2_13_0_90,/content/drive/MyDrive/CD2_DSA/raw/val/images/2403_20210624_3_0_0_3_2_13_0_90.jpg,0,0
307504_20210914_3_0_0_3_2_11_0_104,/content/drive/MyDrive/CD2_DSA/raw/val/images/307504_20210914_3_0_0_3_2_11_0_104.jpg,0,0
3432_20210629_3_1_a9_3_2_13_1_187,/content/drive/MyDrive/CD2_DSA/raw/val/images/3432_20210629_3_1_a9_3_2_13_1_187.jpg,1,1
1726_20210622_3_1_a9_3_2_13_2_298,/content/drive/MyDrive/CD2_DSA/raw/val/images/1726_20210622_3_1_a9_3_2_13_2_298.jpg,1,1
2448_20210624_3_0_0_4_2_13_0_35,/content/drive/MyDrive/CD2_DSA/raw/val/images/2448_20210624_3_0_0_4_2_13_0_35.jpg,0,0
304222_20210913_3_0_0_3_2_11_0_459,/content/drive/MyDrive/CD2_DSA/raw/val/images/304222_20210913_3_0_0_3_2_11_0_459.jpg,0,0
308090_20210914_3_0_0_5_2_11_0_287,/content/drive/MyDrive/CD2_DSA/raw/val/images/308090_20210914_3_0_0_5_2_11_0_287.jpg,0,0
312192_20210914_3_0_0_3_2_11_0_315,/content/drive/MyDrive/CD2_DSA/raw/val/images/312192_20210914_3_0_0_3_2_11_0_315.jpg,0,0
68503_20210624_3_0_0_2_2_13_0_13,/content/drive/MyDrive/CD2_DSA/raw/val/images/68503_20210624_3_0_0_2_2_13_0_13.jpg,0,0
311671_20210803_3_0_0_3_2_11_0_3,/content/drive/MyDrive/CD2_DSA/raw/val/images/311671_20210803_3_0_0_3_2_11_0_3.jpg,0,0
83529_20210708_3_0_0_1_2_13_0_23,/content/drive/MyDrive/CD2_DSA/raw/val/images/83529_20210708_3_0_0_1_2_13_0_23.jpg,0,0
67594_20210624_3_0_0_1_2_13_0_165,/content/drive/MyDrive/CD2_DSA/raw/val/images/67594_20210624_3_0_0_1_2_13_0_165.jpg,0,0
66251_20210624_3_0_0_4_2_13_0_152,/content/drive/MyDrive/CD2_DSA/raw/val/images/66251_20210624_3_0_0_4_2_13_0_152.jpg,0,0
312106_20210914_3_0_0_3_2_11_0_229,/content/drive/MyDrive/CD2_DSA/raw/val/images/312106_20210914_3_0_0_3_2_11_0_229.jpg,0,0
170821_20210624_3_0_0_5_2_13_0_15,/content/drive/MyDrive/CD2_DSA/raw/val/images/170821_20210624_3_0_0_5_2_13_0_15.jpg,0,0
68537_20210624_3_0_0_2_2_13_0_47,/content/drive/MyDrive/CD2_DSA/raw/val/images/68537_20210624_3_0_0_2_2_13_0_47.jpg,0,0
308572_20210914_3_0_0_5_2_11_0_48,/content/drive/MyDrive/CD2_DSA/raw/val/images/308572_20210914_3_0_0_5_2_11_0_48.jpg,0,0
16938_20210622_3_1_a9_3_2_13_2_28,/content/drive/MyDrive/CD2_DSA/raw/val/images/16938_20210622_3_1_a9_3_2_13_2_28.jpg,1,1
308550_20210914_3_0_0_5_2_11_0_26,/content/drive/MyDrive/CD2_DSA/raw/val/images/308550_20210914_3_0_0_5_2_11_0_26.jpg,0,0
307455_20210914_3_0_0_3_2_11_0_55,/content/drive/MyDrive/CD2_DSA/raw/val/images/307455_20210914_3_0_0_3_2_11_0_55.jpg,0,0
13463_20210624_3_0_0_1_2_13_0_188,/content/drive/MyDrive/CD2_DSA/raw/val/images/13463_20210624_3_0_0_1_2_13_0_188.jpg,0,0
307776_20210914_3_0_0_3_2_11_0_376,/content/drive/MyDrive/CD2_DSA/raw/val/images/307776_20210914_3_0_0_3_2_11_0_376.jpg,0,0
170890_20210624_3_0_0_5_2_13_0_84,/content/drive/MyDrive/CD2_DSA/raw/val/images/170890_20210624_3_0_0_5_2_13_0_84.jpg,0,0
307645_20210914_3_0_0_3_2_11_0_245,/content/drive/MyDrive/CD2_DSA/raw/val/images/307645_20210914_3_0_0_3_2_11_0_245.jpg,0,0
16110_20210706_3_1_a9_3_2_13_2_120,/content/drive/MyDrive/CD2_DSA/raw/val/images/16110_20210706_3_1_a9_3_2_13_2_120.jpg,1,1
86584_20210624_3_0_0_1_2_13_0_153,/content/drive/MyDrive/CD2_DSA/raw/val/images/86584_20210624_3_0_0_1_2_13_0_153.jpg,0,0
9119_20210624_3_0_0_2_2_13_0_113,/content/drive/MyDrive/CD2_DSA/raw/val/images/9119_20210624_3_0_0_2_2_13_0_113.jpg,0,0
104138_20210624_3_0_0_4_2_13_0_216,/content/drive/MyDrive/CD2_DSA/raw/val/images/104138_20210624_3_0_0_4_2_13_0_216.jpg,0,0
311679_20210803_3_0_0_3_2_11_0_11,/content/drive/MyDrive/CD2_DSA/raw/val/images/311679_20210803_3_0_0_3_2_11_0_11.jpg,0,0
308371_20210914_3_0_0_3_2_11_0_271,/content/drive/MyDrive/CD2_DSA/raw/val/images/308371_20210914_3_0_0_3_2_11_0_271.jpg,0,0
11768_20210624_3_0_0_1_2_13_0_122,/content/drive/MyDrive/CD2_DSA/raw/val/images/11768_20210624_3_0_0_1_2_13_0_122.jpg,0,0
889_20210622_3_1_a9_3_2_13_3_87,/content/drive/MyDrive/CD2_DSA/raw/val/images/889_20210622_3_1_a9_3_2_13_3_87.jpg,1,1
126065_20210624_3_0_0_5_2_13_0_0,/content/drive/MyDrive/CD2_DSA/raw/val/images/126065_20210624_3_0_0_5_2_13_0_0.jpg,0,0
14634_20210624_3_0_0_3_2_13_0_146,/content/drive/MyDrive/CD2_DSA/raw/val/images/14634_20210624_3_0_0_3_2_13_0_146.jpg,0,0
3699_20210629_3_1_a9_3_2_13_2_78,/content/drive/MyDrive/CD2_DSA/raw/val/images/3699_20210629_3_1_a9_3_2_13_2_78.jpg,1,1
307973_20210914_3_0_0_5_2_11_0_170,/content/drive/MyDrive/CD2_DSA/raw/val/images/307973_20210914_3_0_0_5_2_11_0_170.jpg,0,0
307422_20210914_3_0_0_3_2_11_0_22,/content/drive/MyDrive/CD2_DSA/raw/val/images/307422_20210914_3_0_0_3_2_11_0_22.jpg,0,0
16222_20210706_3_1_a9_3_2_13_2_152,/content/drive/MyDrive/CD2_DSA/raw/val/images/16222_20210706_3_1_a9_3_2_13_2_152.jpg,1,0
308391_20210914_3_0_0_3_2_11_0_291,/content/drive/MyDrive/CD2_DSA/raw/val/images/308391_20210914_3_0_0_3_2_11_0_291.jpg,0,0
1604_20210622_3_1_a9_3_2_13_2_176,/content/drive/MyDrive/CD2_DSA/raw/val/images/1604_20210622_3_1_a9_3_2_13_2_176.jpg,1,1
16390_20210706_3_1_a9_3_2_13_2_306,/content/drive/MyDrive/CD2_DSA/raw/val/images/16390_20210706_3_1_a9_3_2_13_2_306.jpg,1,0
170840_20210624_3_0_0_5_2_13_0_34,/content/drive/MyDrive/CD2_DSA/raw/val/images/170840_20210624_3_0_0_5_2_13_0_34.jpg,0,0
16471_20210706_3_1_a9_3_2_13_2_387,/content/drive/MyDrive/CD2_DSA/raw/val/images/16471_20210706_3_1_a9_3_2_13_2_387.jpg,1,1
15457_20210622_3_1_a9_3_2_13_3_161,/content/drive/MyDrive/CD2_DSA/raw/val/images/15457_20210622_3_1_a9_3_2_13_3_161.jpg,1,1
108296_20210624_3_0_0_2_2_13_0_169,/content/drive/MyDrive/CD2_DSA/raw/val/images/108296_20210624_3_0_0_2_2_13_0_169.jpg,0,0
307646_20210914_3_0_0_3_2_11_0_246,/content/drive/MyDrive/CD2_DSA/raw/val/images/307646_20210914_3_0_0_3_2_11_0_246.jpg,0,0
65873_20210624_3_0_0_4_2_13_0_4,/content/drive/MyDrive/CD2_DSA/raw/val/images/65873_20210624_3_0_0_4_2_13_0_4.jpg,0,0
15596_20210706_3_1_a9_3_2_13_3_27,/content/drive/MyDrive/CD2_DSA/raw/val/images/15596_20210706_3_1_a9_3_2_13_3_27.jpg,1,1
3828_20210629_3_1_a9_3_2_13_3_37,/content/drive/MyDrive/CD2_DSA/raw/val/images/3828_20210629_3_1_a9_3_2_13_3_37.jpg,1,0
16885_20210622_3_1_a9_3_2_13_1_45,/content/drive/MyDrive/CD2_DSA/raw/val/images/16885_20210622_3_1_a9_3_2_13_1_45.jpg,1,1
312077_20210914_3_0_0_3_2_11_0_200,/content/drive/MyDrive/CD2_DSA/raw/val/images/312077_20210914_3_0_0_3_2_11_0_200.jpg,0,0
67613_20210624_3_0_0_1_2_13_0_184,/content/drive/MyDrive/CD2_DSA/raw/val/images/67613_20210624_3_0_0_1_2_13_0_184.jpg,0,0
125609_20210624_3_0_0_2_2_13_0_13,/content/drive/MyDrive/CD2_DSA/raw/val/images/125609_20210624_3_0_0_2_2_13_0_13.jpg,0,0
308426_20210914_3_0_0_3_2_11_0_326,/content/drive/MyDrive/CD2_DSA/raw/val/images/308426_20210914_3_0_0_3_2_11_0_326.jpg,0,0
4736_20210622_3_1_a9_3_2_13_2_104,/content/drive/MyDrive/CD2_DSA/raw/val/images/4736_20210622_3_1_a9_3_2_13_2_104.jpg,1,1
308846_20210914_3_0_0_5_2_11_0_322,/content/drive/MyDrive/CD2_DSA/raw/val/images/308846_20210914_3_0_0_5_2_11_0_322.jpg,0,0
307442_20210914_3_0_0_3_2_11_0_42,/content/drive/MyDrive/CD2_DSA/raw/val/images/307442_20210914_3_0_0_3_2_11_0_42.jpg,0,0
308412_20210914_3_0_0_3_2_11_0_312,/content/drive/MyDrive/CD2_DSA/raw/val/images/308412_20210914_3_0_0_3_2_11_0_312.jpg,0,0
25696_20210624_3_0_0_5_2_13_0_120,/content/drive/MyDrive/CD2_DSA/raw/val/images/25696_20210624_3_0_0_5_2_13_0_120.jpg,0,0
1130_20210624_3_0_0_1_2_13_0_185,/content/drive/MyDrive/CD2_DSA/raw/val/images/1130_20210624_3_0_0_1_2_13_0_185.jpg,0,0
25694_20210624_3_0_0_5_2_13_0_118,/content/drive/MyDrive/CD2_DSA/raw/val/images/25694_20210624_3_0_0_5_2_13_0_118.jpg,0,0
307541_20210914_3_0_0_3_2_11_0_141,/content/drive/MyDrive/CD2_DSA/raw/val/images/307541_20210914_3_0_0_3_2_11_0_141.jpg,0,0
67419_20210624_3_0_0_1_2_13_0_20,/content/drive/MyDrive/CD2_DSA/raw/val/images/67419_20210624_3_0_0_1_2_13_0_20.jpg,0,0
5858_20210622_3_1_a9_3_2_13_1_47,/content/drive/MyDrive/CD2_DSA/raw/val/images/5858_20210622_3_1_a9_3_2_13_1_47.jpg,1,1
16960_20210622_3_1_a9_3_2_13_1_81,/content/drive/MyDrive/CD2_DSA/raw/val/images/16960_20210622_3_1_a9_3_2_13_1_81.jpg,1,0
3689_20210629_3_1_a9_3_2_13_2_68,/content/drive/MyDrive/CD2_DSA/raw/val/images/3689_20210629_3_1_a9_3_2_13_2_68.jpg,1,1
6881_20210624_3_0_0_1_2_13_0_106,/content/drive/MyDrive/CD2_DSA/raw/val/images/6881_20210624_3_0_0_1_2_13_0_106.jpg,0,0
15444_20210622_3_1_a9_3_2_13_3_148,/content/drive/MyDrive/CD2_DSA/raw/val/images/15444_20210622_3_1_a9_3_2_13_3_148.jpg,1,0
308768_20210914_3_0_0_5_2_11_0_244,/content/drive/MyDrive/CD2_DSA/raw/val/images/308768_20210914_3_0_0_5_2_11_0_244.jpg,0,0
308470_20210914_3_0_0_3_2_11_0_370,/content/drive/MyDrive/CD2_DSA/raw/val/images/308470_20210914_3_0_0_3_2_11_0_370.jpg,0,0
16325_20210706_3_1_a9_3_2_13_2_255,/content/drive/MyDrive/CD2_DSA/raw/val/images/16325_20210706_3_1_a9_3_2_13_2_255.jpg,1,1
3418_20210629_3_1_a9_3_2_13_1_173,/content/drive/MyDrive/CD2_DSA/raw/val/images/3418_20210629_3_1_a9_3_2_13_1_173.jpg,1,1
304129_20210913_3_0_0_3_2_11_0_366,/content/drive/MyDrive/CD2_DSA/raw/val/images/304129_20210913_3_0_0_3_2_11_0_366.jpg,0,0
126081_20210624_3_0_0_5_2_13_0_16,/content/drive/MyDrive/CD2_DSA/raw/val/images/126081_20210624_3_0_0_5_2_13_0_16.jpg,0,0
71202_20210624_3_0_0_3_2_13_0_55,/content/drive/MyDrive/CD2_DSA/raw/val/images/71202_20210624_3_0_0_3_2_13_0_55.jpg,0,0
3726_20210622_3_1_a9_3_2_13_3_4,/content/drive/MyDrive/CD2_DSA/raw/val/images/3726_20210622_3_1_a9_3_2_13_3_4.jpg,1,0
15131_20210622_3_1_a9_3_2_13_3_42,/content/drive/MyDrive/CD2_DSA/raw/val/images/15131_20210622_3_1_a9_3_2_13_3_42.jpg,1,0
304241_20210913_3_0_0_3_2_11_0_478,/content/drive/MyDrive/CD2_DSA/raw/val/images/304241_20210913_3_0_0_3_2_11_0_478.jpg,0,0
15595_20210706_3_1_a9_3_2_13_3_26,/content/drive/MyDrive/CD2_DSA/raw/val/images/15595_20210706_3_1_a9_3_2_13_3_26.jpg,1,1
1693_20210622_3_1_a9_3_2_13_2_265,/content/drive/MyDrive/CD2_DSA/raw/val/images/1693_20210622_3_1_a9_3_2_13_2_265.jpg,1,0
307649_20210914_3_0_0_3_2_11_0_249,/content/drive/MyDrive/CD2_DSA/raw/val/images/307649_20210914_3_0_0_3_2_11_0_249.jpg,0,0
108268_20210624_3_0_0_2_2_13_0_141,/content/drive/MyDrive/CD2_DSA/raw/val/images/108268_20210624_3_0_0_2_2_13_0_141.jpg,0,0
83282_20210624_3_0_0_1_2_13_0_195,/content/drive/MyDrive/CD2_DSA/raw/val/images/83282_20210624_3_0_0_1_2_13_0_195.jpg,0,0
123868_20210624_3_0_0_4_2_13_0_32,/content/drive/MyDrive/CD2_DSA/raw/val/images/123868_20210624_3_0_0_4_2_13_0_32.jpg,0,0
32314_20210624_3_0_0_4_2_13_0_17,/content/drive/MyDrive/CD2_DSA/raw/val/images/32314_20210624_3_0_0_4_2_13_0_17.jpg,0,0
9157_20210624_3_0_0_2_2_13_0_151,/content/drive/MyDrive/CD2_DSA/raw/val/images/9157_20210624_3_0_0_2_2_13_0_151.jpg,0,0
308273_20210914_3_0_0_3_2_11_0_173,/content/drive/MyDrive/CD2_DSA/raw/val/images/308273_20210914_3_0_0_3_2_11_0_173.jpg,0,0
95872_20210624_3_0_0_3_2_13_0_16,/content/drive/MyDrive/CD2_DSA/raw/val/images/95872_20210624_3_0_0_3_2_13_0_16.jpg,0,0
312186_20210914_3_0_0_3_2_11_0_309,/content/drive/MyDrive/CD2_DSA/raw/val/images/312186_20210914_3_0_0_3_2_11_0_309.jpg,0,0
308485_20210914_3_0_0_3_2_11_0_385,/content/drive/MyDrive/CD2_DSA/raw/val/images/308485_20210914_3_0_0_3_2_11_0_385.jpg,0,0
1587_20210622_3_1_a9_3_2_13_2_159,/content/drive/MyDrive/CD2_DSA/raw/val/images/1587_20210622_3_1_a9_3_2_13_2_159.jpg,1,1
10556_20210624_3_0_0_3_2_13_0_62,/content/drive/MyDrive/CD2_DSA/raw/val/images/10556_20210624_3_0_0_3_2_13_0_62.jpg,0,0
308600_20210914_3_0_0_5_2_11_0_76,/content/drive/MyDrive/CD2_DSA/raw/val/images/308600_20210914_3_0_0_5_2_11_0_76.jpg,0,0
16838_20210713_3_1_a9_3_2_13_3_100,/content/drive/MyDrive/CD2_DSA/raw/val/images/16838_20210713_3_1_a9_3_2_13_3_100.jpg,1,0
308054_20210914_3_0_0_5_2_11_0_251,/content/drive/MyDrive/CD2_DSA/raw/val/images/308054_20210914_3_0_0_5_2_11_0_251.jpg,0,0
126078_20210624_3_0_0_5_2_13_0_13,/content/drive/MyDrive/CD2_DSA/raw/val/images/126078_20210624_3_0_0_5_2_13_0_13.jpg,0,0
16709_20210706_3_1_a9_3_2_13_2_560,/content/drive/MyDrive/CD2_DSA/raw/val/images/16709_20210706_3_1_a9_3_2_13_2_560.jpg,1,1
83240_20210624_3_0_0_1_2_13_0_153,/content/drive/MyDrive/CD2_DSA/raw/val/images/83240_20210624_3_0_0_1_2_13_0_153.jpg,0,0
170837_20210624_3_0_0_5_2_13_0_31,/content/drive/MyDrive/CD2_DSA/raw/val/images/170837_20210624_3_0_0_5_2_13_0_31.jpg,0,0
308632_20210914_3_0_0_5_2_11_0_109,/content/drive/MyDrive/CD2_DSA/raw/val/images/308632_20210914_3_0_0_5_2_11_0_109.jpg,0,0
67643_20210624_3_0_0_1_2_13_0_214,/content/drive/MyDrive/CD2_DSA/raw/val/images/67643_20210624_3_0_0_1_2_13_0_214.jpg,0,0
15695_20210706_3_1_a9_3_2_13_3_126,/content/drive/MyDrive/CD2_DSA/raw/val/images/15695_20210706_3_1_a9_3_2_13_3_126.jpg,1,0
1118_20210624_3_0_0_1_2_13_0_173,/content/drive/MyDrive/CD2_DSA/raw/val/images/1118_20210624_3_0_0_1_2_13_0_173.jpg,0,0
307536_20210914_3_0_0_3_2_11_0_136,/content/drive/MyDrive/CD2_DSA/raw/val/images/307536_20210914_3_0_0_3_2_11_0_136.jpg,0,0
308062_20210914_3_0_0_5_2_11_0_259,/content/drive/MyDrive/CD2_DSA/raw/val/images/308062_20210914_3_0_0_5_2_11_0_259.jpg,0,0
109510_20210624_3_0_0_3_2_13_0_124,/content/drive/MyDrive/CD2_DSA/raw/val/images/109510_20210624_3_0_0_3_2_13_0_124.jpg,0,0
5241_20210622_3_1_a9_3_2_13_2_117,/content/drive/MyDrive/CD2_DSA/raw/val/images/5241_20210622_3_1_a9_3_2_13_2_117.jpg,1,0
16665_20210706_3_1_a9_3_2_13_2_516,/content/drive/MyDrive/CD2_DSA/raw/val/images/16665_20210706_3_1_a9_3_2_13_2_516.jpg,1,0
16628_20210706_3_1_a9_3_2_13_2_479,/content/drive/MyDrive/CD2_DSA/raw/val/images/16628_20210706_3_1_a9_3_2_13_2_479.jpg,1,1
308566_20210914_3_0_0_5_2_11_0_42,/content/drive/MyDrive/CD2_DSA/raw/val/images/308566_20210914_3_0_0_5_2_11_0_42.jpg,0,0
170851_20210624_3_0_0_5_2_13_0_45,/content/drive/MyDrive/CD2_DSA/raw/val/images/170851_20210624_3_0_0_5_2_13_0_45.jpg,0,0
67468_20210624_3_0_0_1_2_13_0_69,/content/drive/MyDrive/CD2_DSA/raw/val/images/67468_20210624_3_0_0_1_2_13_0_69.jpg,0,0
16999_20210622_3_1_a9_3_2_13_1_120,/content/drive/MyDrive/CD2_DSA/raw/val/images/16999_20210622_3_1_a9_3_2_13_1_120.jpg,1,1
308549_20210914_3_0_0_5_2_11_0_25,/content/drive/MyDrive/CD2_DSA/raw/val/images/308549_20210914_3_0_0_5_2_11_0_25.jpg,0,0
308119_20210914_3_0_0_3_2_11_0_19,/content/drive/MyDrive/CD2_DSA/raw/val/images/308119_20210914_3_0_0_3_2_11_0_19.jpg,0,0
10541_20210624_3_0_0_3_2_13_0_47,/content/drive/MyDrive/CD2_DSA/raw/val/images/10541_20210624_3_0_0_3_2_13_0_47.jpg,0,0
17030_20210622_3_1_a9_3_2_13_1_151,/content/drive/MyDrive/CD2_DSA/raw/val/images/17030_20210622_3_1_a9_3_2_13_1_151.jpg,1,0
108328_20210624_3_0_0_2_2_13_0_201,/content/drive/MyDrive/CD2_DSA/raw/val/images/108328_20210624_3_0_0_2_2_13_0_201.jpg,0,0
3718_20210629_3_1_a9_3_2_13_2_97,/content/drive/MyDrive/CD2_DSA/raw/val/images/3718_20210629_3_1_a9_3_2_13_2_97.jpg,1,1
4513_20210622_3_1_a9_3_2_13_2_81,/content/drive/MyDrive/CD2_DSA/raw/val/images/4513_20210622_3_1_a9_3_2_13_2_81.jpg,1,1
1031_20210624_3_0_0_1_2_13_0_86,/content/drive/MyDrive/CD2_DSA/raw/val/images/1031_20210624_3_0_0_1_2_13_0_86.jpg,0,0
5857_20210622_3_1_a9_3_2_13_1_46,/content/drive/MyDrive/CD2_DSA/raw/val/images/5857_20210622_3_1_a9_3_2_13_1_46.jpg,1,1
312025_20210914_3_0_0_3_2_11_0_148,/content/drive/MyDrive/CD2_DSA/raw/val/images/312025_20210914_3_0_0_3_2_11_0_148.jpg,0,0
16554_20210706_3_1_a9_3_2_13_2_405,/content/drive/MyDrive/CD2_DSA/raw/val/images/16554_20210706_3_1_a9_3_2_13_2_405.jpg,1,1
88986_20210624_3_0_0_3_2_13_0_9,/content/drive/MyDrive/CD2_DSA/raw/val/images/88986_20210624_3_0_0_3_2_13_0_9.jpg,0,0
106204_20210624_3_0_0_1_2_13_0_1,/content/drive/MyDrive/CD2_DSA/raw/val/images/106204_20210624_3_0_0_1_2_13_0_1.jpg,0,0
12525_20210624_3_0_0_1_2_13_0_166,/content/drive/MyDrive/CD2_DSA/raw/val/images/12525_20210624_3_0_0_1_2_13_0_166.jpg,0,0
7177_20210624_3_0_0_1_2_13_0_221,/content/drive/MyDrive/CD2_DSA/raw/val/images/7177_20210624_3_0_0_1_2_13_0_221.jpg,0,0
86588_20210624_3_0_0_1_2_13_0_157,/content/drive/MyDrive/CD2_DSA/raw/val/images/86588_20210624_3_0_0_1_2_13_0_157.jpg,0,0
304223_20210913_3_0_0_3_2_11_0_460,/content/drive/MyDrive/CD2_DSA/raw/val/images/304223_20210913_3_0_0_3_2_11_0_460.jpg,0,0
1005_20210624_3_0_0_1_2_13_0_60,/content/drive/MyDrive/CD2_DSA/raw/val/images/1005_20210624_3_0_0_1_2_13_0_60.jpg,0,0
308864_20210914_3_0_0_5_2_11_0_340,/content/drive/MyDrive/CD2_DSA/raw/val/images/308864_20210914_3_0_0_5_2_11_0_340.jpg,0,0
1057_20210624_3_0_0_1_2_13_0_112,/content/drive/MyDrive/CD2_DSA/raw/val/images/1057_20210624_3_0_0_1_2_13_0_112.jpg,0,0
16404_20210706_3_1_a9_3_2_13_2_320,/content/drive/MyDrive/CD2_DSA/raw/val/images/16404_20210706_3_1_a9_3_2_13_2_320.jpg,1,1
15858_20210622_3_1_a9_3_2_13_2_99,/content/drive/MyDrive/CD2_DSA/raw/val/images/15858_20210622_3_1_a9_3_2_13_2_99.jpg,1,1
312032_20210914_3_0_0_3_2_11_0_155,/content/drive/MyDrive/CD2_DSA/raw/val/images/312032_20210914_3_0_0_3_2_11_0_155.jpg,0,0
104074_20210624_3_0_0_4_2_13_0_152,/content/drive/MyDrive/CD2_DSA/raw/val/images/104074_20210624_3_0_0_4_2_13_0_152.jpg,0,0
1044_20210624_3_0_0_1_2_13_0_99,/content/drive/MyDrive/CD2_DSA/raw/val/images/1044_20210624_3_0_0_1_2_13_0_99.jpg,0,0
1617_20210622_3_1_a9_3_2_13_2_189,/content/drive/MyDrive/CD2_DSA/raw/val/images/1617_20210622_3_1_a9_3_2_13_2_189.jpg,1,0
15796_20210622_3_1_a9_3_2_13_2_37,/content/drive/MyDrive/CD2_DSA/raw/val/images/15796_20210622_3_1_a9_3_2_13_2_37.jpg,1,1
307993_20210914_3_0_0_5_2_11_0_190,/content/drive/MyDrive/CD2_DSA/raw/val/images/307993_20210914_3_0_0_5_2_11_0_190.jpg,0,0
307862_20210914_3_0_0_5_2_11_0_59,/content/drive/MyDrive/CD2_DSA/raw/val/images/307862_20210914_3_0_0_5_2_11_0_59.jpg,0,0
95469_20210624_3_0_0_1_2_13_0_135,/content/drive/MyDrive/CD2_DSA/raw/val/images/95469_20210624_3_0_0_1_2_13_0_135.jpg,0,0
311704_20210803_3_0_0_3_2_11_0_36,/content/drive/MyDrive/CD2_DSA/raw/val/images/311704_20210803_3_0_0_3_2_11_0_36.jpg,0,0
15905_20210622_3_1_a9_3_2_13_2_146,/content/drive/MyDrive/CD2_DSA/raw/val/images/15905_20210622_3_1_a9_3_2_13_2_146.jpg,1,0
10710_20210624_3_0_0_1_2_13_0_58,/content/drive/MyDrive/CD2_DSA/raw/val/images/10710_20210624_3_0_0_1_2_13_0_58.jpg,0,0
304296_20210913_3_0_0_3_2_11_0_533,/content/drive/MyDrive/CD2_DSA/raw/val/images/304296_20210913_3_0_0_3_2_11_0_533.jpg,0,0
307975_20210914_3_0_0_5_2_11_0_172,/content/drive/MyDrive/CD2_DSA/raw/val/images/307975_20210914_3_0_0_5_2_11_0_172.jpg,0,0
15844_20210622_3_1_a9_3_2_13_2_85,/content/drive/MyDrive/CD2_DSA/raw/val/images/15844_20210622_3_1_a9_3_2_13_2_85.jpg,1,1
49041_20210624_3_0_0_1_2_13_0_115,/content/drive/MyDrive/CD2_DSA/raw/val/images/49041_20210624_3_0_0_1_2_13_0_115.jpg,0,0
15116_20210622_3_1_a9_3_2_13_3_27,/content/drive/MyDrive/CD2_DSA/raw/val/images/15116_20210622_3_1_a9_3_2_13_3_27.jpg,1,0
125654_20210624_3_0_0_2_2_13_0_58,/content/drive/MyDrive/CD2_DSA/raw/val/images/125654_20210624_3_0_0_2_2_13_0_58.jpg,0,0
1024_20210624_3_0_0_1_2_13_0_79,/content/drive/MyDrive/CD2_DSA/raw/val/images/1024_20210624_3_0_0_1_2_13_0_79.jpg,0,0
49125_20210624_3_0_0_1_2_13_0_199,/content/drive/MyDrive/CD2_DSA/raw/val/images/49125_20210624_3_0_0_1_2_13_0_199.jpg,0,0
25356_20210624_3_0_0_5_2_13_0_81,/content/drive/MyDrive/CD2_DSA/raw/val/images/25356_20210624_3_0_0_5_2_13_0_81.jpg,0,0
71194_20210624_3_0_0_3_2_13_0_47,/content/drive/MyDrive/CD2_DSA/raw/val/images/71194_20210624_3_0_0_3_2_13_0_47.jpg,0,0
125655_20210624_3_0_0_2_2_13_0_59,/content/drive/MyDrive/CD2_DSA/raw/val/images/125655_20210624_3_0_0_2_2_13_0_59.jpg,0,0
311923_20210914_3_0_0_3_2_11_0_46,/content/drive/MyDrive/CD2_DSA/raw/val/images/311923_20210914_3_0_0_3_2_11_0_46.jpg,0,0
780_20210622_3_1_a9_3_2_13_1_145,/content/drive/MyDrive/CD2_DSA/raw/val/images/780_20210622_3_1_a9_3_2_13_1_145.jpg,1,1
312170_20210914_3_0_0_3_2_11_0_293,/content/drive/MyDrive/CD2_DSA/raw/val/images/312170_20210914_3_0_0_3_2_11_0_293.jpg,0,0
308420_20210914_3_0_0_3_2_11_0_320,/content/drive/MyDrive/CD2_DSA/raw/val/images/308420_20210914_3_0_0_3_2_11_0_320.jpg,0,0
7160_20210624_3_0_0_1_2_13_0_204,/content/drive/MyDrive/CD2_DSA/raw/val/images/7160_20210624_3_0_0_1_2_13_0_204.jpg,0,0
307680_20210914_3_0_0_3_2_11_0_280,/content/drive/MyDrive/CD2_DSA/raw/val/images/307680_20210914_3_0_0_3_2_11_0_280.jpg,0,0
311962_20210914_3_0_0_3_2_11_0_85,/content/drive/MyDrive/CD2_DSA/raw/val/images/311962_20210914_3_0_0_3_2_11_0_85.jpg,0,0
915_20210622_3_1_a9_3_2_13_3_113,/content/drive/MyDrive/CD2_DSA/raw/val/images/915_20210622_3_1_a9_3_2_13_3_113.jpg,1,1
307488_20210914_3_0_0_3_2_11_0_88,/content/drive/MyDrive/CD2_DSA/raw/val/images/307488_20210914_3_0_0_3_2_11_0_88.jpg,0,0
307903_20210914_3_0_0_5_2_11_0_100,/content/drive/MyDrive/CD2_DSA/raw/val/images/307903_20210914_3_0_0_5_2_11_0_100.jpg,0,0
108324_20210624_3_0_0_2_2_13_0_197,/content/drive/MyDrive/CD2_DSA/raw/val/images/108324_20210624_3_0_0_2_2_13_0_197.jpg,0,0
307650_20210914_3_0_0_3_2_11_0_250,/content/drive/MyDrive/CD2_DSA/raw/val/images/307650_20210914_3_0_0_3_2_11_0_250.jpg,0,0
3764_20210622_3_1_a9_3_2_13_3_42,/content/drive/MyDrive/CD2_DSA/raw/val/images/3764_20210622_3_1_a9_3_2_13_3_42.jpg,1,0
307640_20210914_3_0_0_3_2_11_0_240,/content/drive/MyDrive/CD2_DSA/raw/val/images/307640_20210914_3_0_0_3_2_11_0_240.jpg,0,0
67492_20210624_3_0_0_1_2_13_0_93,/content/drive/MyDrive/CD2_DSA/raw/val/images/67492_20210624_3_0_0_1_2_13_0_93.jpg,0,0
125617_20210624_3_0_0_2_2_13_0_21,/content/drive/MyDrive/CD2_DSA/raw/val/images/125617_20210624_3_0_0_2_2_13_0_21.jpg,0,0
1590_20210622_3_1_a9_3_2_13_2_162,/content/drive/MyDrive/CD2_DSA/raw/val/images/1590_20210622_3_1_a9_3_2_13_2_162.jpg,1,0
6033_20210622_3_1_a9_3_2_13_1_82,/content/drive/MyDrive/CD2_DSA/raw/val/images/6033_20210622_3_1_a9_3_2_13_1_82.jpg,1,1
308655_20210914_3_0_0_5_2_11_0_132,/content/drive/MyDrive/CD2_DSA/raw/val/images/308655_20210914_3_0_0_5_2_11_0_132.jpg,0,0
3420_20210629_3_1_a9_3_2_13_1_175,/content/drive/MyDrive/CD2_DSA/raw/val/images/3420_20210629_3_1_a9_3_2_13_1_175.jpg,1,0
311985_20210914_3_0_0_3_2_11_0_108,/content/drive/MyDrive/CD2_DSA/raw/val/images/311985_20210914_3_0_0_3_2_11_0_108.jpg,0,0
7144_20210624_3_0_0_1_2_13_0_188,/content/drive/MyDrive/CD2_DSA/raw/val/images/7144_20210624_3_0_0_1_2_13_0_188.jpg,0,0
307920_20210914_3_0_0_5_2_11_0_117,/content/drive/MyDrive/CD2_DSA/raw/val/images/307920_20210914_3_0_0_5_2_11_0_117.jpg,0,0
1052_20210624_3_0_0_1_2_13_0_107,/content/drive/MyDrive/CD2_DSA/raw/val/images/1052_20210624_3_0_0_1_2_13_0_107.jpg,0,0
95266_20210624_3_0_0_1_2_13_0_87,/content/drive/MyDrive/CD2_DSA/raw/val/images/95266_20210624_3_0_0_1_2_13_0_87.jpg,0,0
16220_20210706_3_1_a9_3_2_13_2_150,/content/drive/MyDrive/CD2_DSA/raw/val/images/16220_20210706_3_1_a9_3_2_13_2_150.jpg,1,1
2503_20210624_3_0_0_4_2_13_0_90,/content/drive/MyDrive/CD2_DSA/raw/val/images/2503_20210624_3_0_0_4_2_13_0_90.jpg,0,0
108275_20210624_3_0_0_2_2_13_0_148,/content/drive/MyDrive/CD2_DSA/raw/val/images/108275_20210624_3_0_0_2_2_13_0_148.jpg,0,0
106303_20210624_3_0_0_1_2_13_0_100,/content/drive/MyDrive/CD2_DSA/raw/val/images/106303_20210624_3_0_0_1_2_13_0_100.jpg,0,0
311898_20210914_3_0_0_3_2_11_0_21,/content/drive/MyDrive/CD2_DSA/raw/val/images/311898_20210914_3_0_0_3_2_11_0_21.jpg,0,0
7090_20210622_3_1_a9_3_2_13_1_185,/content/drive/MyDrive/CD2_DSA/raw/val/images/7090_20210622_3_1_a9_3_2_13_1_185.jpg,1,1
311964_20210914_3_0_0_3_2_11_0_87,/content/drive/MyDrive/CD2_DSA/raw/val/images/311964_20210914_3_0_0_3_2_11_0_87.jpg,0,0
304019_20210913_3_0_0_3_2_11_0_256,/content/drive/MyDrive/CD2_DSA/raw/val/images/304019_20210913_3_0_0_3_2_11_0_256.jpg,0,0
67482_20210624_3_0_0_1_2_13_0_83,/content/drive/MyDrive/CD2_DSA/raw/val/images/67482_20210624_3_0_0_1_2_13_0_83.jpg,0,0
108139_20210624_3_0_0_2_2_13_0_127,/content/drive/MyDrive/CD2_DSA/raw/val/images/108139_20210624_3_0_0_2_2_13_0_127.jpg,0,0
311958_20210914_3_0_0_3_2_11_0_81,/content/drive/MyDrive/CD2_DSA/raw/val/images/311958_20210914_3_0_0_3_2_11_0_81.jpg,0,0
6510_20210622_3_1_a9_3_2_13_1_138,/content/drive/MyDrive/CD2_DSA/raw/val/images/6510_20210622_3_1_a9_3_2_13_1_138.jpg,1,1
312123_20210914_3_0_0_3_2_11_0_246,/content/drive/MyDrive/CD2_DSA/raw/val/images/312123_20210914_3_0_0_3_2_11_0_246.jpg,0,0
15850_20210622_3_1_a9_3_2_13_2_91,/content/drive/MyDrive/CD2_DSA/raw/val/images/15850_20210622_3_1_a9_3_2_13_2_91.jpg,1,0
304225_20210913_3_0_0_3_2_11_0_462,/content/drive/MyDrive/CD2_DSA/raw/val/images/304225_20210913_3_0_0_3_2_11_0_462.jpg,0,0
1635_20210622_3_1_a9_3_2_13_2_207,/content/drive/MyDrive/CD2_DSA/raw/val/images/1635_20210622_3_1_a9_3_2_13_2_207.jpg,1,0
170870_20210624_3_0_0_5_2_13_0_64,/content/drive/MyDrive/CD2_DSA/raw/val/images/170870_20210624_3_0_0_5_2_13_0_64.jpg,0,0
48942_20210624_3_0_0_1_2_13_0_16,/content/drive/MyDrive/CD2_DSA/raw/val/images/48942_20210624_3_0_0_1_2_13_0_16.jpg,0,0
308349_20210914_3_0_0_3_2_11_0_249,/content/drive/MyDrive/CD2_DSA/raw/val/images/308349_20210914_3_0_0_3_2_11_0_249.jpg,0,0
16773_20210713_3_1_a9_3_2_13_3_35,/content/drive/MyDrive/CD2_DSA/raw/val/images/16773_20210713_3_1_a9_3_2_13_3_35.jpg,1,1
15885_20210622_3_1_a9_3_2_13_2_126,/content/drive/MyDrive/CD2_DSA/raw/val/images/15885_20210622_3_1_a9_3_2_13_2_126.jpg,1,0
311950_20210914_3_0_0_3_2_11_0_73,/content/drive/MyDrive/CD2_DSA/raw/val/images/311950_20210914_3_0_0_3_2_11_0_73.jpg,0,0
312071_20210914_3_0_0_3_2_11_0_194,/content/drive/MyDrive/CD2_DSA/raw/val/images/312071_20210914_3_0_0_3_2_11_0_194.jpg,0,0
48957_20210624_3_0_0_1_2_13_0_31,/content/drive/MyDrive/CD2_DSA/raw/val/images/48957_20210624_3_0_0_1_2_13_0_31.jpg,0,0
15378_20210622_3_1_a9_3_2_13_3_82,/content/drive/MyDrive/CD2_DSA/raw/val/images/15378_20210622_3_1_a9_3_2_13_3_82.jpg,1,1
16798_20210713_3_1_a9_3_2_13_3_60,/content/drive/MyDrive/CD2_DSA/raw/val/images/16798_20210713_3_1_a9_3_2_13_3_60.jpg,1,0
312194_20210914_3_0_0_3_2_11_0_317,/content/drive/MyDrive/CD2_DSA/raw/val/images/312194_20210914_3_0_0_3_2_11_0_317.jpg,0,0
308302_20210914_3_0_0_3_2_11_0_202,/content/drive/MyDrive/CD2_DSA/raw/val/images/308302_20210914_3_0_0_3_2_11_0_202.jpg,0,0
16264_20210706_3_1_a9_3_2_13_2_194,/content/drive/MyDrive/CD2_DSA/raw/val/images/16264_20210706_3_1_a9_3_2_13_2_194.jpg,1,1
1478_20210622_3_1_a9_3_2_13_2_50,/content/drive/MyDrive/CD2_DSA/raw/val/images/1478_20210622_3_1_a9_3_2_13_2_50.jpg,1,1
67524_20210624_3_0_0_1_2_13_0_125,/content/drive/MyDrive/CD2_DSA/raw/val/images/67524_20210624_3_0_0_1_2_13_0_125.jpg,0,0
104072_20210624_3_0_0_4_2_13_0_150,/content/drive/MyDrive/CD2_DSA/raw/val/images/104072_20210624_3_0_0_4_2_13_0_150.jpg,0,0
126070_20210624_3_0_0_5_2_13_0_5,/content/drive/MyDrive/CD2_DSA/raw/val/images/126070_20210624_3_0_0_5_2_13_0_5.jpg,0,0
15854_20210622_3_1_a9_3_2_13_2_95,/content/drive/MyDrive/CD2_DSA/raw/val/images/15854_20210622_3_1_a9_3_2_13_2_95.jpg,1,1
123859_20210624_3_0_0_4_2_13_0_23,/content/drive/MyDrive/CD2_DSA/raw/val/images/123859_20210624_3_0_0_4_2_13_0_23.jpg,0,0
311912_20210914_3_0_0_3_2_11_0_35,/content/drive/MyDrive/CD2_DSA/raw/val/images/311912_20210914_3_0_0_3_2_11_0_35.jpg,0,0
945_20210622_3_1_a9_3_2_13_3_143,/content/drive/MyDrive/CD2_DSA/raw/val/images/945_20210622_3_1_a9_3_2_13_3_143.jpg,1,1
5271_20210622_3_1_a9_3_2_13_2_147,/content/drive/MyDrive/CD2_DSA/raw/val/images/5271_20210622_3_1_a9_3_2_13_2_147.jpg,1,1
11767_20210624_3_0_0_1_2_13_0_121,/content/drive/MyDrive/CD2_DSA/raw/val/images/11767_20210624_3_0_0_1_2_13_0_121.jpg,0,0
1489_20210622_3_1_a9_3_2_13_2_61,/content/drive/MyDrive/CD2_DSA/raw/val/images/1489_20210622_3_1_a9_3_2_13_2_61.jpg,1,1
3755_20210622_3_1_a9_3_2_13_3_33,/content/drive/MyDrive/CD2_DSA/raw/val/images/3755_20210622_3_1_a9_3_2_13_3_33.jpg,1,1
16025_20210706_3_1_a9_3_2_13_2_35,/content/drive/MyDrive/CD2_DSA/raw/val/images/16025_20210706_3_1_a9_3_2_13_2_35.jpg,1,1
86587_20210624_3_0_0_1_2_13_0_156,/content/drive/MyDrive/CD2_DSA/raw/val/images/86587_20210624_3_0_0_1_2_13_0_156.jpg,0,0
125083_20210624_3_0_0_1_2_13_0_114,/content/drive/MyDrive/CD2_DSA/raw/val/images/125083_20210624_3_0_0_1_2_13_0_114.jpg,0,0
307548_20210914_3_0_0_3_2_11_0_148,/content/drive/MyDrive/CD2_DSA/raw/val/images/307548_20210914_3_0_0_3_2_11_0_148.jpg,0,0
1651_20210622_3_1_a9_3_2_13_2_223,/content/drive/MyDrive/CD2_DSA/raw/val/images/1651_20210622_3_1_a9_3_2_13_2_223.jpg,1,1
95510_20210624_3_0_0_1_2_13_0_176,/content/drive/MyDrive/CD2_DSA/raw/val/images/95510_20210624_3_0_0_1_2_13_0_176.jpg,0,0
67626_20210624_3_0_0_1_2_13_0_197,/content/drive/MyDrive/CD2_DSA/raw/val/images/67626_20210624_3_0_0_1_2_13_0_197.jpg,0,0
1431_20210622_3_1_a9_3_2_13_2_3,/content/drive/MyDrive/CD2_DSA/raw/val/images/1431_20210622_3_1_a9_3_2_13_2_3.jpg,1,0
312122_20210914_3_0_0_3_2_11_0_245,/content/drive/MyDrive/CD2_DSA/raw/val/images/312122_20210914_3_0_0_3_2_11_0_245.jpg,0,0
16978_20210622_3_1_a9_3_2_13_1_99,/content/drive/MyDrive/CD2_DSA/raw/val/images/16978_20210622_3_1_a9_3_2_13_1_99.jpg,1,0
16352_20210706_3_1_a9_3_2_13_2_282,/content/drive/MyDrive/CD2_DSA/raw/val/images/16352_20210706_3_1_a9_3_2_13_2_282.jpg,1,1
888_20210622_3_1_a9_3_2_13_3_86,/content/drive/MyDrive/CD2_DSA/raw/val/images/888_20210622_3_1_a9_3_2_13_3_86.jpg,1,0
1600_20210622_3_1_a9_3_2_13_2_172,/content/drive/MyDrive/CD2_DSA/raw/val/images/1600_20210622_3_1_a9_3_2_13_2_172.jpg,1,1
308649_20210914_3_0_0_5_2_11_0_126,/content/drive/MyDrive/CD2_DSA/raw/val/images/308649_20210914_3_0_0_5_2_11_0_126.jpg,0,0
311897_20210914_3_0_0_3_2_11_0_20,/content/drive/MyDrive/CD2_DSA/raw/val/images/311897_20210914_3_0_0_3_2_11_0_20.jpg,0,0
7112_20210624_3_0_0_1_2_13_0_156,/content/drive/MyDrive/CD2_DSA/raw/val/images/7112_20210624_3_0_0_1_2_13_0_156.jpg,0,0
16664_20210706_3_1_a9_3_2_13_2_515,/content/drive/MyDrive/CD2_DSA/raw/val/images/16664_20210706_3_1_a9_3_2_13_2_515.jpg,1,0
15483_20210622_3_1_a9_3_2_13_3_187,/content/drive/MyDrive/CD2_DSA/raw/val/images/15483_20210622_3_1_a9_3_2_13_3_187.jpg,1,1
16791_20210713_3_1_a9_3_2_13_3_53,/content/drive/MyDrive/CD2_DSA/raw/val/images/16791_20210713_3_1_a9_3_2_13_3_53.jpg,1,1
86780_20210624_3_0_0_5_2_13_0_149,/content/drive/MyDrive/CD2_DSA/raw/val/images/86780_20210624_3_0_0_5_2_13_0_149.jpg,0,0
15832_20210622_3_1_a9_3_2_13_2_73,/content/drive/MyDrive/CD2_DSA/raw/val/images/15832_20210622_3_1_a9_3_2_13_2_73.jpg,1,0
67619_20210624_3_0_0_1_2_13_0_190,/content/drive/MyDrive/CD2_DSA/raw/val/images/67619_20210624_3_0_0_1_2_13_0_190.jpg,0,0
900_20210622_3_1_a9_3_2_13_3_98,/content/drive/MyDrive/CD2_DSA/raw/val/images/900_20210622_3_1_a9_3_2_13_3_98.jpg,1,0
311979_20210914_3_0_0_3_2_11_0_102,/content/drive/MyDrive/CD2_DSA/raw/val/images/311979_20210914_3_0_0_3_2_11_0_102.jpg,0,0
7214_20210624_3_0_0_1_2_13_0_258,/content/drive/MyDrive/CD2_DSA/raw/val/images/7214_20210624_3_0_0_1_2_13_0_258.jpg,0,0
4735_20210622_3_1_a9_3_2_13_2_103,/content/drive/MyDrive/CD2_DSA/raw/val/images/4735_20210622_3_1_a9_3_2_13_2_103.jpg,1,1
95222_20210624_3_0_0_1_2_13_0_43,/content/drive/MyDrive/CD2_DSA/raw/val/images/95222_20210624_3_0_0_1_2_13_0_43.jpg,0,0
4501_20210622_3_1_a9_3_2_13_2_69,/content/drive/MyDrive/CD2_DSA/raw/val/images/4501_20210622_3_1_a9_3_2_13_2_69.jpg,1,1
66301_20210624_3_0_0_4_2_13_0_202,/content/drive/MyDrive/CD2_DSA/raw/val/images/66301_20210624_3_0_0_4_2_13_0_202.jpg,0,0
1088_20210624_3_0_0_1_2_13_0_143,/content/drive/MyDrive/CD2_DSA/raw/val/images/1088_20210624_3_0_0_1_2_13_0_143.jpg,0,0
3369_20210629_3_1_a9_3_2_13_1_124,/content/drive/MyDrive/CD2_DSA/raw/val/images/3369_20210629_3_1_a9_3_2_13_1_124.jpg,1,1
67621_20210624_3_0_0_1_2_13_0_192,/content/drive/MyDrive/CD2_DSA/raw/val/images/67621_20210624_3_0_0_1_2_13_0_192.jpg,0,0
307557_20210914_3_0_0_3_2_11_0_157,/content/drive/MyDrive/CD2_DSA/raw/val/images/307557_20210914_3_0_0_3_2_11_0_157.jpg,0,0
95203_20210624_3_0_0_1_2_13_0_24,/content/drive/MyDrive/CD2_DSA/raw/val/images/95203_20210624_3_0_0_1_2_13_0_24.jpg,0,0
308551_20210914_3_0_0_5_2_11_0_27,/content/drive/MyDrive/CD2_DSA/raw/val/images/308551_20210914_3_0_0_5_2_11_0_27.jpg,0,0
82858_20210624_3_0_0_1_2_13_0_29,/content/drive/MyDrive/CD2_DSA/raw/val/images/82858_20210624_3_0_0_1_2_13_0_29.jpg,0,0
3167_20210629_3_1_a9_3_2_13_1_22,/content/drive/MyDrive/CD2_DSA/raw/val/images/3167_20210629_3_1_a9_3_2_13_1_22.jpg,1,1
307864_20210914_3_0_0_5_2_11_0_61,/content/drive/MyDrive/CD2_DSA/raw/val/images/307864_20210914_3_0_0_5_2_11_0_61.jpg,0,0
15632_20210706_3_1_a9_3_2_13_3_63,/content/drive/MyDrive/CD2_DSA/raw/val/images/15632_20210706_3_1_a9_3_2_13_3_63.jpg,1,1
17049_20210622_3_1_a9_3_2_13_1_170,/content/drive/MyDrive/CD2_DSA/raw/val/images/17049_20210622_3_1_a9_3_2_13_1_170.jpg,1,0
68534_20210624_3_0_0_2_2_13_0_44,/content/drive/MyDrive/CD2_DSA/raw/val/images/68534_20210624_3_0_0_2_2_13_0_44.jpg,0,0
304046_20210913_3_0_0_3_2_11_0_283,/content/drive/MyDrive/CD2_DSA/raw/val/images/304046_20210913_3_0_0_3_2_11_0_283.jpg,0,0
1098_20210624_3_0_0_1_2_13_0_153,/content/drive/MyDrive/CD2_DSA/raw/val/images/1098_20210624_3_0_0_1_2_13_0_153.jpg,0,0
16236_20210706_3_1_a9_3_2_13_2_166,/content/drive/MyDrive/CD2_DSA/raw/val/images/16236_20210706_3_1_a9_3_2_13_2_166.jpg,1,1
15889_20210622_3_1_a9_3_2_13_2_130,/content/drive/MyDrive/CD2_DSA/raw/val/images/15889_20210622_3_1_a9_3_2_13_2_130.jpg,1,1
123846_20210624_3_0_0_4_2_13_0_10,/content/drive/MyDrive/CD2_DSA/raw/val/images/123846_20210624_3_0_0_4_2_13_0_10.jpg,0,0
86373_20210624_3_0_0_1_2_13_0_42,/content/drive/MyDrive/CD2_DSA/raw/val/images/86373_20210624_3_0_0_1_2_13_0_42.jpg,0,0
1606_20210622_3_1_a9_3_2_13_2_178,/content/drive/MyDrive/CD2_DSA/raw/val/images/1606_20210622_3_1_a9_3_2_13_2_178.jpg,1,1
5850_20210622_3_1_a9_3_2_13_1_35,/content/drive/MyDrive/CD2_DSA/raw/val/images/5850_20210622_3_1_a9_3_2_13_1_35.jpg,1,1
66303_20210624_3_0_0_4_2_13_0_204,/content/drive/MyDrive/CD2_DSA/raw/val/images/66303_20210624_3_0_0_4_2_13_0_204.jpg,0,0
307438_20210914_3_0_0_3_2_11_0_38,/content/drive/MyDrive/CD2_DSA/raw/val/images/307438_20210914_3_0_0_3_2_11_0_38.jpg,0,0
95253_20210624_3_0_0_1_2_13_0_74,/content/drive/MyDrive/CD2_DSA/raw/val/images/95253_20210624_3_0_0_1_2_13_0_74.jpg,0,0
95516_20210624_3_0_0_1_2_13_0_182,/content/drive/MyDrive/CD2_DSA/raw/val/images/95516_20210624_3_0_0_1_2_13_0_182.jpg,0,0
67503_20210624_3_0_0_1_2_13_0_104,/content/drive/MyDrive/CD2_DSA/raw/val/images/67503_20210624_3_0_0_1_2_13_0_104.jpg,0,0
108273_20210624_3_0_0_2_2_13_0_146,/content/drive/MyDrive/CD2_DSA/raw/val/images/108273_20210624_3_0_0_2_2_13_0_146.jpg,0,0
16970_20210622_3_1_a9_3_2_13_1_91,/content/drive/MyDrive/CD2_DSA/raw/val/images/16970_20210622_3_1_a9_3_2_13_1_91.jpg,1,0
308681_20210914_3_0_0_5_2_11_0_158,/content/drive/MyDrive/CD2_DSA/raw/val/images/308681_20210914_3_0_0_5_2_11_0_158.jpg,0,0
308379_20210914_3_0_0_3_2_11_0_279,/content/drive/MyDrive/CD2_DSA/raw/val/images/308379_20210914_3_0_0_3_2_11_0_279.jpg,0,0
67493_20210624_3_0_0_1_2_13_0_94,/content/drive/MyDrive/CD2_DSA/raw/val/images/67493_20210624_3_0_0_1_2_13_0_94.jpg,0,0
3803_20210629_3_1_a9_3_2_13_3_12,/content/drive/MyDrive/CD2_DSA/raw/val/images/3803_20210629_3_1_a9_3_2_13_3_12.jpg,1,1
308230_20210914_3_0_0_3_2_11_0_130,/content/drive/MyDrive/CD2_DSA/raw/val/images/308230_20210914_3_0_0_3_2_11_0_130.jpg,0,0
312182_20210914_3_0_0_3_2_11_0_305,/content/drive/MyDrive/CD2_DSA/raw/val/images/312182_20210914_3_0_0_3_2_11_0_305.jpg,0,0
26217_20210624_3_0_0_5_2_13_0_178,/content/drive/MyDrive/CD2_DSA/raw/val/images/26217_20210624_3_0_0_5_2_13_0_178.jpg,0,0
67522_20210624_3_0_0_1_2_13_0_123,/content/drive/MyDrive/CD2_DSA/raw/val/images/67522_20210624_3_0_0_1_2_13_0_123.jpg,0,0
1501_20210622_3_1_a9_3_2_13_2_73,/content/drive/MyDrive/CD2_DSA/raw/val/images/1501_20210622_3_1_a9_3_2_13_2_73.jpg,1,1
66300_20210624_3_0_0_4_2_13_0_201,/content/drive/MyDrive/CD2_DSA/raw/val/images/66300_20210624_3_0_0_4_2_13_0_201.jpg,0,0
15603_20210706_3_1_a9_3_2_13_3_34,/content/drive/MyDrive/CD2_DSA/raw/val/images/15603_20210706_3_1_a9_3_2_13_3_34.jpg,1,1
307458_20210914_3_0_0_3_2_11_0_58,/content/drive/MyDrive/CD2_DSA/raw/val/images/307458_20210914_3_0_0_3_2_11_0_58.jpg,0,0
307622_20210914_3_0_0_3_2_11_0_222,/content/drive/MyDrive/CD2_DSA/raw/val/images/307622_20210914_3_0_0_3_2_11_0_222.jpg,0,0
1126_20210624_3_0_0_1_2_13_0_181,/content/drive/MyDrive/CD2_DSA/raw/val/images/1126_20210624_3_0_0_1_2_13_0_181.jpg,0,0
307456_20210914_3_0_0_3_2_11_0_56,/content/drive/MyDrive/CD2_DSA/raw/val/images/307456_20210914_3_0_0_3_2_11_0_56.jpg,0,0
1673_20210622_3_1_a9_3_2_13_2_245,/content/drive/MyDrive/CD2_DSA/raw/val/images/1673_20210622_3_1_a9_3_2_13_2_245.jpg,1,1
16764_20210713_3_1_a9_3_2_13_3_26,/content/drive/MyDrive/CD2_DSA/raw/val/images/16764_20210713_3_1_a9_3_2_13_3_26.jpg,1,0
16755_20210713_3_1_a9_3_2_13_3_17,/content/drive/MyDrive/CD2_DSA/raw/val/images/16755_20210713_3_1_a9_3_2_13_3_17.jpg,1,1
95192_20210624_3_0_0_1_2_13_0_13,/content/drive/MyDrive/CD2_DSA/raw/val/images/95192_20210624_3_0_0_1_2_13_0_13.jpg,0,0
16428_20210706_3_1_a9_3_2_13_2_344,/content/drive/MyDrive/CD2_DSA/raw/val/images/16428_20210706_3_1_a9_3_2_13_2_344.jpg,1,1
304187_20210913_3_0_0_3_2_11_0_424,/content/drive/MyDrive/CD2_DSA/raw/val/images/304187_20210913_3_0_0_3_2_11_0_424.jpg,0,0
308545_20210914_3_0_0_5_2_11_0_21,/content/drive/MyDrive/CD2_DSA/raw/val/images/308545_20210914_3_0_0_5_2_11_0_21.jpg,0,0
312130_20210914_3_0_0_3_2_11_0_253,/content/drive/MyDrive/CD2_DSA/raw/val/images/312130_20210914_3_0_0_3_2_11_0_253.jpg,0,0
106311_20210624_3_0_0_1_2_13_0_108,/content/drive/MyDrive/CD2_DSA/raw/val/images/106311_20210624_3_0_0_1_2_13_0_108.jpg,0,0
312146_20210914_3_0_0_3_2_11_0_269,/content/drive/MyDrive/CD2_DSA/raw/val/images/312146_20210914_3_0_0_3_2_11_0_269.jpg,0,0
16066_20210706_3_1_a9_3_2_13_2_76,/content/drive/MyDrive/CD2_DSA/raw/val/images/16066_20210706_3_1_a9_3_2_13_2_76.jpg,1,1
83196_20210624_3_0_0_1_2_13_0_109,/content/drive/MyDrive/CD2_DSA/raw/val/images/83196_20210624_3_0_0_1_2_13_0_109.jpg,0,0
16356_20210706_3_1_a9_3_2_13_2_286,/content/drive/MyDrive/CD2_DSA/raw/val/images/16356_20210706_3_1_a9_3_2_13_2_286.jpg,1,1
16473_20210706_3_1_a9_3_2_13_2_389,/content/drive/MyDrive/CD2_DSA/raw/val/images/16473_20210706_3_1_a9_3_2_13_2_389.jpg,1,0
16239_20210706_3_1_a9_3_2_13_2_169,/content/drive/MyDrive/CD2_DSA/raw/val/images/16239_20210706_3_1_a9_3_2_13_2_169.jpg,1,1
95200_20210624_3_0_0_1_2_13_0_21,/content/drive/MyDrive/CD2_DSA/raw/val/images/95200_20210624_3_0_0_1_2_13_0_21.jpg,0,0
6032_20210622_3_1_a9_3_2_13_1_81,/content/drive/MyDrive/CD2_DSA/raw/val/images/6032_20210622_3_1_a9_3_2_13_1_81.jpg,1,1
16652_20210706_3_1_a9_3_2_13_2_503,/content/drive/MyDrive/CD2_DSA/raw/val/images/16652_20210706_3_1_a9_3_2_13_2_503.jpg,1,1
308441_20210914_3_0_0_3_2_11_0_341,/content/drive/MyDrive/CD2_DSA/raw/val/images/308441_20210914_3_0_0_3_2_11_0_341.jpg,0,0
307450_20210914_3_0_0_3_2_11_0_50,/content/drive/MyDrive/CD2_DSA/raw/val/images/307450_20210914_3_0_0_3_2_11_0_50.jpg,0,0
16817_20210713_3_1_a9_3_2_13_3_79,/content/drive/MyDrive/CD2_DSA/raw/val/images/16817_20210713_3_1_a9_3_2_13_3_79.jpg,1,0
15620_20210706_3_1_a9_3_2_13_3_51,/content/drive/MyDrive/CD2_DSA/raw/val/images/15620_20210706_3_1_a9_3_2_13_3_51.jpg,1,1
1622_20210622_3_1_a9_3_2_13_2_194,/content/drive/MyDrive/CD2_DSA/raw/val/images/1622_20210622_3_1_a9_3_2_13_2_194.jpg,1,0
16556_20210706_3_1_a9_3_2_13_2_407,/content/drive/MyDrive/CD2_DSA/raw/val/images/16556_20210706_3_1_a9_3_2_13_2_407.jpg,1,1
3735_20210622_3_1_a9_3_2_13_3_13,/content/drive/MyDrive/CD2_DSA/raw/val/images/3735_20210622_3_1_a9_3_2_13_3_13.jpg,1,1
307863_20210914_3_0_0_5_2_11_0_60,/content/drive/MyDrive/CD2_DSA/raw/val/images/307863_20210914_3_0_0_5_2_11_0_60.jpg,0,0
308304_20210914_3_0_0_3_2_11_0_204,/content/drive/MyDrive/CD2_DSA/raw/val/images/308304_20210914_3_0_0_3_2_11_0_204.jpg,0,0
16455_20210706_3_1_a9_3_2_13_2_371,/content/drive/MyDrive/CD2_DSA/raw/val/images/16455_20210706_3_1_a9_3_2_13_2_371.jpg,1,1
6020_20210622_3_1_a9_3_2_13_1_69,/content/drive/MyDrive/CD2_DSA/raw/val/images/6020_20210622_3_1_a9_3_2_13_1_69.jpg,1,1
7535_20210622_3_1_a9_3_2_13_1_214,/content/drive/MyDrive/CD2_DSA/raw/val/images/7535_20210622_3_1_a9_3_2_13_1_214.jpg,1,1
16010_20210706_3_1_a9_3_2_13_2_20,/content/drive/MyDrive/CD2_DSA/raw/val/images/16010_20210706_3_1_a9_3_2_13_2_20.jpg,1,1
311955_20210914_3_0_0_3_2_11_0_78,/content/drive/MyDrive/CD2_DSA/raw/val/images/311955_20210914_3_0_0_3_2_11_0_78.jpg,0,0
128851_20210624_3_0_0_1_2_13_0_41,/content/drive/MyDrive/CD2_DSA/raw/val/images/128851_20210624_3_0_0_1_2_13_0_41.jpg,0,0
170897_20210624_3_0_0_5_2_13_0_91,/content/drive/MyDrive/CD2_DSA/raw/val/images/170897_20210624_3_0_0_5_2_13_0_91.jpg,0,0
68506_20210624_3_0_0_2_2_13_0_16,/content/drive/MyDrive/CD2_DSA/raw/val/images/68506_20210624_3_0_0_2_2_13_0_16.jpg,0,0
86841_20210624_3_0_0_1_2_13_0_166,/content/drive/MyDrive/CD2_DSA/raw/val/images/86841_20210624_3_0_0_1_2_13_0_166.jpg,0,0
3752_20210622_3_1_a9_3_2_13_3_30,/content/drive/MyDrive/CD2_DSA/raw/val/images/3752_20210622_3_1_a9_3_2_13_3_30.jpg,1,0
880_20210622_3_1_a9_3_2_13_3_78,/content/drive/MyDrive/CD2_DSA/raw/val/images/880_20210622_3_1_a9_3_2_13_3_78.jpg,1,1
95249_20210624_3_0_0_1_2_13_0_70,/content/drive/MyDrive/CD2_DSA/raw/val/images/95249_20210624_3_0_0_1_2_13_0_70.jpg,0,0
308656_20210914_3_0_0_5_2_11_0_133,/content/drive/MyDrive/CD2_DSA/raw/val/images/308656_20210914_3_0_0_5_2_11_0_133.jpg,0,0
67647_20210624_3_0_0_1_2_13_0_218,/content/drive/MyDrive/CD2_DSA/raw/val/images/67647_20210624_3_0_0_1_2_13_0_218.jpg,0,0
308284_20210914_3_0_0_3_2_11_0_184,/content/drive/MyDrive/CD2_DSA/raw/val/images/308284_20210914_3_0_0_3_2_11_0_184.jpg,0,0
170826_20210624_3_0_0_5_2_13_0_20,/content/drive/MyDrive/CD2_DSA/raw/val/images/170826_20210624_3_0_0_5_2_13_0_20.jpg,0,0
15127_20210622_3_1_a9_3_2_13_3_38,/content/drive/MyDrive/CD2_DSA/raw/val/images/15127_20210622_3_1_a9_3_2_13_3_38.jpg,1,1
14291_20210624_3_0_0_3_2_13_0_13,/content/drive/MyDrive/CD2_DSA/raw/val/images/14291_20210624_3_0_0_3_2_13_0_13.jpg,0,0
312233_20210914_3_0_0_3_2_11_0_356,/content/drive/MyDrive/CD2_DSA/raw/val/images/312233_20210914_3_0_0_3_2_11_0_356.jpg,0,0
13465_20210624_3_0_0_1_2_13_0_190,/content/drive/MyDrive/CD2_DSA/raw/val/images/13465_20210624_3_0_0_1_2_13_0_190.jpg,0,0
17033_20210622_3_1_a9_3_2_13_1_154,/content/drive/MyDrive/CD2_DSA/raw/val/images/17033_20210622_3_1_a9_3_2_13_1_154.jpg,1,1
3758_20210622_3_1_a9_3_2_13_3_36,/content/drive/MyDrive/CD2_DSA/raw/val/images/3758_20210622_3_1_a9_3_2_13_3_36.jpg,1,1
307428_20210914_3_0_0_3_2_11_0_28,/content/drive/MyDrive/CD2_DSA/raw/val/images/307428_20210914_3_0_0_3_2_11_0_28.jpg,0,0
125108_20210624_3_0_0_1_2_13_0_139,/content/drive/MyDrive/CD2_DSA/raw/val/images/125108_20210624_3_0_0_1_2_13_0_139.jpg,0,0
16883_20210622_3_1_a9_3_2_13_1_43,/content/drive/MyDrive/CD2_DSA/raw/val/images/16883_20210622_3_1_a9_3_2_13_1_43.jpg,1,0
1556_20210622_3_1_a9_3_2_13_2_128,/content/drive/MyDrive/CD2_DSA/raw/val/images/1556_20210622_3_1_a9_3_2_13_2_128.jpg,1,1
17035_20210622_3_1_a9_3_2_13_1_156,/content/drive/MyDrive/CD2_DSA/raw/val/images/17035_20210622_3_1_a9_3_2_13_1_156.jpg,1,0
25689_20210624_3_0_0_5_2_13_0_113,/content/drive/MyDrive/CD2_DSA/raw/val/images/25689_20210624_3_0_0_5_2_13_0_113.jpg,0,0
48928_20210624_3_0_0_1_2_13_0_2,/content/drive/MyDrive/CD2_DSA/raw/val/images/48928_20210624_3_0_0_1_2_13_0_2.jpg,0,0
15481_20210622_3_1_a9_3_2_13_3_185,/content/drive/MyDrive/CD2_DSA/raw/val/images/15481_20210622_3_1_a9_3_2_13_3_185.jpg,1,0
49050_20210624_3_0_0_1_2_13_0_124,/content/drive/MyDrive/CD2_DSA/raw/val/images/49050_20210624_3_0_0_1_2_13_0_124.jpg,0,0
10532_20210624_3_0_0_3_2_13_0_38,/content/drive/MyDrive/CD2_DSA/raw/val/images/10532_20210624_3_0_0_3_2_13_0_38.jpg,0,0
308636_20210914_3_0_0_5_2_11_0_113,/content/drive/MyDrive/CD2_DSA/raw/val/images/308636_20210914_3_0_0_5_2_11_0_113.jpg,0,0
16827_20210713_3_1_a9_3_2_13_3_89,/content/drive/MyDrive/CD2_DSA/raw/val/images/16827_20210713_3_1_a9_3_2_13_3_89.jpg,1,0
125149_20210624_3_0_0_1_2_13_0_180,/content/drive/MyDrive/CD2_DSA/raw/val/images/125149_20210624_3_0_0_1_2_13_0_180.jpg,0,0
13671_20210624_3_0_0_1_2_13_0_197,/content/drive/MyDrive/CD2_DSA/raw/val/images/13671_20210624_3_0_0_1_2_13_0_197.jpg,0,0
308288_20210914_3_0_0_3_2_11_0_188,/content/drive/MyDrive/CD2_DSA/raw/val/images/308288_20210914_3_0_0_3_2_11_0_188.jpg,0,0
5244_20210622_3_1_a9_3_2_13_2_120,/content/drive/MyDrive/CD2_DSA/raw/val/images/5244_20210622_3_1_a9_3_2_13_2_120.jpg,1,1
304120_20210913_3_0_0_3_2_11_0_357,/content/drive/MyDrive/CD2_DSA/raw/val/images/304120_20210913_3_0_0_3_2_11_0_357.jpg,0,0
311919_20210914_3_0_0_3_2_11_0_42,/content/drive/MyDrive/CD2_DSA/raw/val/images/311919_20210914_3_0_0_3_2_11_0_42.jpg,0,0
308316_20210914_3_0_0_3_2_11_0_216,/content/drive/MyDrive/CD2_DSA/raw/val/images/308316_20210914_3_0_0_3_2_11_0_216.jpg,0,0
106577_20210624_3_0_0_1_2_13_0_174,/content/drive/MyDrive/CD2_DSA/raw/val/images/106577_20210624_3_0_0_1_2_13_0_174.jpg,0,0
308532_20210914_3_0_0_5_2_11_0_8,/content/drive/MyDrive/CD2_DSA/raw/val/images/308532_20210914_3_0_0_5_2_11_0_8.jpg,0,0
7095_20210624_3_0_0_1_2_13_0_139,/content/drive/MyDrive/CD2_DSA/raw/val/images/7095_20210624_3_0_0_1_2_13_0_139.jpg,0,0
15863_20210622_3_1_a9_3_2_13_2_104,/content/drive/MyDrive/CD2_DSA/raw/val/images/15863_20210622_3_1_a9_3_2_13_2_104.jpg,1,0
6302_20210622_3_1_a9_3_2_13_1_101,/content/drive/MyDrive/CD2_DSA/raw/val/images/6302_20210622_3_1_a9_3_2_13_1_101.jpg,1,1
86388_20210624_3_0_0_1_2_13_0_57,/content/drive/MyDrive/CD2_DSA/raw/val/images/86388_20210624_3_0_0_1_2_13_0_57.jpg,0,0
15814_20210622_3_1_a9_3_2_13_2_55,/content/drive/MyDrive/CD2_DSA/raw/val/images/15814_20210622_3_1_a9_3_2_13_2_55.jpg,1,1
13673_20210624_3_0_0_1_2_13_0_199,/content/drive/MyDrive/CD2_DSA/raw/val/images/13673_20210624_3_0_0_1_2_13_0_199.jpg,0,0
16542_20210706_3_1_a9_3_2_13_3_57,/content/drive/MyDrive/CD2_DSA/raw/val/images/16542_20210706_3_1_a9_3_2_13_3_57.jpg,1,0
304283_20210913_3_0_0_3_2_11_0_520,/content/drive/MyDrive/CD2_DSA/raw/val/images/304283_20210913_3_0_0_3_2_11_0_520.jpg,0,0
4086_20210622_3_1_a9_3_2_13_2_17,/content/drive/MyDrive/CD2_DSA/raw/val/images/4086_20210622_3_1_a9_3_2_13_2_17.jpg,1,1
83270_20210624_3_0_0_1_2_13_0_183,/content/drive/MyDrive/CD2_DSA/raw/val/images/83270_20210624_3_0_0_1_2_13_0_183.jpg,0,0
663_20210622_3_1_a9_3_2_13_1_28,/content/drive/MyDrive/CD2_DSA/raw/val/images/663_20210622_3_1_a9_3_2_13_1_28.jpg,1,1
2589_20210624_3_0_0_3_2_13_0_175,/content/drive/MyDrive/CD2_DSA/raw/val/images/2589_20210624_3_0_0_3_2_13_0_175.jpg,0,0
1639_20210622_3_1_a9_3_2_13_2_211,/content/drive/MyDrive/CD2_DSA/raw/val/images/1639_20210622_3_1_a9_3_2_13_2_211.jpg,1,0
71159_20210624_3_0_0_3_2_13_0_12,/content/drive/MyDrive/CD2_DSA/raw/val/images/71159_20210624_3_0_0_3_2_13_0_12.jpg,0,0
308004_20210914_3_0_0_5_2_11_0_201,/content/drive/MyDrive/CD2_DSA/raw/val/images/308004_20210914_3_0_0_5_2_11_0_201.jpg,0,0
3616_20210629_3_1_a9_3_2_13_1_265,/content/drive/MyDrive/CD2_DSA/raw/val/images/3616_20210629_3_1_a9_3_2_13_1_265.jpg,1,1
95454_20210624_3_0_0_1_2_13_0_120,/content/drive/MyDrive/CD2_DSA/raw/val/images/95454_20210624_3_0_0_1_2_13_0_120.jpg,0,0
170852_20210624_3_0_0_5_2_13_0_46,/content/drive/MyDrive/CD2_DSA/raw/val/images/170852_20210624_3_0_0_5_2_13_0_46.jpg,0,0
1656_20210622_3_1_a9_3_2_13_2_228,/content/drive/MyDrive/CD2_DSA/raw/val/images/1656_20210622_3_1_a9_3_2_13_2_228.jpg,1,1
3655_20210629_3_1_a9_3_2_13_2_34,/content/drive/MyDrive/CD2_DSA/raw/val/images/3655_20210629_3_1_a9_3_2_13_2_34.jpg,1,1
3703_20210629_3_1_a9_3_2_13_2_82,/content/drive/MyDrive/CD2_DSA/raw/val/images/3703_20210629_3_1_a9_3_2_13_2_82.jpg,1,1
311749_20210803_3_0_0_3_2_11_0_81,/content/drive/MyDrive/CD2_DSA/raw/val/images/311749_20210803_3_0_0_3_2_11_0_81.jpg,0,0
308438_20210914_3_0_0_3_2_11_0_338,/content/drive/MyDrive/CD2_DSA/raw/val/images/308438_20210914_3_0_0_3_2_11_0_338.jpg,0,0
308468_20210914_3_0_0_3_2_11_0_368,/content/drive/MyDrive/CD2_DSA/raw/val/images/308468_20210914_3_0_0_3_2_11_0_368.jpg,0,0
16655_20210706_3_1_a9_3_2_13_2_506,/content/drive/MyDrive/CD2_DSA/raw/val/images/16655_20210706_3_1_a9_3_2_13_2_506.jpg,1,1
13218_20210624_3_0_0_1_2_13_0_177,/content/drive/MyDrive/CD2_DSA/raw/val/images/13218_20210624_3_0_0_1_2_13_0_177.jpg,0,0
12103_20210624_3_0_0_1_2_13_0_148,/content/drive/MyDrive/CD2_DSA/raw/val/images/12103_20210624_3_0_0_1_2_13_0_148.jpg,0,0
308354_20210914_3_0_0_3_2_11_0_254,/content/drive/MyDrive/CD2_DSA/raw/val/images/308354_20210914_3_0_0_3_2_11_0_254.jpg,0,0
16049_20210706_3_1_a9_3_2_13_2_59,/content/drive/MyDrive/CD2_DSA/raw/val/images/16049_20210706_3_1_a9_3_2_13_2_59.jpg,1,1
3165_20210629_3_1_a9_3_2_13_1_20,/content/drive/MyDrive/CD2_DSA/raw/val/images/3165_20210629_3_1_a9_3_2_13_1_20.jpg,1,1
3240_20210629_3_1_a9_3_2_13_1_95,/content/drive/MyDrive/CD2_DSA/raw/val/images/3240_20210629_3_1_a9_3_2_13_1_95.jpg,1,0
15654_20210706_3_1_a9_3_2_13_3_85,/content/drive/MyDrive/CD2_DSA/raw/val/images/15654_20210706_3_1_a9_3_2_13_3_85.jpg,1,1
95234_20210624_3_0_0_1_2_13_0_55,/content/drive/MyDrive/CD2_DSA/raw/val/images/95234_20210624_3_0_0_1_2_13_0_55.jpg,0,0
15836_20210622_3_1_a9_3_2_13_2_77,/content/drive/MyDrive/CD2_DSA/raw/val/images/15836_20210622_3_1_a9_3_2_13_2_77.jpg,1,0
308214_20210914_3_0_0_3_2_11_0_114,/content/drive/MyDrive/CD2_DSA/raw/val/images/308214_20210914_3_0_0_3_2_11_0_114.jpg,0,0
26211_20210624_3_0_0_5_2_13_0_172,/content/drive/MyDrive/CD2_DSA/raw/val/images/26211_20210624_3_0_0_5_2_13_0_172.jpg,0,0
15409_20210622_3_1_a9_3_2_13_3_113,/content/drive/MyDrive/CD2_DSA/raw/val/images/15409_20210622_3_1_a9_3_2_13_3_113.jpg,1,1
308088_20210914_3_0_0_5_2_11_0_285,/content/drive/MyDrive/CD2_DSA/raw/val/images/308088_20210914_3_0_0_5_2_11_0_285.jpg,0,0
307444_20210914_3_0_0_3_2_11_0_44,/content/drive/MyDrive/CD2_DSA/raw/val/images/307444_20210914_3_0_0_3_2_11_0_44.jpg,0,0
106310_20210624_3_0_0_1_2_13_0_107,/content/drive/MyDrive/CD2_DSA/raw/val/images/106310_20210624_3_0_0_1_2_13_0_107.jpg,0,0
65926_20210624_3_0_0_4_2_13_0_57,/content/drive/MyDrive/CD2_DSA/raw/val/images/65926_20210624_3_0_0_4_2_13_0_57.jpg,0,0
106548_20210624_3_0_0_1_2_13_0_145,/content/drive/MyDrive/CD2_DSA/raw/val/images/106548_20210624_3_0_0_1_2_13_0_145.jpg,0,0
16052_20210706_3_1_a9_3_2_13_2_62,/content/drive/MyDrive/CD2_DSA/raw/val/images/16052_20210706_3_1_a9_3_2_13_2_62.jpg,1,1
308142_20210914_3_0_0_3_2_11_0_42,/content/drive/MyDrive/CD2_DSA/raw/val/images/308142_20210914_3_0_0_3_2_11_0_42.jpg,0,0
312102_20210914_3_0_0_3_2_11_0_225,/content/drive/MyDrive/CD2_DSA/raw/val/images/312102_20210914_3_0_0_3_2_11_0_225.jpg,0,0
16546_20210706_3_1_a9_3_2_13_3_61,/content/drive/MyDrive/CD2_DSA/raw/val/images/16546_20210706_3_1_a9_3_2_13_3_61.jpg,1,1
1480_20210622_3_1_a9_3_2_13_2_52,/content/drive/MyDrive/CD2_DSA/raw/val/images/1480_20210622_3_1_a9_3_2_13_2_52.jpg,1,0
170883_20210624_3_0_0_5_2_13_0_77,/content/drive/MyDrive/CD2_DSA/raw/val/images/170883_20210624_3_0_0_5_2_13_0_77.jpg,0,0
308687_20210914_3_0_0_5_2_11_0_164,/content/drive/MyDrive/CD2_DSA/raw/val/images/308687_20210914_3_0_0_5_2_11_0_164.jpg,0,0
86531_20210624_3_0_0_1_2_13_0_100,/content/drive/MyDrive/CD2_DSA/raw/val/images/86531_20210624_3_0_0_1_2_13_0_100.jpg,0,0
86559_20210624_3_0_0_1_2_13_0_128,/content/drive/MyDrive/CD2_DSA/raw/val/images/86559_20210624_3_0_0_1_2_13_0_128.jpg,0,0
304034_20210913_3_0_0_3_2_11_0_271,/content/drive/MyDrive/CD2_DSA/raw/val/images/304034_20210913_3_0_0_3_2_11_0_271.jpg,0,0
82842_20210624_3_0_0_1_2_13_0_13,/content/drive/MyDrive/CD2_DSA/raw/val/images/82842_20210624_3_0_0_1_2_13_0_13.jpg,0,0
95479_20210624_3_0_0_1_2_13_0_145,/content/drive/MyDrive/CD2_DSA/raw/val/images/95479_20210624_3_0_0_1_2_13_0_145.jpg,0,0
104084_20210624_3_0_0_4_2_13_0_162,/content/drive/MyDrive/CD2_DSA/raw/val/images/104084_20210624_3_0_0_4_2_13_0_162.jpg,0,0
7151_20210624_3_0_0_1_2_13_0_195,/content/drive/MyDrive/CD2_DSA/raw/val/images/7151_20210624_3_0_0_1_2_13_0_195.jpg,0,0
125132_20210624_3_0_0_1_2_13_0_163,/content/drive/MyDrive/CD2_DSA/raw/val/images/125132_20210624_3_0_0_1_2_13_0_163.jpg,0,0
4091_20210622_3_1_a9_3_2_13_2_22,/content/drive/MyDrive/CD2_DSA/raw/val/images/4091_20210622_3_1_a9_3_2_13_2_22.jpg,1,1
95209_20210624_3_0_0_1_2_13_0_30,/content/drive/MyDrive/CD2_DSA/raw/val/images/95209_20210624_3_0_0_1_2_13_0_30.jpg,0,0
308609_20210914_3_0_0_5_2_11_0_85,/content/drive/MyDrive/CD2_DSA/raw/val/images/308609_20210914_3_0_0_5_2_11_0_85.jpg,0,0
308147_20210914_3_0_0_3_2_11_0_47,/content/drive/MyDrive/CD2_DSA/raw/val/images/308147_20210914_3_0_0_3_2_11_0_47.jpg,0,0
3833_20210629_3_1_a9_3_2_13_3_42,/content/drive/MyDrive/CD2_DSA/raw/val/images/3833_20210629_3_1_a9_3_2_13_3_42.jpg,1,0
6304_20210622_3_1_a9_3_2_13_1_103,/content/drive/MyDrive/CD2_DSA/raw/val/images/6304_20210622_3_1_a9_3_2_13_1_103.jpg,1,1
311968_20210914_3_0_0_3_2_11_0_91,/content/drive/MyDrive/CD2_DSA/raw/val/images/311968_20210914_3_0_0_3_2_11_0_91.jpg,0,0
125110_20210624_3_0_0_1_2_13_0_141,/content/drive/MyDrive/CD2_DSA/raw/val/images/125110_20210624_3_0_0_1_2_13_0_141.jpg,0,0
109387_20210624_3_0_0_3_2_13_0_1,/content/drive/MyDrive/CD2_DSA/raw/val/images/109387_20210624_3_0_0_3_2_13_0_1.jpg,0,0
3201_20210629_3_1_a9_3_2_13_1_56,/content/drive/MyDrive/CD2_DSA/raw/val/images/3201_20210629_3_1_a9_3_2_13_1_56.jpg,1,1
311706_20210803_3_0_0_3_2_11_0_38,/content/drive/MyDrive/CD2_DSA/raw/val/images/311706_20210803_3_0_0_3_2_11_0_38.jpg,0,0
304149_20210913_3_0_0_3_2_11_0_386,/content/drive/MyDrive/CD2_DSA/raw/val/images/304149_20210913_3_0_0_3_2_11_0_386.jpg,0,0
308323_20210914_3_0_0_3_2_11_0_223,/content/drive/MyDrive/CD2_DSA/raw/val/images/308323_20210914_3_0_0_3_2_11_0_223.jpg,0,0
311954_20210914_3_0_0_3_2_11_0_77,/content/drive/MyDrive/CD2_DSA/raw/val/images/311954_20210914_3_0_0_3_2_11_0_77.jpg,0,0
5845_20210622_3_1_a9_3_2_13_1_30,/content/drive/MyDrive/CD2_DSA/raw/val/images/5845_20210622_3_1_a9_3_2_13_1_30.jpg,1,1
34053_20210624_3_0_0_3_2_13_0_1,/content/drive/MyDrive/CD2_DSA/raw/val/images/34053_20210624_3_0_0_3_2_13_0_1.jpg,0,0
66295_20210624_3_0_0_4_2_13_0_196,/content/drive/MyDrive/CD2_DSA/raw/val/images/66295_20210624_3_0_0_4_2_13_0_196.jpg,0,0
14600_20210624_3_0_0_3_2_13_0_112,/content/drive/MyDrive/CD2_DSA/raw/val/images/14600_20210624_3_0_0_3_2_13_0_112.jpg,0,0
16108_20210706_3_1_a9_3_2_13_2_118,/content/drive/MyDrive/CD2_DSA/raw/val/images/16108_20210706_3_1_a9_3_2_13_2_118.jpg,1,1
2549_20210624_3_0_0_3_2_13_0_135,/content/drive/MyDrive/CD2_DSA/raw/val/images/2549_20210624_3_0_0_3_2_13_0_135.jpg,0,0
16612_20210706_3_1_a9_3_2_13_2_463,/content/drive/MyDrive/CD2_DSA/raw/val/images/16612_20210706_3_1_a9_3_2_13_2_463.jpg,1,0
16900_20210622_3_1_a9_3_2_13_1_60,/content/drive/MyDrive/CD2_DSA/raw/val/images/16900_20210622_3_1_a9_3_2_13_1_60.jpg,1,0
3802_20210629_3_1_a9_3_2_13_3_11,/content/drive/MyDrive/CD2_DSA/raw/val/images/3802_20210629_3_1_a9_3_2_13_3_11.jpg,1,1
308053_20210914_3_0_0_5_2_11_0_250,/content/drive/MyDrive/CD2_DSA/raw/val/images/308053_20210914_3_0_0_5_2_11_0_250.jpg,0,0
16217_20210706_3_1_a9_3_2_13_2_147,/content/drive/MyDrive/CD2_DSA/raw/val/images/16217_20210706_3_1_a9_3_2_13_2_147.jpg,1,0
308297_20210914_3_0_0_3_2_11_0_197,/content/drive/MyDrive/CD2_DSA/raw/val/images/308297_20210914_3_0_0_3_2_11_0_197.jpg,0,0
308118_20210914_3_0_0_3_2_11_0_18,/content/drive/MyDrive/CD2_DSA/raw/val/images/308118_20210914_3_0_0_3_2_11_0_18.jpg,0,0
16438_20210706_3_1_a9_3_2_13_2_354,/content/drive/MyDrive/CD2_DSA/raw/val/images/16438_20210706_3_1_a9_3_2_13_2_354.jpg,1,1
675_20210622_3_1_a9_3_2_13_1_40,/content/drive/MyDrive/CD2_DSA/raw/val/images/675_20210622_3_1_a9_3_2_13_1_40.jpg,1,1
104068_20210624_3_0_0_4_2_13_0_146,/content/drive/MyDrive/CD2_DSA/raw/val/images/104068_20210624_3_0_0_4_2_13_0_146.jpg,0,0
307997_20210914_3_0_0_5_2_11_0_194,/content/drive/MyDrive/CD2_DSA/raw/val/images/307997_20210914_3_0_0_5_2_11_0_194.jpg,0,0
968_20210624_3_0_0_1_2_13_0_23,/content/drive/MyDrive/CD2_DSA/raw/val/images/968_20210624_3_0_0_1_2_13_0_23.jpg,0,0
48936_20210624_3_0_0_1_2_13_0_10,/content/drive/MyDrive/CD2_DSA/raw/val/images/48936_20210624_3_0_0_1_2_13_0_10.jpg,0,0
307844_20210914_3_0_0_5_2_11_0_41,/content/drive/MyDrive/CD2_DSA/raw/val/images/307844_20210914_3_0_0_5_2_11_0_41.jpg,0,0
304084_20210913_3_0_0_3_2_11_0_321,/content/drive/MyDrive/CD2_DSA/raw/val/images/304084_20210913_3_0_0_3_2_11_0_321.jpg,0,0
308801_20210914_3_0_0_5_2_11_0_277,/content/drive/MyDrive/CD2_DSA/raw/val/images/308801_20210914_3_0_0_5_2_11_0_277.jpg,0,0
15395_20210622_3_1_a9_3_2_13_3_99,/content/drive/MyDrive/CD2_DSA/raw/val/images/15395_20210622_3_1_a9_3_2_13_3_99.jpg,1,1
83278_20210624_3_0_0_1_2_13_0_191,/content/drive/MyDrive/CD2_DSA/raw/val/images/83278_20210624_3_0_0_1_2_13_0_191.jpg,0,0
106318_20210624_3_0_0_1_2_13_0_115,/content/drive/MyDrive/CD2_DSA/raw/val/images/106318_20210624_3_0_0_1_2_13_0_115.jpg,0,0
311959_20210914_3_0_0_3_2_11_0_82,/content/drive/MyDrive/CD2_DSA/raw/val/images/311959_20210914_3_0_0_3_2_11_0_82.jpg,0,0
304308_20210913_3_0_0_3_2_11_0_545,/content/drive/MyDrive/CD2_DSA/raw/val/images/304308_20210913_3_0_0_3_2_11_0_545.jpg,0,0
68518_20210624_3_0_0_2_2_13_0_28,/content/drive/MyDrive/CD2_DSA/raw/val/images/68518_20210624_3_0_0_2_2_13_0_28.jpg,0,0
304109_20210913_3_0_0_3_2_11_0_346,/content/drive/MyDrive/CD2_DSA/raw/val/images/304109_20210913_3_0_0_3_2_11_0_346.jpg,0,0
4204_20210622_3_1_a9_3_2_13_2_35,/content/drive/MyDrive/CD2_DSA/raw/val/images/4204_20210622_3_1_a9_3_2_13_2_35.jpg,1,1
83218_20210624_3_0_0_1_2_13_0_131,/content/drive/MyDrive/CD2_DSA/raw/val/images/83218_20210624_3_0_0_1_2_13_0_131.jpg,0,0
304328_20210913_3_0_0_3_2_11_0_565,/content/drive/MyDrive/CD2_DSA/raw/val/images/304328_20210913_3_0_0_3_2_11_0_565.jpg,0,0
15663_20210706_3_1_a9_3_2_13_3_94,/content/drive/MyDrive/CD2_DSA/raw/val/images/15663_20210706_3_1_a9_3_2_13_3_94.jpg,1,1
16417_20210706_3_1_a9_3_2_13_2_333,/content/drive/MyDrive/CD2_DSA/raw/val/images/16417_20210706_3_1_a9_3_2_13_2_333.jpg,1,0
308480_20210914_3_0_0_3_2_11_0_380,/content/drive/MyDrive/CD2_DSA/raw/val/images/308480_20210914_3_0_0_3_2_11_0_380.jpg,0,0
125074_20210624_3_0_0_1_2_13_0_105,/content/drive/MyDrive/CD2_DSA/raw/val/images/125074_20210624_3_0_0_1_2_13_0_105.jpg,0,0
307819_20210914_3_0_0_5_2_11_0_16,/content/drive/MyDrive/CD2_DSA/raw/val/images/307819_20210914_3_0_0_5_2_11_0_16.jpg,0,0
304322_20210913_3_0_0_3_2_11_0_559,/content/drive/MyDrive/CD2_DSA/raw/val/images/304322_20210913_3_0_0_3_2_11_0_559.jpg,0,0
86589_20210624_3_0_0_1_2_13_0_158,/content/drive/MyDrive/CD2_DSA/raw/val/images/86589_20210624_3_0_0_1_2_13_0_158.jpg,0,0
15414_20210622_3_1_a9_3_2_13_3_118,/content/drive/MyDrive/CD2_DSA/raw/val/images/15414_20210622_3_1_a9_3_2_13_3_118.jpg,1,0
15830_20210622_3_1_a9_3_2_13_2_71,/content/drive/MyDrive/CD2_DSA/raw/val/images/15830_20210622_3_1_a9_3_2_13_2_71.jpg,1,1
67426_20210624_3_0_0_1_2_13_0_27,/content/drive/MyDrive/CD2_DSA/raw/val/images/67426_20210624_3_0_0_1_2_13_0_27.jpg,0,0
304133_20210913_3_0_0_3_2_11_0_370,/content/drive/MyDrive/CD2_DSA/raw/val/images/304133_20210913_3_0_0_3_2_11_0_370.jpg,0,0
49032_20210624_3_0_0_1_2_13_0_106,/content/drive/MyDrive/CD2_DSA/raw/val/images/49032_20210624_3_0_0_1_2_13_0_106.jpg,0,0
32310_20210624_3_0_0_4_2_13_0_13,/content/drive/MyDrive/CD2_DSA/raw/val/images/32310_20210624_3_0_0_4_2_13_0_13.jpg,0,0
95501_20210624_3_0_0_1_2_13_0_167,/content/drive/MyDrive/CD2_DSA/raw/val/images/95501_20210624_3_0_0_1_2_13_0_167.jpg,0,0
128828_20210624_3_0_0_1_2_13_0_18,/content/drive/MyDrive/CD2_DSA/raw/val/images/128828_20210624_3_0_0_1_2_13_0_18.jpg,0,0
16781_20210713_3_1_a9_3_2_13_3_43,/content/drive/MyDrive/CD2_DSA/raw/val/images/16781_20210713_3_1_a9_3_2_13_3_43.jpg,1,1
9150_20210624_3_0_0_2_2_13_0_144,/content/drive/MyDrive/CD2_DSA/raw/val/images/9150_20210624_3_0_0_2_2_13_0_144.jpg,0,0
67446_20210624_3_0_0_1_2_13_0_47,/content/drive/MyDrive/CD2_DSA/raw/val/images/67446_20210624_3_0_0_1_2_13_0_47.jpg,0,0
9136_20210624_3_0_0_2_2_13_0_130,/content/drive/MyDrive/CD2_DSA/raw/val/images/9136_20210624_3_0_0_2_2_13_0_130.jpg,0,0
86533_20210624_3_0_0_1_2_13_0_102,/content/drive/MyDrive/CD2_DSA/raw/val/images/86533_20210624_3_0_0_1_2_13_0_102.jpg,0,0
307999_20210914_3_0_0_5_2_11_0_196,/content/drive/MyDrive/CD2_DSA/raw/val/images/307999_20210914_3_0_0_5_2_11_0_196.jpg,0,0
4316_20210622_3_1_a9_3_2_13_2_47,/content/drive/MyDrive/CD2_DSA/raw/val/images/4316_20210622_3_1_a9_3_2_13_2_47.jpg,1,1
16948_20210622_3_1_a9_3_2_13_2_38,/content/drive/MyDrive/CD2_DSA/raw/val/images/16948_20210622_3_1_a9_3_2_13_2_38.jpg,1,1
311947_20210914_3_0_0_3_2_11_0_70,/content/drive/MyDrive/CD2_DSA/raw/val/images/311947_20210914_3_0_0_3_2_11_0_70.jpg,0,0
15365_20210622_3_1_a9_3_2_13_3_69,/content/drive/MyDrive/CD2_DSA/raw/val/images/15365_20210622_3_1_a9_3_2_13_3_69.jpg,1,0
308852_20210914_3_0_0_5_2_11_0_328,/content/drive/MyDrive/CD2_DSA/raw/val/images/308852_20210914_3_0_0_5_2_11_0_328.jpg,0,0
7524_20210622_3_1_a9_3_2_13_1_203,/content/drive/MyDrive/CD2_DSA/raw/val/images/7524_20210622_3_1_a9_3_2_13_1_203.jpg,1,0
706_20210622_3_1_a9_3_2_13_1_71,/content/drive/MyDrive/CD2_DSA/raw/val/images/706_20210622_3_1_a9_3_2_13_1_71.jpg,1,1
6760_20210622_3_1_a9_3_2_13_1_156,/content/drive/MyDrive/CD2_DSA/raw/val/images/6760_20210622_3_1_a9_3_2_13_1_156.jpg,1,1
308626_20210914_3_0_0_5_2_11_0_103,/content/drive/MyDrive/CD2_DSA/raw/val/images/308626_20210914_3_0_0_5_2_11_0_103.jpg,0,0
124704_20210624_3_0_0_1_2_13_0_55,/content/drive/MyDrive/CD2_DSA/raw/val/images/124704_20210624_3_0_0_1_2_13_0_55.jpg,0,0
16611_20210706_3_1_a9_3_2_13_2_462,/content/drive/MyDrive/CD2_DSA/raw/val/images/16611_20210706_3_1_a9_3_2_13_2_462.jpg,1,1
95196_20210624_3_0_0_1_2_13_0_17,/content/drive/MyDrive/CD2_DSA/raw/val/images/95196_20210624_3_0_0_1_2_13_0_17.jpg,0,0
307443_20210914_3_0_0_3_2_11_0_43,/content/drive/MyDrive/CD2_DSA/raw/val/images/307443_20210914_3_0_0_3_2_11_0_43.jpg,0,0
3198_20210629_3_1_a9_3_2_13_1_53,/content/drive/MyDrive/CD2_DSA/raw/val/images/3198_20210629_3_1_a9_3_2_13_1_53.jpg,1,0
862_20210622_3_1_a9_3_2_13_3_60,/content/drive/MyDrive/CD2_DSA/raw/val/images/862_20210622_3_1_a9_3_2_13_3_60.jpg,1,0
312152_20210914_3_0_0_3_2_11_0_275,/content/drive/MyDrive/CD2_DSA/raw/val/images/312152_20210914_3_0_0_3_2_11_0_275.jpg,0,0
308067_20210914_3_0_0_5_2_11_0_264,/content/drive/MyDrive/CD2_DSA/raw/val/images/308067_20210914_3_0_0_5_2_11_0_264.jpg,0,0
308136_20210914_3_0_0_3_2_11_0_36,/content/drive/MyDrive/CD2_DSA/raw/val/images/308136_20210914_3_0_0_3_2_11_0_36.jpg,0,0
15855_20210622_3_1_a9_3_2_13_2_96,/content/drive/MyDrive/CD2_DSA/raw/val/images/15855_20210622_3_1_a9_3_2_13_2_96.jpg,1,1
307755_20210914_3_0_0_3_2_11_0_355,/content/drive/MyDrive/CD2_DSA/raw/val/images/307755_20210914_3_0_0_3_2_11_0_355.jpg,0,0
170898_20210624_3_0_0_5_2_13_0_92,/content/drive/MyDrive/CD2_DSA/raw/val/images/170898_20210624_3_0_0_5_2_13_0_92.jpg,0,0
308066_20210914_3_0_0_5_2_11_0_263,/content/drive/MyDrive/CD2_DSA/raw/val/images/308066_20210914_3_0_0_5_2_11_0_263.jpg,0,0
1599_20210622_3_1_a9_3_2_13_2_171,/content/drive/MyDrive/CD2_DSA/raw/val/images/1599_20210622_3_1_a9_3_2_13_2_171.jpg,1,1
308673_20210914_3_0_0_5_2_11_0_150,/content/drive/MyDrive/CD2_DSA/raw/val/images/308673_20210914_3_0_0_5_2_11_0_150.jpg,0,0
14645_20210624_3_0_0_3_2_13_0_157,/content/drive/MyDrive/CD2_DSA/raw/val/images/14645_20210624_3_0_0_3_2_13_0_157.jpg,0,0
108290_20210624_3_0_0_2_2_13_0_163,/content/drive/MyDrive/CD2_DSA/raw/val/images/108290_20210624_3_0_0_2_2_13_0_163.jpg,0,0
25681_20210624_3_0_0_5_2_13_0_105,/content/drive/MyDrive/CD2_DSA/raw/val/images/25681_20210624_3_0_0_5_2_13_0_105.jpg,0,0
16311_20210706_3_1_a9_3_2_13_2_241,/content/drive/MyDrive/CD2_DSA/raw/val/images/16311_20210706_3_1_a9_3_2_13_2_241.jpg,1,1
68509_20210624_3_0_0_2_2_13_0_19,/content/drive/MyDrive/CD2_DSA/raw/val/images/68509_20210624_3_0_0_2_2_13_0_19.jpg,0,0
49082_20210624_3_0_0_1_2_13_0_156,/content/drive/MyDrive/CD2_DSA/raw/val/images/49082_20210624_3_0_0_1_2_13_0_156.jpg,0,0
308472_20210914_3_0_0_3_2_11_0_372,/content/drive/MyDrive/CD2_DSA/raw/val/images/308472_20210914_3_0_0_3_2_11_0_372.jpg,0,0
170884_20210624_3_0_0_5_2_13_0_78,/content/drive/MyDrive/CD2_DSA/raw/val/images/170884_20210624_3_0_0_5_2_13_0_78.jpg,0,0
308865_20210914_3_0_0_5_2_11_0_341,/content/drive/MyDrive/CD2_DSA/raw/val/images/308865_20210914_3_0_0_5_2_11_0_341.jpg,0,0
3361_20210629_3_1_a9_3_2_13_1_116,/content/drive/MyDrive/CD2_DSA/raw/val/images/3361_20210629_3_1_a9_3_2_13_1_116.jpg,1,0
16099_20210706_3_1_a9_3_2_13_2_109,/content/drive/MyDrive/CD2_DSA/raw/val/images/16099_20210706_3_1_a9_3_2_13_2_109.jpg,1,1
95215_20210624_3_0_0_1_2_13_0_36,/content/drive/MyDrive/CD2_DSA/raw/val/images/95215_20210624_3_0_0_1_2_13_0_36.jpg,0,0
25695_20210624_3_0_0_5_2_13_0_119,/content/drive/MyDrive/CD2_DSA/raw/val/images/25695_20210624_3_0_0_5_2_13_0_119.jpg,0,0
16491_20210706_3_1_a9_3_2_13_3_6,/content/drive/MyDrive/CD2_DSA/raw/val/images/16491_20210706_3_1_a9_3_2_13_3_6.jpg,1,0
308719_20210914_3_0_0_5_2_11_0_196,/content/drive/MyDrive/CD2_DSA/raw/val/images/308719_20210914_3_0_0_5_2_11_0_196.jpg,0,0
15848_20210622_3_1_a9_3_2_13_2_89,/content/drive/MyDrive/CD2_DSA/raw/val/images/15848_20210622_3_1_a9_3_2_13_2_89.jpg,1,1
1616_20210622_3_1_a9_3_2_13_2_188,/content/drive/MyDrive/CD2_DSA/raw/val/images/1616_20210622_3_1_a9_3_2_13_2_188.jpg,1,1
10637_20210624_3_0_0_3_2_13_0_131,/content/drive/MyDrive/CD2_DSA/raw/val/images/10637_20210624_3_0_0_3_2_13_0_131.jpg,0,0
304112_20210913_3_0_0_3_2_11_0_349,/content/drive/MyDrive/CD2_DSA/raw/val/images/304112_20210913_3_0_0_3_2_11_0_349.jpg,0,0
304138_20210913_3_0_0_3_2_11_0_375,/content/drive/MyDrive/CD2_DSA/raw/val/images/304138_20210913_3_0_0_3_2_11_0_375.jpg,0,0
12733_20210624_3_0_0_1_2_13_0_170,/content/drive/MyDrive/CD2_DSA/raw/val/images/12733_20210624_3_0_0_1_2_13_0_170.jpg,0,0
6837_20210624_3_0_0_1_2_13_0_62,/content/drive/MyDrive/CD2_DSA/raw/val/images/6837_20210624_3_0_0_1_2_13_0_62.jpg,0,0
308741_20210914_3_0_0_5_2_11_0_217,/content/drive/MyDrive/CD2_DSA/raw/val/images/308741_20210914_3_0_0_5_2_11_0_217.jpg,0,0
170863_20210624_3_0_0_5_2_13_0_57,/content/drive/MyDrive/CD2_DSA/raw/val/images/170863_20210624_3_0_0_5_2_13_0_57.jpg,0,0
16657_20210706_3_1_a9_3_2_13_2_508,/content/drive/MyDrive/CD2_DSA/raw/val/images/16657_20210706_3_1_a9_3_2_13_2_508.jpg,1,1
95519_20210624_3_0_0_1_2_13_0_185,/content/drive/MyDrive/CD2_DSA/raw/val/images/95519_20210624_3_0_0_1_2_13_0_185.jpg,0,0
1109_20210624_3_0_0_1_2_13_0_164,/content/drive/MyDrive/CD2_DSA/raw/val/images/1109_20210624_3_0_0_1_2_13_0_164.jpg,0,0
16354_20210706_3_1_a9_3_2_13_2_284,/content/drive/MyDrive/CD2_DSA/raw/val/images/16354_20210706_3_1_a9_3_2_13_2_284.jpg,1,1
7099_20210624_3_0_0_1_2_13_0_143,/content/drive/MyDrive/CD2_DSA/raw/val/images/7099_20210624_3_0_0_1_2_13_0_143.jpg,0,0
125668_20210624_3_0_0_2_2_13_0_72,/content/drive/MyDrive/CD2_DSA/raw/val/images/125668_20210624_3_0_0_2_2_13_0_72.jpg,0,0
7205_20210624_3_0_0_1_2_13_0_249,/content/drive/MyDrive/CD2_DSA/raw/val/images/7205_20210624_3_0_0_1_2_13_0_249.jpg,0,0
48926_20210624_3_0_0_1_2_13_0_0,/content/drive/MyDrive/CD2_DSA/raw/val/images/48926_20210624_3_0_0_1_2_13_0_0.jpg,0,0
16707_20210706_3_1_a9_3_2_13_2_558,/content/drive/MyDrive/CD2_DSA/raw/val/images/16707_20210706_3_1_a9_3_2_13_2_558.jpg,1,1
3708_20210629_3_1_a9_3_2_13_2_87,/content/drive/MyDrive/CD2_DSA/raw/val/images/3708_20210629_3_1_a9_3_2_13_2_87.jpg,1,1
307909_20210914_3_0_0_5_2_11_0_106,/content/drive/MyDrive/CD2_DSA/raw/val/images/307909_20210914_3_0_0_5_2_11_0_106.jpg,0,0
65893_20210624_3_0_0_4_2_13_0_24,/content/drive/MyDrive/CD2_DSA/raw/val/images/65893_20210624_3_0_0_4_2_13_0_24.jpg,0,0
3662_20210629_3_1_a9_3_2_13_2_41,/content/drive/MyDrive/CD2_DSA/raw/val/images/3662_20210629_3_1_a9_3_2_13_2_41.jpg,1,1
106591_20210624_3_0_0_1_2_13_0_188,/content/drive/MyDrive/CD2_DSA/raw/val/images/106591_20210624_3_0_0_1_2_13_0_188.jpg,0,0
26119_20210624_3_0_0_5_2_13_0_168,/content/drive/MyDrive/CD2_DSA/raw/val/images/26119_20210624_3_0_0_5_2_13_0_168.jpg,0,0
67453_20210624_3_0_0_1_2_13_0_54,/content/drive/MyDrive/CD2_DSA/raw/val/images/67453_20210624_3_0_0_1_2_13_0_54.jpg,0,0
4208_20210622_3_1_a9_3_2_13_2_39,/content/drive/MyDrive/CD2_DSA/raw/val/images/4208_20210622_3_1_a9_3_2_13_2_39.jpg,1,1
170841_20210624_3_0_0_5_2_13_0_35,/content/drive/MyDrive/CD2_DSA/raw/val/images/170841_20210624_3_0_0_5_2_13_0_35.jpg,0,0
666_20210622_3_1_a9_3_2_13_1_31,/content/drive/MyDrive/CD2_DSA/raw/val/images/666_20210622_3_1_a9_3_2_13_1_31.jpg,1,1
307530_20210914_3_0_0_3_2_11_0_130,/content/drive/MyDrive/CD2_DSA/raw/val/images/307530_20210914_3_0_0_3_2_11_0_130.jpg,0,0
49031_20210624_3_0_0_1_2_13_0_105,/content/drive/MyDrive/CD2_DSA/raw/val/images/49031_20210624_3_0_0_1_2_13_0_105.jpg,0,0
307745_20210914_3_0_0_3_2_11_0_345,/content/drive/MyDrive/CD2_DSA/raw/val/images/307745_20210914_3_0_0_3_2_11_0_345.jpg,0,0
4493_20210622_3_1_a9_3_2_13_2_61,/content/drive/MyDrive/CD2_DSA/raw/val/images/4493_20210622_3_1_a9_3_2_13_2_61.jpg,1,0
15439_20210622_3_1_a9_3_2_13_3_143,/content/drive/MyDrive/CD2_DSA/raw/val/images/15439_20210622_3_1_a9_3_2_13_3_143.jpg,1,1
304087_20210913_3_0_0_3_2_11_0_324,/content/drive/MyDrive/CD2_DSA/raw/val/images/304087_20210913_3_0_0_3_2_11_0_324.jpg,0,0
307499_20210914_3_0_0_3_2_11_0_99,/content/drive/MyDrive/CD2_DSA/raw/val/images/307499_20210914_3_0_0_3_2_11_0_99.jpg,0,0
304291_20210913_3_0_0_3_2_11_0_528,/content/drive/MyDrive/CD2_DSA/raw/val/images/304291_20210913_3_0_0_3_2_11_0_528.jpg,0,0
32312_20210624_3_0_0_4_2_13_0_15,/content/drive/MyDrive/CD2_DSA/raw/val/images/32312_20210624_3_0_0_4_2_13_0_15.jpg,0,0
16346_20210706_3_1_a9_3_2_13_2_276,/content/drive/MyDrive/CD2_DSA/raw/val/images/16346_20210706_3_1_a9_3_2_13_2_276.jpg,1,1
15367_20210622_3_1_a9_3_2_13_3_71,/content/drive/MyDrive/CD2_DSA/raw/val/images/15367_20210622_3_1_a9_3_2_13_3_71.jpg,1,0
1521_20210622_3_1_a9_3_2_13_2_93,/content/drive/MyDrive/CD2_DSA/raw/val/images/1521_20210622_3_1_a9_3_2_13_2_93.jpg,1,0
307781_20210914_3_0_0_3_2_11_0_381,/content/drive/MyDrive/CD2_DSA/raw/val/images/307781_20210914_3_0_0_3_2_11_0_381.jpg,0,0
16779_20210713_3_1_a9_3_2_13_3_41,/content/drive/MyDrive/CD2_DSA/raw/val/images/16779_20210713_3_1_a9_3_2_13_3_41.jpg,1,0
125656_20210624_3_0_0_2_2_13_0_60,/content/drive/MyDrive/CD2_DSA/raw/val/images/125656_20210624_3_0_0_2_2_13_0_60.jpg,0,0
15866_20210622_3_1_a9_3_2_13_2_107,/content/drive/MyDrive/CD2_DSA/raw/val/images/15866_20210622_3_1_a9_3_2_13_2_107.jpg,1,0
34069_20210624_3_0_0_3_2_13_0_17,/content/drive/MyDrive/CD2_DSA/raw/val/images/34069_20210624_3_0_0_3_2_13_0_17.jpg,0,0
308011_20210914_3_0_0_5_2_11_0_208,/content/drive/MyDrive/CD2_DSA/raw/val/images/308011_20210914_3_0_0_5_2_11_0_208.jpg,0,0
16540_20210706_3_1_a9_3_2_13_3_55,/content/drive/MyDrive/CD2_DSA/raw/val/images/16540_20210706_3_1_a9_3_2_13_3_55.jpg,1,0
308393_20210914_3_0_0_3_2_11_0_293,/content/drive/MyDrive/CD2_DSA/raw/val/images/308393_20210914_3_0_0_3_2_11_0_293.jpg,0,0
16277_20210706_3_1_a9_3_2_13_2_207,/content/drive/MyDrive/CD2_DSA/raw/val/images/16277_20210706_3_1_a9_3_2_13_2_207.jpg,1,1
2622_20210624_3_0_0_3_2_13_0_208,/content/drive/MyDrive/CD2_DSA/raw/val/images/2622_20210624_3_0_0_3_2_13_0_208.jpg,0,0
304180_20210913_3_0_0_3_2_11_0_417,/content/drive/MyDrive/CD2_DSA/raw/val/images/304180_20210913_3_0_0_3_2_11_0_417.jpg,0,0
312003_20210914_3_0_0_3_2_11_0_126,/content/drive/MyDrive/CD2_DSA/raw/val/images/312003_20210914_3_0_0_3_2_11_0_126.jpg,0,0
67646_20210624_3_0_0_1_2_13_0_217,/content/drive/MyDrive/CD2_DSA/raw/val/images/67646_20210624_3_0_0_1_2_13_0_217.jpg,0,0
106218_20210624_3_0_0_1_2_13_0_15,/content/drive/MyDrive/CD2_DSA/raw/val/images/106218_20210624_3_0_0_1_2_13_0_15.jpg,0,0
311973_20210914_3_0_0_3_2_11_0_96,/content/drive/MyDrive/CD2_DSA/raw/val/images/311973_20210914_3_0_0_3_2_11_0_96.jpg,0,0
109507_20210624_3_0_0_3_2_13_0_121,/content/drive/MyDrive/CD2_DSA/raw/val/images/109507_20210624_3_0_0_3_2_13_0_121.jpg,0,0
308836_20210914_3_0_0_5_2_11_0_312,/content/drive/MyDrive/CD2_DSA/raw/val/images/308836_20210914_3_0_0_5_2_11_0_312.jpg,0,0
308211_20210914_3_0_0_3_2_11_0_111,/content/drive/MyDrive/CD2_DSA/raw/val/images/308211_20210914_3_0_0_3_2_11_0_111.jpg,0,0
106531_20210624_3_0_0_1_2_13_0_128,/content/drive/MyDrive/CD2_DSA/raw/val/images/106531_20210624_3_0_0_1_2_13_0_128.jpg,0,0
3436_20210629_3_1_a9_3_2_13_1_191,/content/drive/MyDrive/CD2_DSA/raw/val/images/3436_20210629_3_1_a9_3_2_13_1_191.jpg,1,1
307592_20210914_3_0_0_3_2_11_0_192,/content/drive/MyDrive/CD2_DSA/raw/val/images/307592_20210914_3_0_0_3_2_11_0_192.jpg,0,0
83192_20210624_3_0_0_1_2_13_0_105,/content/drive/MyDrive/CD2_DSA/raw/val/images/83192_20210624_3_0_0_1_2_13_0_105.jpg,0,0
16955_20210622_3_1_a9_3_2_13_1_76,/content/drive/MyDrive/CD2_DSA/raw/val/images/16955_20210622_3_1_a9_3_2_13_1_76.jpg,1,1
16457_20210706_3_1_a9_3_2_13_2_373,/content/drive/MyDrive/CD2_DSA/raw/val/images/16457_20210706_3_1_a9_3_2_13_2_373.jpg,1,1
16050_20210706_3_1_a9_3_2_13_2_60,/content/drive/MyDrive/CD2_DSA/raw/val/images/16050_20210706_3_1_a9_3_2_13_2_60.jpg,1,1
124654_20210624_3_0_0_1_2_13_0_5,/content/drive/MyDrive/CD2_DSA/raw/val/images/124654_20210624_3_0_0_1_2_13_0_5.jpg,0,0
304053_20210913_3_0_0_3_2_11_0_290,/content/drive/MyDrive/CD2_DSA/raw/val/images/304053_20210913_3_0_0_3_2_11_0_290.jpg,0,0
16462_20210706_3_1_a9_3_2_13_2_378,/content/drive/MyDrive/CD2_DSA/raw/val/images/16462_20210706_3_1_a9_3_2_13_2_378.jpg,1,0
95185_20210624_3_0_0_1_2_13_0_6,/content/drive/MyDrive/CD2_DSA/raw/val/images/95185_20210624_3_0_0_1_2_13_0_6.jpg,0,0
95263_20210624_3_0_0_1_2_13_0_84,/content/drive/MyDrive/CD2_DSA/raw/val/images/95263_20210624_3_0_0_1_2_13_0_84.jpg,0,0
86846_20210624_3_0_0_1_2_13_0_171,/content/drive/MyDrive/CD2_DSA/raw/val/images/86846_20210624_3_0_0_1_2_13_0_171.jpg,0,0
304056_20210913_3_0_0_3_2_11_0_293,/content/drive/MyDrive/CD2_DSA/raw/val/images/304056_20210913_3_0_0_3_2_11_0_293.jpg,0,0
312193_20210914_3_0_0_3_2_11_0_316,/content/drive/MyDrive/CD2_DSA/raw/val/images/312193_20210914_3_0_0_3_2_11_0_316.jpg,0,0
15099_20210622_3_1_a9_3_2_13_3_10,/content/drive/MyDrive/CD2_DSA/raw/val/images/15099_20210622_3_1_a9_3_2_13_3_10.jpg,1,0
884_20210622_3_1_a9_3_2_13_3_82,/content/drive/MyDrive/CD2_DSA/raw/val/images/884_20210622_3_1_a9_3_2_13_3_82.jpg,1,1
3678_20210629_3_1_a9_3_2_13_2_57,/content/drive/MyDrive/CD2_DSA/raw/val/images/3678_20210629_3_1_a9_3_2_13_2_57.jpg,1,0
17026_20210622_3_1_a9_3_2_13_1_147,/content/drive/MyDrive/CD2_DSA/raw/val/images/17026_20210622_3_1_a9_3_2_13_1_147.jpg,1,0
16912_20210622_3_1_a9_3_2_13_2_1,/content/drive/MyDrive/CD2_DSA/raw/val/images/16912_20210622_3_1_a9_3_2_13_2_1.jpg,1,1
307568_20210914_3_0_0_3_2_11_0_168,/content/drive/MyDrive/CD2_DSA/raw/val/images/307568_20210914_3_0_0_3_2_11_0_168.jpg,0,0
3692_20210629_3_1_a9_3_2_13_2_71,/content/drive/MyDrive/CD2_DSA/raw/val/images/3692_20210629_3_1_a9_3_2_13_2_71.jpg,1,1
16567_20210706_3_1_a9_3_2_13_2_418,/content/drive/MyDrive/CD2_DSA/raw/val/images/16567_20210706_3_1_a9_3_2_13_2_418.jpg,1,1
311718_20210803_3_0_0_3_2_11_0_50,/content/drive/MyDrive/CD2_DSA/raw/val/images/311718_20210803_3_0_0_3_2_11_0_50.jpg,0,0
16495_20210706_3_1_a9_3_2_13_3_10,/content/drive/MyDrive/CD2_DSA/raw/val/images/16495_20210706_3_1_a9_3_2_13_3_10.jpg,1,1
1692_20210622_3_1_a9_3_2_13_2_264,/content/drive/MyDrive/CD2_DSA/raw/val/images/1692_20210622_3_1_a9_3_2_13_2_264.jpg,1,1
106319_20210624_3_0_0_1_2_13_0_116,/content/drive/MyDrive/CD2_DSA/raw/val/images/106319_20210624_3_0_0_1_2_13_0_116.jpg,0,0
67471_20210624_3_0_0_1_2_13_0_72,/content/drive/MyDrive/CD2_DSA/raw/val/images/67471_20210624_3_0_0_1_2_13_0_72.jpg,0,0
71176_20210624_3_0_0_3_2_13_0_29,/content/drive/MyDrive/CD2_DSA/raw/val/images/71176_20210624_3_0_0_3_2_13_0_29.jpg,0,0
308194_20210914_3_0_0_3_2_11_0_94,/content/drive/MyDrive/CD2_DSA/raw/val/images/308194_20210914_3_0_0_3_2_11_0_94.jpg,0,0
125150_20210624_3_0_0_1_2_13_0_181,/content/drive/MyDrive/CD2_DSA/raw/val/images/125150_20210624_3_0_0_1_2_13_0_181.jpg,0,0
170900_20210624_3_0_0_5_2_13_0_94,/content/drive/MyDrive/CD2_DSA/raw/val/images/170900_20210624_3_0_0_5_2_13_0_94.jpg,0,0
1568_20210622_3_1_a9_3_2_13_2_140,/content/drive/MyDrive/CD2_DSA/raw/val/images/1568_20210622_3_1_a9_3_2_13_2_140.jpg,1,1
307817_20210914_3_0_0_5_2_11_0_14,/content/drive/MyDrive/CD2_DSA/raw/val/images/307817_20210914_3_0_0_5_2_11_0_14.jpg,0,0
125690_20210624_3_0_0_2_2_13_0_94,/content/drive/MyDrive/CD2_DSA/raw/val/images/125690_20210624_3_0_0_2_2_13_0_94.jpg,0,0
2611_20210624_3_0_0_3_2_13_0_197,/content/drive/MyDrive/CD2_DSA/raw/val/images/2611_20210624_3_0_0_3_2_13_0_197.jpg,0,0
3832_20210629_3_1_a9_3_2_13_3_41,/content/drive/MyDrive/CD2_DSA/raw/val/images/3832_20210629_3_1_a9_3_2_13_3_41.jpg,1,1
6790_20210624_3_0_0_1_2_13_0_15,/content/drive/MyDrive/CD2_DSA/raw/val/images/6790_20210624_3_0_0_1_2_13_0_15.jpg,0,0
170825_20210624_3_0_0_5_2_13_0_19,/content/drive/MyDrive/CD2_DSA/raw/val/images/170825_20210624_3_0_0_5_2_13_0_19.jpg,0,0
3177_20210629_3_1_a9_3_2_13_1_32,/content/drive/MyDrive/CD2_DSA/raw/val/images/3177_20210629_3_1_a9_3_2_13_1_32.jpg,1,0
95442_20210624_3_0_0_1_2_13_0_108,/content/drive/MyDrive/CD2_DSA/raw/val/images/95442_20210624_3_0_0_1_2_13_0_108.jpg,0,0
170895_20210624_3_0_0_5_2_13_0_89,/content/drive/MyDrive/CD2_DSA/raw/val/images/170895_20210624_3_0_0_5_2_13_0_89.jpg,0,0
308333_20210914_3_0_0_3_2_11_0_233,/content/drive/MyDrive/CD2_DSA/raw/val/images/308333_20210914_3_0_0_3_2_11_0_233.jpg,0,0
71210_20210624_3_0_0_3_2_13_0_63,/content/drive/MyDrive/CD2_DSA/raw/val/images/71210_20210624_3_0_0_3_2_13_0_63.jpg,0,0
3349_20210629_3_1_a9_3_2_13_1_104,/content/drive/MyDrive/CD2_DSA/raw/val/images/3349_20210629_3_1_a9_3_2_13_1_104.jpg,1,1
308120_20210914_3_0_0_3_2_11_0_20,/content/drive/MyDrive/CD2_DSA/raw/val/images/308120_20210914_3_0_0_3_2_11_0_20.jpg,0,0
312060_20210914_3_0_0_3_2_11_0_183,/content/drive/MyDrive/CD2_DSA/raw/val/images/312060_20210914_3_0_0_3_2_11_0_183.jpg,0,0
311707_20210803_3_0_0_3_2_11_0_39,/content/drive/MyDrive/CD2_DSA/raw/val/images/311707_20210803_3_0_0_3_2_11_0_39.jpg,0,0
5860_20210622_3_1_a9_3_2_13_1_49,/content/drive/MyDrive/CD2_DSA/raw/val/images/5860_20210622_3_1_a9_3_2_13_1_49.jpg,1,1
312013_20210914_3_0_0_3_2_11_0_136,/content/drive/MyDrive/CD2_DSA/raw/val/images/312013_20210914_3_0_0_3_2_11_0_136.jpg,0,0
86538_20210624_3_0_0_1_2_13_0_107,/content/drive/MyDrive/CD2_DSA/raw/val/images/86538_20210624_3_0_0_1_2_13_0_107.jpg,0,0
304189_20210913_3_0_0_3_2_11_0_426,/content/drive/MyDrive/CD2_DSA/raw/val/images/304189_20210913_3_0_0_3_2_11_0_426.jpg,0,0
1456_20210622_3_1_a9_3_2_13_2_28,/content/drive/MyDrive/CD2_DSA/raw/val/images/1456_20210622_3_1_a9_3_2_13_2_28.jpg,1,1
776_20210622_3_1_a9_3_2_13_1_141,/content/drive/MyDrive/CD2_DSA/raw/val/images/776_20210622_3_1_a9_3_2_13_1_141.jpg,1,0
83238_20210624_3_0_0_1_2_13_0_151,/content/drive/MyDrive/CD2_DSA/raw/val/images/83238_20210624_3_0_0_1_2_13_0_151.jpg,0,0
49118_20210624_3_0_0_1_2_13_0_192,/content/drive/MyDrive/CD2_DSA/raw/val/images/49118_20210624_3_0_0_1_2_13_0_192.jpg,0,0
16743_20210713_3_1_a9_3_2_13_3_4,/content/drive/MyDrive/CD2_DSA/raw/val/images/16743_20210713_3_1_a9_3_2_13_3_4.jpg,1,0
15402_20210622_3_1_a9_3_2_13_3_106,/content/drive/MyDrive/CD2_DSA/raw/val/images/15402_20210622_3_1_a9_3_2_13_3_106.jpg,1,1
16237_20210706_3_1_a9_3_2_13_2_167,/content/drive/MyDrive/CD2_DSA/raw/val/images/16237_20210706_3_1_a9_3_2_13_2_167.jpg,1,1
68515_20210624_3_0_0_2_2_13_0_25,/content/drive/MyDrive/CD2_DSA/raw/val/images/68515_20210624_3_0_0_2_2_13_0_25.jpg,0,0
15631_20210706_3_1_a9_3_2_13_3_62,/content/drive/MyDrive/CD2_DSA/raw/val/images/15631_20210706_3_1_a9_3_2_13_3_62.jpg,1,1
3606_20210629_3_1_a9_3_2_13_1_255,/content/drive/MyDrive/CD2_DSA/raw/val/images/3606_20210629_3_1_a9_3_2_13_1_255.jpg,1,1
66296_20210624_3_0_0_4_2_13_0_197,/content/drive/MyDrive/CD2_DSA/raw/val/images/66296_20210624_3_0_0_4_2_13_0_197.jpg,0,0
15442_20210622_3_1_a9_3_2_13_3_146,/content/drive/MyDrive/CD2_DSA/raw/val/images/15442_20210622_3_1_a9_3_2_13_3_146.jpg,1,0
170876_20210624_3_0_0_5_2_13_0_70,/content/drive/MyDrive/CD2_DSA/raw/val/images/170876_20210624_3_0_0_5_2_13_0_70.jpg,0,0
308747_20210914_3_0_0_5_2_11_0_223,/content/drive/MyDrive/CD2_DSA/raw/val/images/308747_20210914_3_0_0_5_2_11_0_223.jpg,0,0
83506_20210708_3_0_0_1_2_13_0_0,/content/drive/MyDrive/CD2_DSA/raw/val/images/83506_20210708_3_0_0_1_2_13_0_0.jpg,0,0
308089_20210914_3_0_0_5_2_11_0_286,/content/drive/MyDrive/CD2_DSA/raw/val/images/308089_20210914_3_0_0_5_2_11_0_286.jpg,0,0
95210_20210624_3_0_0_1_2_13_0_31,/content/drive/MyDrive/CD2_DSA/raw/val/images/95210_20210624_3_0_0_1_2_13_0_31.jpg,0,0
308025_20210914_3_0_0_5_2_11_0_222,/content/drive/MyDrive/CD2_DSA/raw/val/images/308025_20210914_3_0_0_5_2_11_0_222.jpg,0,0
15666_20210706_3_1_a9_3_2_13_3_97,/content/drive/MyDrive/CD2_DSA/raw/val/images/15666_20210706_3_1_a9_3_2_13_3_97.jpg,1,1
108014_20210624_3_0_0_2_2_13_0_2,/content/drive/MyDrive/CD2_DSA/raw/val/images/108014_20210624_3_0_0_2_2_13_0_2.jpg,0,0
108289_20210624_3_0_0_2_2_13_0_162,/content/drive/MyDrive/CD2_DSA/raw/val/images/108289_20210624_3_0_0_2_2_13_0_162.jpg,0,0
6756_20210622_3_1_a9_3_2_13_1_152,/content/drive/MyDrive/CD2_DSA/raw/val/images/6756_20210622_3_1_a9_3_2_13_1_152.jpg,1,0
126083_20210624_3_0_0_5_2_13_0_18,/content/drive/MyDrive/CD2_DSA/raw/val/images/126083_20210624_3_0_0_5_2_13_0_18.jpg,0,0
6887_20210624_3_0_0_1_2_13_0_112,/content/drive/MyDrive/CD2_DSA/raw/val/images/6887_20210624_3_0_0_1_2_13_0_112.jpg,0,0
15451_20210622_3_1_a9_3_2_13_3_155,/content/drive/MyDrive/CD2_DSA/raw/val/images/15451_20210622_3_1_a9_3_2_13_3_155.jpg,1,1
108298_20210624_3_0_0_2_2_13_0_171,/content/drive/MyDrive/CD2_DSA/raw/val/images/108298_20210624_3_0_0_2_2_13_0_171.jpg,0,0
311963_20210914_3_0_0_3_2_11_0_86,/content/drive/MyDrive/CD2_DSA/raw/val/images/311963_20210914_3_0_0_3_2_11_0_86.jpg,0,0
312166_20210914_3_0_0_3_2_11_0_289,/content/drive/MyDrive/CD2_DSA/raw/val/images/312166_20210914_3_0_0_3_2_11_0_289.jpg,0,0
14656_20210624_3_0_0_3_2_13_0_168,/content/drive/MyDrive/CD2_DSA/raw/val/images/14656_20210624_3_0_0_3_2_13_0_168.jpg,0,0
16060_20210706_3_1_a9_3_2_13_2_70,/content/drive/MyDrive/CD2_DSA/raw/val/images/16060_20210706_3_1_a9_3_2_13_2_70.jpg,1,1
4720_20210622_3_1_a9_3_2_13_2_88,/content/drive/MyDrive/CD2_DSA/raw/val/images/4720_20210622_3_1_a9_3_2_13_2_88.jpg,1,1
86881_20210624_3_0_0_1_2_13_0_206,/content/drive/MyDrive/CD2_DSA/raw/val/images/86881_20210624_3_0_0_1_2_13_0_206.jpg,0,0
104089_20210624_3_0_0_4_2_13_0_167,/content/drive/MyDrive/CD2_DSA/raw/val/images/104089_20210624_3_0_0_4_2_13_0_167.jpg,0,0
83194_20210624_3_0_0_1_2_13_0_107,/content/drive/MyDrive/CD2_DSA/raw/val/images/83194_20210624_3_0_0_1_2_13_0_107.jpg,0,0
308795_20210914_3_0_0_5_2_11_0_271,/content/drive/MyDrive/CD2_DSA/raw/val/images/308795_20210914_3_0_0_5_2_11_0_271.jpg,0,0
86884_20210624_3_0_0_1_2_13_0_209,/content/drive/MyDrive/CD2_DSA/raw/val/images/86884_20210624_3_0_0_1_2_13_0_209.jpg,0,0
5257_20210622_3_1_a9_3_2_13_2_133,/content/drive/MyDrive/CD2_DSA/raw/val/images/5257_20210622_3_1_a9_3_2_13_2_133.jpg,1,0
4717_20210622_3_1_a9_3_2_13_2_85,/content/drive/MyDrive/CD2_DSA/raw/val/images/4717_20210622_3_1_a9_3_2_13_2_85.jpg,1,1
106600_20210624_3_0_0_1_2_13_0_197,/content/drive/MyDrive/CD2_DSA/raw/val/images/106600_20210624_3_0_0_1_2_13_0_197.jpg,0,0
3733_20210622_3_1_a9_3_2_13_3_11,/content/drive/MyDrive/CD2_DSA/raw/val/images/3733_20210622_3_1_a9_3_2_13_3_11.jpg,1,1
307547_20210914_3_0_0_3_2_11_0_147,/content/drive/MyDrive/CD2_DSA/raw/val/images/307547_20210914_3_0_0_3_2_11_0_147.jpg,0,0
307617_20210914_3_0_0_3_2_11_0_217,/content/drive/MyDrive/CD2_DSA/raw/val/images/307617_20210914_3_0_0_3_2_11_0_217.jpg,0,0
1009_20210624_3_0_0_1_2_13_0_64,/content/drive/MyDrive/CD2_DSA/raw/val/images/1009_20210624_3_0_0_1_2_13_0_64.jpg,0,0
1506_20210622_3_1_a9_3_2_13_2_78,/content/drive/MyDrive/CD2_DSA/raw/val/images/1506_20210622_3_1_a9_3_2_13_2_78.jpg,1,1
170887_20210624_3_0_0_5_2_13_0_81,/content/drive/MyDrive/CD2_DSA/raw/val/images/170887_20210624_3_0_0_5_2_13_0_81.jpg,0,0
7529_20210622_3_1_a9_3_2_13_1_208,/content/drive/MyDrive/CD2_DSA/raw/val/images/7529_20210622_3_1_a9_3_2_13_1_208.jpg,1,1
308249_20210914_3_0_0_3_2_11_0_149,/content/drive/MyDrive/CD2_DSA/raw/val/images/308249_20210914_3_0_0_3_2_11_0_149.jpg,0,0
311949_20210914_3_0_0_3_2_11_0_72,/content/drive/MyDrive/CD2_DSA/raw/val/images/311949_20210914_3_0_0_3_2_11_0_72.jpg,0,0
307445_20210914_3_0_0_3_2_11_0_45,/content/drive/MyDrive/CD2_DSA/raw/val/images/307445_20210914_3_0_0_3_2_11_0_45.jpg,0,0
2701_20210624_3_0_0_4_2_13_0_170,/content/drive/MyDrive/CD2_DSA/raw/val/images/2701_20210624_3_0_0_4_2_13_0_170.jpg,0,0
66289_20210624_3_0_0_4_2_13_0_190,/content/drive/MyDrive/CD2_DSA/raw/val/images/66289_20210624_3_0_0_4_2_13_0_190.jpg,0,0
16957_20210622_3_1_a9_3_2_13_1_78,/content/drive/MyDrive/CD2_DSA/raw/val/images/16957_20210622_3_1_a9_3_2_13_1_78.jpg,1,1
16361_20210706_3_1_a9_3_2_13_2_291,/content/drive/MyDrive/CD2_DSA/raw/val/images/16361_20210706_3_1_a9_3_2_13_2_291.jpg,1,0
16412_20210706_3_1_a9_3_2_13_2_328,/content/drive/MyDrive/CD2_DSA/raw/val/images/16412_20210706_3_1_a9_3_2_13_2_328.jpg,1,0
307414_20210914_3_0_0_3_2_11_0_14,/content/drive/MyDrive/CD2_DSA/raw/val/images/307414_20210914_3_0_0_3_2_11_0_14.jpg,0,0
106230_20210624_3_0_0_1_2_13_0_27,/content/drive/MyDrive/CD2_DSA/raw/val/images/106230_20210624_3_0_0_1_2_13_0_27.jpg,0,0
719_20210622_3_1_a9_3_2_13_1_84,/content/drive/MyDrive/CD2_DSA/raw/val/images/719_20210622_3_1_a9_3_2_13_1_84.jpg,1,1
67497_20210624_3_0_0_1_2_13_0_98,/content/drive/MyDrive/CD2_DSA/raw/val/images/67497_20210624_3_0_0_1_2_13_0_98.jpg,0,0
308362_20210914_3_0_0_3_2_11_0_262,/content/drive/MyDrive/CD2_DSA/raw/val/images/308362_20210914_3_0_0_3_2_11_0_262.jpg,0,0
34066_20210624_3_0_0_3_2_13_0_14,/content/drive/MyDrive/CD2_DSA/raw/val/images/34066_20210624_3_0_0_3_2_13_0_14.jpg,0,0
312079_20210914_3_0_0_3_2_11_0_202,/content/drive/MyDrive/CD2_DSA/raw/val/images/312079_20210914_3_0_0_3_2_11_0_202.jpg,0,0
16091_20210706_3_1_a9_3_2_13_2_101,/content/drive/MyDrive/CD2_DSA/raw/val/images/16091_20210706_3_1_a9_3_2_13_2_101.jpg,1,1
308698_20210914_3_0_0_5_2_11_0_175,/content/drive/MyDrive/CD2_DSA/raw/val/images/308698_20210914_3_0_0_5_2_11_0_175.jpg,0,0
126077_20210624_3_0_0_5_2_13_0_12,/content/drive/MyDrive/CD2_DSA/raw/val/images/126077_20210624_3_0_0_5_2_13_0_12.jpg,0,0
308790_20210914_3_0_0_5_2_11_0_266,/content/drive/MyDrive/CD2_DSA/raw/val/images/308790_20210914_3_0_0_5_2_11_0_266.jpg,0,0
6024_20210622_3_1_a9_3_2_13_1_73,/content/drive/MyDrive/CD2_DSA/raw/val/images/6024_20210622_3_1_a9_3_2_13_1_73.jpg,1,1
68512_20210624_3_0_0_2_2_13_0_22,/content/drive/MyDrive/CD2_DSA/raw/val/images/68512_20210624_3_0_0_2_2_13_0_22.jpg,0,0
9146_20210624_3_0_0_2_2_13_0_140,/content/drive/MyDrive/CD2_DSA/raw/val/images/9146_20210624_3_0_0_2_2_13_0_140.jpg,0,0
304018_20210913_3_0_0_3_2_11_0_255,/content/drive/MyDrive/CD2_DSA/raw/val/images/304018_20210913_3_0_0_3_2_11_0_255.jpg,0,0
312179_20210914_3_0_0_3_2_11_0_302,/content/drive/MyDrive/CD2_DSA/raw/val/images/312179_20210914_3_0_0_3_2_11_0_302.jpg,0,0
308292_20210914_3_0_0_3_2_11_0_192,/content/drive/MyDrive/CD2_DSA/raw/val/images/308292_20210914_3_0_0_3_2_11_0_192.jpg,0,0
308619_20210914_3_0_0_5_2_11_0_95,/content/drive/MyDrive/CD2_DSA/raw/val/images/308619_20210914_3_0_0_5_2_11_0_95.jpg,0,0
308365_20210914_3_0_0_3_2_11_0_265,/content/drive/MyDrive/CD2_DSA/raw/val/images/308365_20210914_3_0_0_3_2_11_0_265.jpg,0,0
307721_20210914_3_0_0_3_2_11_0_321,/content/drive/MyDrive/CD2_DSA/raw/val/images/307721_20210914_3_0_0_3_2_11_0_321.jpg,0,0
67437_20210624_3_0_0_1_2_13_0_38,/content/drive/MyDrive/CD2_DSA/raw/val/images/67437_20210624_3_0_0_1_2_13_0_38.jpg,0,0
15875_20210622_3_1_a9_3_2_13_2_116,/content/drive/MyDrive/CD2_DSA/raw/val/images/15875_20210622_3_1_a9_3_2_13_2_116.jpg,1,0
17025_20210622_3_1_a9_3_2_13_1_146,/content/drive/MyDrive/CD2_DSA/raw/val/images/17025_20210622_3_1_a9_3_2_13_1_146.jpg,1,1
308797_20210914_3_0_0_5_2_11_0_273,/content/drive/MyDrive/CD2_DSA/raw/val/images/308797_20210914_3_0_0_5_2_11_0_273.jpg,0,0
307666_20210914_3_0_0_3_2_11_0_266,/content/drive/MyDrive/CD2_DSA/raw/val/images/307666_20210914_3_0_0_3_2_11_0_266.jpg,0,0
108310_20210624_3_0_0_2_2_13_0_183,/content/drive/MyDrive/CD2_DSA/raw/val/images/108310_20210624_3_0_0_2_2_13_0_183.jpg,0,0
1679_20210622_3_1_a9_3_2_13_2_251,/content/drive/MyDrive/CD2_DSA/raw/val/images/1679_20210622_3_1_a9_3_2_13_2_251.jpg,1,1
307658_20210914_3_0_0_3_2_11_0_258,/content/drive/MyDrive/CD2_DSA/raw/val/images/307658_20210914_3_0_0_3_2_11_0_258.jpg,0,0
304226_20210913_3_0_0_3_2_11_0_463,/content/drive/MyDrive/CD2_DSA/raw/val/images/304226_20210913_3_0_0_3_2_11_0_463.jpg,0,0
65871_20210624_3_0_0_4_2_13_0_2,/content/drive/MyDrive/CD2_DSA/raw/val/images/65871_20210624_3_0_0_4_2_13_0_2.jpg,0,0
308155_20210914_3_0_0_3_2_11_0_55,/content/drive/MyDrive/CD2_DSA/raw/val/images/308155_20210914_3_0_0_3_2_11_0_55.jpg,0,0
16513_20210706_3_1_a9_3_2_13_3_28,/content/drive/MyDrive/CD2_DSA/raw/val/images/16513_20210706_3_1_a9_3_2_13_3_28.jpg,1,1
67515_20210624_3_0_0_1_2_13_0_116,/content/drive/MyDrive/CD2_DSA/raw/val/images/67515_20210624_3_0_0_1_2_13_0_116.jpg,0,0
308030_20210914_3_0_0_5_2_11_0_227,/content/drive/MyDrive/CD2_DSA/raw/val/images/308030_20210914_3_0_0_5_2_11_0_227.jpg,0,0
308813_20210914_3_0_0_5_2_11_0_289,/content/drive/MyDrive/CD2_DSA/raw/val/images/308813_20210914_3_0_0_5_2_11_0_289.jpg,0,0
170909_20210624_3_0_0_5_2_13_0_103,/content/drive/MyDrive/CD2_DSA/raw/val/images/170909_20210624_3_0_0_5_2_13_0_103.jpg,0,0
6891_20210624_3_0_0_1_2_13_0_116,/content/drive/MyDrive/CD2_DSA/raw/val/images/6891_20210624_3_0_0_1_2_13_0_116.jpg,0,0
16608_20210706_3_1_a9_3_2_13_2_459,/content/drive/MyDrive/CD2_DSA/raw/val/images/16608_20210706_3_1_a9_3_2_13_2_459.jpg,1,0
16503_20210706_3_1_a9_3_2_13_3_18,/content/drive/MyDrive/CD2_DSA/raw/val/images/16503_20210706_3_1_a9_3_2_13_3_18.jpg,1,0
5846_20210622_3_1_a9_3_2_13_1_31,/content/drive/MyDrive/CD2_DSA/raw/val/images/5846_20210622_3_1_a9_3_2_13_1_31.jpg,1,1
16726_20210706_3_1_a9_3_2_13_2_577,/content/drive/MyDrive/CD2_DSA/raw/val/images/16726_20210706_3_1_a9_3_2_13_2_577.jpg,1,1
308048_20210914_3_0_0_5_2_11_0_245,/content/drive/MyDrive/CD2_DSA/raw/val/images/308048_20210914_3_0_0_5_2_11_0_245.jpg,0,0
10557_20210624_3_0_0_3_2_13_0_63,/content/drive/MyDrive/CD2_DSA/raw/val/images/10557_20210624_3_0_0_3_2_13_0_63.jpg,0,0
1515_20210622_3_1_a9_3_2_13_2_87,/content/drive/MyDrive/CD2_DSA/raw/val/images/1515_20210622_3_1_a9_3_2_13_2_87.jpg,1,1
17006_20210622_3_1_a9_3_2_13_1_127,/content/drive/MyDrive/CD2_DSA/raw/val/images/17006_20210622_3_1_a9_3_2_13_1_127.jpg,1,1
5265_20210622_3_1_a9_3_2_13_2_141,/content/drive/MyDrive/CD2_DSA/raw/val/images/5265_20210622_3_1_a9_3_2_13_2_141.jpg,1,1
308848_20210914_3_0_0_5_2_11_0_324,/content/drive/MyDrive/CD2_DSA/raw/val/images/308848_20210914_3_0_0_5_2_11_0_324.jpg,0,0
6617_20210622_3_1_a9_3_2_13_1_145,/content/drive/MyDrive/CD2_DSA/raw/val/images/6617_20210622_3_1_a9_3_2_13_1_145.jpg,1,0
15144_20210622_3_1_a9_3_2_13_3_55,/content/drive/MyDrive/CD2_DSA/raw/val/images/15144_20210622_3_1_a9_3_2_13_3_55.jpg,1,1
304103_20210913_3_0_0_3_2_11_0_340,/content/drive/MyDrive/CD2_DSA/raw/val/images/304103_20210913_3_0_0_3_2_11_0_340.jpg,0,0
312218_20210914_3_0_0_3_2_11_0_341,/content/drive/MyDrive/CD2_DSA/raw/val/images/312218_20210914_3_0_0_3_2_11_0_341.jpg,0,0
308688_20210914_3_0_0_5_2_11_0_165,/content/drive/MyDrive/CD2_DSA/raw/val/images/308688_20210914_3_0_0_5_2_11_0_165.jpg,0,0
785_20210622_3_1_a9_3_2_13_1_150,/content/drive/MyDrive/CD2_DSA/raw/val/images/785_20210622_3_1_a9_3_2_13_1_150.jpg,1,1
3658_20210629_3_1_a9_3_2_13_2_37,/content/drive/MyDrive/CD2_DSA/raw/val/images/3658_20210629_3_1_a9_3_2_13_2_37.jpg,1,1
5620_20210622_3_1_a9_3_2_13_1_5,/content/drive/MyDrive/CD2_DSA/raw/val/images/5620_20210622_3_1_a9_3_2_13_1_5.jpg,1,1
16442_20210706_3_1_a9_3_2_13_2_358,/content/drive/MyDrive/CD2_DSA/raw/val/images/16442_20210706_3_1_a9_3_2_13_2_358.jpg,1,0
15411_20210622_3_1_a9_3_2_13_3_115,/content/drive/MyDrive/CD2_DSA/raw/val/images/15411_20210622_3_1_a9_3_2_13_3_115.jpg,1,1
1747_20210622_3_1_a9_3_2_13_2_319,/content/drive/MyDrive/CD2_DSA/raw/val/images/1747_20210622_3_1_a9_3_2_13_2_319.jpg,1,1
307884_20210914_3_0_0_5_2_11_0_81,/content/drive/MyDrive/CD2_DSA/raw/val/images/307884_20210914_3_0_0_5_2_11_0_81.jpg,0,0
66015_20210624_3_0_0_4_2_13_0_146,/content/drive/MyDrive/CD2_DSA/raw/val/images/66015_20210624_3_0_0_4_2_13_0_146.jpg,0,0
125663_20210624_3_0_0_2_2_13_0_67,/content/drive/MyDrive/CD2_DSA/raw/val/images/125663_20210624_3_0_0_2_2_13_0_67.jpg,0,0
16057_20210706_3_1_a9_3_2_13_2_67,/content/drive/MyDrive/CD2_DSA/raw/val/images/16057_20210706_3_1_a9_3_2_13_2_67.jpg,1,1
3228_20210629_3_1_a9_3_2_13_1_83,/content/drive/MyDrive/CD2_DSA/raw/val/images/3228_20210629_3_1_a9_3_2_13_1_83.jpg,1,1
126071_20210624_3_0_0_5_2_13_0_6,/content/drive/MyDrive/CD2_DSA/raw/val/images/126071_20210624_3_0_0_5_2_13_0_6.jpg,0,0
10495_20210624_3_0_0_3_2_13_0_1,/content/drive/MyDrive/CD2_DSA/raw/val/images/10495_20210624_3_0_0_3_2_13_0_1.jpg,0,0
170833_20210624_3_0_0_5_2_13_0_27,/content/drive/MyDrive/CD2_DSA/raw/val/images/170833_20210624_3_0_0_5_2_13_0_27.jpg,0,0
15699_20210706_3_1_a9_3_2_13_3_130,/content/drive/MyDrive/CD2_DSA/raw/val/images/15699_20210706_3_1_a9_3_2_13_3_130.jpg,1,1
6778_20210624_3_0_0_1_2_13_0_3,/content/drive/MyDrive/CD2_DSA/raw/val/images/6778_20210624_3_0_0_1_2_13_0_3.jpg,0,0
34067_20210624_3_0_0_3_2_13_0_15,/content/drive/MyDrive/CD2_DSA/raw/val/images/34067_20210624_3_0_0_3_2_13_0_15.jpg,0,0
25701_20210624_3_0_0_5_2_13_0_125,/content/drive/MyDrive/CD2_DSA/raw/val/images/25701_20210624_3_0_0_5_2_13_0_125.jpg,0,0
7147_20210624_3_0_0_1_2_13_0_191,/content/drive/MyDrive/CD2_DSA/raw/val/images/7147_20210624_3_0_0_1_2_13_0_191.jpg,0,0
15784_20210622_3_1_a9_3_2_13_2_25,/content/drive/MyDrive/CD2_DSA/raw/val/images/15784_20210622_3_1_a9_3_2_13_2_25.jpg,1,0
307427_20210914_3_0_0_3_2_11_0_27,/content/drive/MyDrive/CD2_DSA/raw/val/images/307427_20210914_3_0_0_3_2_11_0_27.jpg,0,0
65872_20210624_3_0_0_4_2_13_0_3,/content/drive/MyDrive/CD2_DSA/raw/val/images/65872_20210624_3_0_0_4_2_13_0_3.jpg,0,0
125638_20210624_3_0_0_2_2_13_0_42,/content/drive/MyDrive/CD2_DSA/raw/val/images/125638_20210624_3_0_0_2_2_13_0_42.jpg,0,0
7194_20210624_3_0_0_1_2_13_0_238,/content/drive/MyDrive/CD2_DSA/raw/val/images/7194_20210624_3_0_0_1_2_13_0_238.jpg,0,0
312156_20210914_3_0_0_3_2_11_0_279,/content/drive/MyDrive/CD2_DSA/raw/val/images/312156_20210914_3_0_0_3_2_11_0_279.jpg,0,0
1687_20210622_3_1_a9_3_2_13_2_259,/content/drive/MyDrive/CD2_DSA/raw/val/images/1687_20210622_3_1_a9_3_2_13_2_259.jpg,1,1
95264_20210624_3_0_0_1_2_13_0_85,/content/drive/MyDrive/CD2_DSA/raw/val/images/95264_20210624_3_0_0_1_2_13_0_85.jpg,0,0
308702_20210914_3_0_0_5_2_11_0_179,/content/drive/MyDrive/CD2_DSA/raw/val/images/308702_20210914_3_0_0_5_2_11_0_179.jpg,0,0
86855_20210624_3_0_0_1_2_13_0_180,/content/drive/MyDrive/CD2_DSA/raw/val/images/86855_20210624_3_0_0_1_2_13_0_180.jpg,0,0
7098_20210624_3_0_0_1_2_13_0_142,/content/drive/MyDrive/CD2_DSA/raw/val/images/7098_20210624_3_0_0_1_2_13_0_142.jpg,0,0
106558_20210624_3_0_0_1_2_13_0_155,/content/drive/MyDrive/CD2_DSA/raw/val/images/106558_20210624_3_0_0_1_2_13_0_155.jpg,0,0
67491_20210624_3_0_0_1_2_13_0_92,/content/drive/MyDrive/CD2_DSA/raw/val/images/67491_20210624_3_0_0_1_2_13_0_92.jpg,0,0
16241_20210706_3_1_a9_3_2_13_2_171,/content/drive/MyDrive/CD2_DSA/raw/val/images/16241_20210706_3_1_a9_3_2_13_2_171.jpg,1,1
83199_20210624_3_0_0_1_2_13_0_112,/content/drive/MyDrive/CD2_DSA/raw/val/images/83199_20210624_3_0_0_1_2_13_0_112.jpg,0,0
49123_20210624_3_0_0_1_2_13_0_197,/content/drive/MyDrive/CD2_DSA/raw/val/images/49123_20210624_3_0_0_1_2_13_0_197.jpg,0,0
749_20210622_3_1_a9_3_2_13_1_114,/content/drive/MyDrive/CD2_DSA/raw/val/images/749_20210622_3_1_a9_3_2_13_1_114.jpg,1,1
304313_20210913_3_0_0_3_2_11_0_550,/content/drive/MyDrive/CD2_DSA/raw/val/images/304313_20210913_3_0_0_3_2_11_0_550.jpg,0,0
806_20210622_3_1_a9_3_2_13_3_4,/content/drive/MyDrive/CD2_DSA/raw/val/images/806_20210622_3_1_a9_3_2_13_3_4.jpg,1,1
170877_20210624_3_0_0_5_2_13_0_71,/content/drive/MyDrive/CD2_DSA/raw/val/images/170877_20210624_3_0_0_5_2_13_0_71.jpg,0,0
95202_20210624_3_0_0_1_2_13_0_23,/content/drive/MyDrive/CD2_DSA/raw/val/images/95202_20210624_3_0_0_1_2_13_0_23.jpg,0,0
308140_20210914_3_0_0_3_2_11_0_40,/content/drive/MyDrive/CD2_DSA/raw/val/images/308140_20210914_3_0_0_3_2_11_0_40.jpg,0,0
308707_20210914_3_0_0_5_2_11_0_184,/content/drive/MyDrive/CD2_DSA/raw/val/images/308707_20210914_3_0_0_5_2_11_0_184.jpg,0,0
6303_20210622_3_1_a9_3_2_13_1_102,/content/drive/MyDrive/CD2_DSA/raw/val/images/6303_20210622_3_1_a9_3_2_13_1_102.jpg,1,1
67451_20210624_3_0_0_1_2_13_0_52,/content/drive/MyDrive/CD2_DSA/raw/val/images/67451_20210624_3_0_0_1_2_13_0_52.jpg,0,0
312188_20210914_3_0_0_3_2_11_0_311,/content/drive/MyDrive/CD2_DSA/raw/val/images/312188_20210914_3_0_0_3_2_11_0_311.jpg,0,0
106572_20210624_3_0_0_1_2_13_0_169,/content/drive/MyDrive/CD2_DSA/raw/val/images/106572_20210624_3_0_0_1_2_13_0_169.jpg,0,0
1127_20210624_3_0_0_1_2_13_0_182,/content/drive/MyDrive/CD2_DSA/raw/val/images/1127_20210624_3_0_0_1_2_13_0_182.jpg,0,0
2600_20210624_3_0_0_3_2_13_0_186,/content/drive/MyDrive/CD2_DSA/raw/val/images/2600_20210624_3_0_0_3_2_13_0_186.jpg,0,0
15417_20210622_3_1_a9_3_2_13_3_121,/content/drive/MyDrive/CD2_DSA/raw/val/images/15417_20210622_3_1_a9_3_2_13_3_121.jpg,1,1
7167_20210624_3_0_0_1_2_13_0_211,/content/drive/MyDrive/CD2_DSA/raw/val/images/7167_20210624_3_0_0_1_2_13_0_211.jpg,0,0
10530_20210624_3_0_0_3_2_13_0_36,/content/drive/MyDrive/CD2_DSA/raw/val/images/10530_20210624_3_0_0_3_2_13_0_36.jpg,0,0
307958_20210914_3_0_0_5_2_11_0_155,/content/drive/MyDrive/CD2_DSA/raw/val/images/307958_20210914_3_0_0_5_2_11_0_155.jpg,0,0
7180_20210624_3_0_0_1_2_13_0_224,/content/drive/MyDrive/CD2_DSA/raw/val/images/7180_20210624_3_0_0_1_2_13_0_224.jpg,0,0
86167_20210624_3_0_0_1_2_13_0_26,/content/drive/MyDrive/CD2_DSA/raw/val/images/86167_20210624_3_0_0_1_2_13_0_26.jpg,0,0
307660_20210914_3_0_0_3_2_11_0_260,/content/drive/MyDrive/CD2_DSA/raw/val/images/307660_20210914_3_0_0_3_2_11_0_260.jpg,0,0
16598_20210706_3_1_a9_3_2_13_2_449,/content/drive/MyDrive/CD2_DSA/raw/val/images/16598_20210706_3_1_a9_3_2_13_2_449.jpg,1,1
1748_20210622_3_1_a9_3_2_13_2_320,/content/drive/MyDrive/CD2_DSA/raw/val/images/1748_20210622_3_1_a9_3_2_13_2_320.jpg,1,1
307531_20210914_3_0_0_3_2_11_0_131,/content/drive/MyDrive/CD2_DSA/raw/val/images/307531_20210914_3_0_0_3_2_11_0_131.jpg,0,0
32307_20210624_3_0_0_4_2_13_0_10,/content/drive/MyDrive/CD2_DSA/raw/val/images/32307_20210624_3_0_0_4_2_13_0_10.jpg,0,0
307686_20210914_3_0_0_3_2_11_0_286,/content/drive/MyDrive/CD2_DSA/raw/val/images/307686_20210914_3_0_0_3_2_11_0_286.jpg,0,0
83283_20210624_3_0_0_1_2_13_0_196,/content/drive/MyDrive/CD2_DSA/raw/val/images/83283_20210624_3_0_0_1_2_13_0_196.jpg,0,0
95455_20210624_3_0_0_1_2_13_0_121,/content/drive/MyDrive/CD2_DSA/raw/val/images/95455_20210624_3_0_0_1_2_13_0_121.jpg,0,0
311764_20210803_3_0_0_3_2_11_0_96,/content/drive/MyDrive/CD2_DSA/raw/val/images/311764_20210803_3_0_0_3_2_11_0_96.jpg,0,0
308737_20210914_3_0_0_5_2_11_0_213,/content/drive/MyDrive/CD2_DSA/raw/val/images/308737_20210914_3_0_0_5_2_11_0_213.jpg,0,0
83285_20210624_3_0_0_1_2_13_0_198,/content/drive/MyDrive/CD2_DSA/raw/val/images/83285_20210624_3_0_0_1_2_13_0_198.jpg,0,0
109502_20210624_3_0_0_3_2_13_0_116,/content/drive/MyDrive/CD2_DSA/raw/val/images/109502_20210624_3_0_0_3_2_13_0_116.jpg,0,0
308815_20210914_3_0_0_5_2_11_0_291,/content/drive/MyDrive/CD2_DSA/raw/val/images/308815_20210914_3_0_0_5_2_11_0_291.jpg,0,0
1705_20210622_3_1_a9_3_2_13_2_277,/content/drive/MyDrive/CD2_DSA/raw/val/images/1705_20210622_3_1_a9_3_2_13_2_277.jpg,1,1
308642_20210914_3_0_0_5_2_11_0_119,/content/drive/MyDrive/CD2_DSA/raw/val/images/308642_20210914_3_0_0_5_2_11_0_119.jpg,0,0
308872_20210914_3_0_0_5_2_11_0_348,/content/drive/MyDrive/CD2_DSA/raw/val/images/308872_20210914_3_0_0_5_2_11_0_348.jpg,0,0
15686_20210706_3_1_a9_3_2_13_3_117,/content/drive/MyDrive/CD2_DSA/raw/val/images/15686_20210706_3_1_a9_3_2_13_3_117.jpg,1,1
6890_20210624_3_0_0_1_2_13_0_115,/content/drive/MyDrive/CD2_DSA/raw/val/images/6890_20210624_3_0_0_1_2_13_0_115.jpg,0,0
9154_20210624_3_0_0_2_2_13_0_148,/content/drive/MyDrive/CD2_DSA/raw/val/images/9154_20210624_3_0_0_2_2_13_0_148.jpg,0,0
312063_20210914_3_0_0_3_2_11_0_186,/content/drive/MyDrive/CD2_DSA/raw/val/images/312063_20210914_3_0_0_3_2_11_0_186.jpg,0,0
307723_20210914_3_0_0_3_2_11_0_323,/content/drive/MyDrive/CD2_DSA/raw/val/images/307723_20210914_3_0_0_3_2_11_0_323.jpg,0,0
307801_20210914_3_0_0_3_2_11_0_401,/content/drive/MyDrive/CD2_DSA/raw/val/images/307801_20210914_3_0_0_3_2_11_0_401.jpg,0,0
883_20210622_3_1_a9_3_2_13_3_81,/content/drive/MyDrive/CD2_DSA/raw/val/images/883_20210622_3_1_a9_3_2_13_3_81.jpg,1,1
16487_20210706_3_1_a9_3_2_13_3_2,/content/drive/MyDrive/CD2_DSA/raw/val/images/16487_20210706_3_1_a9_3_2_13_3_2.jpg,1,0
15655_20210706_3_1_a9_3_2_13_3_86,/content/drive/MyDrive/CD2_DSA/raw/val/images/15655_20210706_3_1_a9_3_2_13_3_86.jpg,1,1
308558_20210914_3_0_0_5_2_11_0_34,/content/drive/MyDrive/CD2_DSA/raw/val/images/308558_20210914_3_0_0_5_2_11_0_34.jpg,0,0
170880_20210624_3_0_0_5_2_13_0_74,/content/drive/MyDrive/CD2_DSA/raw/val/images/170880_20210624_3_0_0_5_2_13_0_74.jpg,0,0
125071_20210624_3_0_0_1_2_13_0_102,/content/drive/MyDrive/CD2_DSA/raw/val/images/125071_20210624_3_0_0_1_2_13_0_102.jpg,0,0
67620_20210624_3_0_0_1_2_13_0_191,/content/drive/MyDrive/CD2_DSA/raw/val/images/67620_20210624_3_0_0_1_2_13_0_191.jpg,0,0
64651_20210624_3_0_0_1_2_13_0_15,/content/drive/MyDrive/CD2_DSA/raw/val/images/64651_20210624_3_0_0_1_2_13_0_15.jpg,0,0
1015_20210624_3_0_0_1_2_13_0_70,/content/drive/MyDrive/CD2_DSA/raw/val/images/1015_20210624_3_0_0_1_2_13_0_70.jpg,0,0
25188_20210624_3_0_0_5_2_13_0_56,/content/drive/MyDrive/CD2_DSA/raw/val/images/25188_20210624_3_0_0_5_2_13_0_56.jpg,0,0
3771_20210629_3_1_a9_3_2_13_2_101,/content/drive/MyDrive/CD2_DSA/raw/val/images/3771_20210629_3_1_a9_3_2_13_2_101.jpg,1,1
15602_20210706_3_1_a9_3_2_13_3_33,/content/drive/MyDrive/CD2_DSA/raw/val/images/15602_20210706_3_1_a9_3_2_13_3_33.jpg,1,1
83202_20210624_3_0_0_1_2_13_0_115,/content/drive/MyDrive/CD2_DSA/raw/val/images/83202_20210624_3_0_0_1_2_13_0_115.jpg,0,0
312234_20210914_3_0_0_3_2_11_0_357,/content/drive/MyDrive/CD2_DSA/raw/val/images/312234_20210914_3_0_0_3_2_11_0_357.jpg,0,0
1525_20210622_3_1_a9_3_2_13_2_97,/content/drive/MyDrive/CD2_DSA/raw/val/images/1525_20210622_3_1_a9_3_2_13_2_97.jpg,1,1
170844_20210624_3_0_0_5_2_13_0_38,/content/drive/MyDrive/CD2_DSA/raw/val/images/170844_20210624_3_0_0_5_2_13_0_38.jpg,0,0
71196_20210624_3_0_0_3_2_13_0_49,/content/drive/MyDrive/CD2_DSA/raw/val/images/71196_20210624_3_0_0_3_2_13_0_49.jpg,0,0
308348_20210914_3_0_0_3_2_11_0_248,/content/drive/MyDrive/CD2_DSA/raw/val/images/308348_20210914_3_0_0_3_2_11_0_248.jpg,0,0
16498_20210706_3_1_a9_3_2_13_3_13,/content/drive/MyDrive/CD2_DSA/raw/val/images/16498_20210706_3_1_a9_3_2_13_3_13.jpg,1,1
83280_20210624_3_0_0_1_2_13_0_193,/content/drive/MyDrive/CD2_DSA/raw/val/images/83280_20210624_3_0_0_1_2_13_0_193.jpg,0,0
15646_20210706_3_1_a9_3_2_13_3_77,/content/drive/MyDrive/CD2_DSA/raw/val/images/15646_20210706_3_1_a9_3_2_13_3_77.jpg,1,1
16861_20210622_3_1_a9_3_2_13_1_21,/content/drive/MyDrive/CD2_DSA/raw/val/images/16861_20210622_3_1_a9_3_2_13_1_21.jpg,1,1
304057_20210913_3_0_0_3_2_11_0_294,/content/drive/MyDrive/CD2_DSA/raw/val/images/304057_20210913_3_0_0_3_2_11_0_294.jpg,0,0
307616_20210914_3_0_0_3_2_11_0_216,/content/drive/MyDrive/CD2_DSA/raw/val/images/307616_20210914_3_0_0_3_2_11_0_216.jpg,0,0
308561_20210914_3_0_0_5_2_11_0_37,/content/drive/MyDrive/CD2_DSA/raw/val/images/308561_20210914_3_0_0_5_2_11_0_37.jpg,0,0
106576_20210624_3_0_0_1_2_13_0_173,/content/drive/MyDrive/CD2_DSA/raw/val/images/106576_20210624_3_0_0_1_2_13_0_173.jpg,0,0
308548_20210914_3_0_0_5_2_11_0_24,/content/drive/MyDrive/CD2_DSA/raw/val/images/308548_20210914_3_0_0_5_2_11_0_24.jpg,0,0
16230_20210706_3_1_a9_3_2_13_2_160,/content/drive/MyDrive/CD2_DSA/raw/val/images/16230_20210706_3_1_a9_3_2_13_2_160.jpg,1,1
15373_20210622_3_1_a9_3_2_13_3_77,/content/drive/MyDrive/CD2_DSA/raw/val/images/15373_20210622_3_1_a9_3_2_13_3_77.jpg,1,0
106593_20210624_3_0_0_1_2_13_0_190,/content/drive/MyDrive/CD2_DSA/raw/val/images/106593_20210624_3_0_0_1_2_13_0_190.jpg,0,0
86743_20210624_3_0_0_5_2_13_0_112,/content/drive/MyDrive/CD2_DSA/raw/val/images/86743_20210624_3_0_0_5_2_13_0_112.jpg,0,0
1495_20210622_3_1_a9_3_2_13_2_67,/content/drive/MyDrive/CD2_DSA/raw/val/images/1495_20210622_3_1_a9_3_2_13_2_67.jpg,1,0
308657_20210914_3_0_0_5_2_11_0_134,/content/drive/MyDrive/CD2_DSA/raw/val/images/308657_20210914_3_0_0_5_2_11_0_134.jpg,0,0
6456_20210622_3_1_a9_3_2_13_1_105,/content/drive/MyDrive/CD2_DSA/raw/val/images/6456_20210622_3_1_a9_3_2_13_1_105.jpg,1,1
123884_20210624_3_0_0_4_2_13_0_48,/content/drive/MyDrive/CD2_DSA/raw/val/images/123884_20210624_3_0_0_4_2_13_0_48.jpg,0,0
16105_20210706_3_1_a9_3_2_13_2_115,/content/drive/MyDrive/CD2_DSA/raw/val/images/16105_20210706_3_1_a9_3_2_13_2_115.jpg,1,1
1734_20210622_3_1_a9_3_2_13_2_306,/content/drive/MyDrive/CD2_DSA/raw/val/images/1734_20210622_3_1_a9_3_2_13_2_306.jpg,1,0
308236_20210914_3_0_0_3_2_11_0_136,/content/drive/MyDrive/CD2_DSA/raw/val/images/308236_20210914_3_0_0_3_2_11_0_136.jpg,0,0
15102_20210622_3_1_a9_3_2_13_3_13,/content/drive/MyDrive/CD2_DSA/raw/val/images/15102_20210622_3_1_a9_3_2_13_3_13.jpg,1,1
11454_20210624_3_0_0_1_2_13_0_110,/content/drive/MyDrive/CD2_DSA/raw/val/images/11454_20210624_3_0_0_1_2_13_0_110.jpg,0,0
67489_20210624_3_0_0_1_2_13_0_90,/content/drive/MyDrive/CD2_DSA/raw/val/images/67489_20210624_3_0_0_1_2_13_0_90.jpg,0,0
48939_20210624_3_0_0_1_2_13_0_13,/content/drive/MyDrive/CD2_DSA/raw/val/images/48939_20210624_3_0_0_1_2_13_0_13.jpg,0,0
308182_20210914_3_0_0_3_2_11_0_82,/content/drive/MyDrive/CD2_DSA/raw/val/images/308182_20210914_3_0_0_3_2_11_0_82.jpg,0,0
308144_20210914_3_0_0_3_2_11_0_44,/content/drive/MyDrive/CD2_DSA/raw/val/images/308144_20210914_3_0_0_3_2_11_0_44.jpg,0,0
95270_20210624_3_0_0_1_2_13_0_91,/content/drive/MyDrive/CD2_DSA/raw/val/images/95270_20210624_3_0_0_1_2_13_0_91.jpg,0,0
16350_20210706_3_1_a9_3_2_13_2_280,/content/drive/MyDrive/CD2_DSA/raw/val/images/16350_20210706_3_1_a9_3_2_13_2_280.jpg,1,1
3700_20210629_3_1_a9_3_2_13_2_79,/content/drive/MyDrive/CD2_DSA/raw/val/images/3700_20210629_3_1_a9_3_2_13_2_79.jpg,1,1
3762_20210622_3_1_a9_3_2_13_3_40,/content/drive/MyDrive/CD2_DSA/raw/val/images/3762_20210622_3_1_a9_3_2_13_3_40.jpg,1,1
86163_20210624_3_0_0_1_2_13_0_22,/content/drive/MyDrive/CD2_DSA/raw/val/images/86163_20210624_3_0_0_1_2_13_0_22.jpg,0,0
1040_20210624_3_0_0_1_2_13_0_95,/content/drive/MyDrive/CD2_DSA/raw/val/images/1040_20210624_3_0_0_1_2_13_0_95.jpg,0,0
1048_20210624_3_0_0_1_2_13_0_103,/content/drive/MyDrive/CD2_DSA/raw/val/images/1048_20210624_3_0_0_1_2_13_0_103.jpg,0,0
16877_20210622_3_1_a9_3_2_13_1_37,/content/drive/MyDrive/CD2_DSA/raw/val/images/16877_20210622_3_1_a9_3_2_13_1_37.jpg,1,1
16744_20210713_3_1_a9_3_2_13_3_6,/content/drive/MyDrive/CD2_DSA/raw/val/images/16744_20210713_3_1_a9_3_2_13_3_6.jpg,1,1
308024_20210914_3_0_0_5_2_11_0_221,/content/drive/MyDrive/CD2_DSA/raw/val/images/308024_20210914_3_0_0_5_2_11_0_221.jpg,0,0
15845_20210622_3_1_a9_3_2_13_2_86,/content/drive/MyDrive/CD2_DSA/raw/val/images/15845_20210622_3_1_a9_3_2_13_2_86.jpg,1,1
308606_20210914_3_0_0_5_2_11_0_82,/content/drive/MyDrive/CD2_DSA/raw/val/images/308606_20210914_3_0_0_5_2_11_0_82.jpg,0,0
2348_20210624_3_0_0_3_2_13_0_35,/content/drive/MyDrive/CD2_DSA/raw/val/images/2348_20210624_3_0_0_3_2_13_0_35.jpg,0,0
12734_20210624_3_0_0_1_2_13_0_171,/content/drive/MyDrive/CD2_DSA/raw/val/images/12734_20210624_3_0_0_1_2_13_0_171.jpg,0,0
308022_20210914_3_0_0_5_2_11_0_219,/content/drive/MyDrive/CD2_DSA/raw/val/images/308022_20210914_3_0_0_5_2_11_0_219.jpg,0,0
4503_20210622_3_1_a9_3_2_13_2_71,/content/drive/MyDrive/CD2_DSA/raw/val/images/4503_20210622_3_1_a9_3_2_13_2_71.jpg,1,1
956_20210624_3_0_0_1_2_13_0_11,/content/drive/MyDrive/CD2_DSA/raw/val/images/956_20210624_3_0_0_1_2_13_0_11.jpg,0,0
3612_20210629_3_1_a9_3_2_13_1_261,/content/drive/MyDrive/CD2_DSA/raw/val/images/3612_20210629_3_1_a9_3_2_13_1_261.jpg,1,1
15506_20210622_3_1_a9_3_2_13_3_210,/content/drive/MyDrive/CD2_DSA/raw/val/images/15506_20210622_3_1_a9_3_2_13_3_210.jpg,1,0
307842_20210914_3_0_0_5_2_11_0_39,/content/drive/MyDrive/CD2_DSA/raw/val/images/307842_20210914_3_0_0_5_2_11_0_39.jpg,0,0
16512_20210706_3_1_a9_3_2_13_3_27,/content/drive/MyDrive/CD2_DSA/raw/val/images/16512_20210706_3_1_a9_3_2_13_3_27.jpg,1,1
15093_20210622_3_1_a9_3_2_13_3_4,/content/drive/MyDrive/CD2_DSA/raw/val/images/15093_20210622_3_1_a9_3_2_13_3_4.jpg,1,0
67458_20210624_3_0_0_1_2_13_0_59,/content/drive/MyDrive/CD2_DSA/raw/val/images/67458_20210624_3_0_0_1_2_13_0_59.jpg,0,0
108271_20210624_3_0_0_2_2_13_0_144,/content/drive/MyDrive/CD2_DSA/raw/val/images/108271_20210624_3_0_0_2_2_13_0_144.jpg,0,0
308574_20210914_3_0_0_5_2_11_0_50,/content/drive/MyDrive/CD2_DSA/raw/val/images/308574_20210914_3_0_0_5_2_11_0_50.jpg,0,0
304255_20210913_3_0_0_3_2_11_0_492,/content/drive/MyDrive/CD2_DSA/raw/val/images/304255_20210913_3_0_0_3_2_11_0_492.jpg,0,0
307968_20210914_3_0_0_5_2_11_0_165,/content/drive/MyDrive/CD2_DSA/raw/val/images/307968_20210914_3_0_0_5_2_11_0_165.jpg,0,0
7783_20210622_3_1_a9_3_2_13_1_231,/content/drive/MyDrive/CD2_DSA/raw/val/images/7783_20210622_3_1_a9_3_2_13_1_231.jpg,1,1
126108_20210624_3_0_0_5_2_13_0_43,/content/drive/MyDrive/CD2_DSA/raw/val/images/126108_20210624_3_0_0_5_2_13_0_43.jpg,0,0
1077_20210624_3_0_0_1_2_13_0_132,/content/drive/MyDrive/CD2_DSA/raw/val/images/1077_20210624_3_0_0_1_2_13_0_132.jpg,0,0
16660_20210706_3_1_a9_3_2_13_2_511,/content/drive/MyDrive/CD2_DSA/raw/val/images/16660_20210706_3_1_a9_3_2_13_2_511.jpg,1,1
17074_20210622_3_1_a9_3_2_13_1_195,/content/drive/MyDrive/CD2_DSA/raw/val/images/17074_20210622_3_1_a9_3_2_13_1_195.jpg,1,1
95208_20210624_3_0_0_1_2_13_0_29,/content/drive/MyDrive/CD2_DSA/raw/val/images/95208_20210624_3_0_0_1_2_13_0_29.jpg,0,0
308752_20210914_3_0_0_5_2_11_0_228,/content/drive/MyDrive/CD2_DSA/raw/val/images/308752_20210914_3_0_0_5_2_11_0_228.jpg,0,0
16646_20210706_3_1_a9_3_2_13_2_497,/content/drive/MyDrive/CD2_DSA/raw/val/images/16646_20210706_3_1_a9_3_2_13_2_497.jpg,1,1
5258_20210622_3_1_a9_3_2_13_2_134,/content/drive/MyDrive/CD2_DSA/raw/val/images/5258_20210622_3_1_a9_3_2_13_2_134.jpg,1,1
95485_20210624_3_0_0_1_2_13_0_151,/content/drive/MyDrive/CD2_DSA/raw/val/images/95485_20210624_3_0_0_1_2_13_0_151.jpg,0,0
125069_20210624_3_0_0_1_2_13_0_100,/content/drive/MyDrive/CD2_DSA/raw/val/images/125069_20210624_3_0_0_1_2_13_0_100.jpg,0,0
1021_20210624_3_0_0_1_2_13_0_76,/content/drive/MyDrive/CD2_DSA/raw/val/images/1021_20210624_3_0_0_1_2_13_0_76.jpg,0,0
307758_20210914_3_0_0_3_2_11_0_358,/content/drive/MyDrive/CD2_DSA/raw/val/images/307758_20210914_3_0_0_3_2_11_0_358.jpg,0,0
15897_20210622_3_1_a9_3_2_13_2_138,/content/drive/MyDrive/CD2_DSA/raw/val/images/15897_20210622_3_1_a9_3_2_13_2_138.jpg,1,1
16524_20210706_3_1_a9_3_2_13_3_39,/content/drive/MyDrive/CD2_DSA/raw/val/images/16524_20210706_3_1_a9_3_2_13_3_39.jpg,1,1
1114_20210624_3_0_0_1_2_13_0_169,/content/drive/MyDrive/CD2_DSA/raw/val/images/1114_20210624_3_0_0_1_2_13_0_169.jpg,0,0
15683_20210706_3_1_a9_3_2_13_3_114,/content/drive/MyDrive/CD2_DSA/raw/val/images/15683_20210706_3_1_a9_3_2_13_3_114.jpg,1,1
304040_20210913_3_0_0_3_2_11_0_277,/content/drive/MyDrive/CD2_DSA/raw/val/images/304040_20210913_3_0_0_3_2_11_0_277.jpg,0,0
86568_20210624_3_0_0_1_2_13_0_137,/content/drive/MyDrive/CD2_DSA/raw/val/images/86568_20210624_3_0_0_1_2_13_0_137.jpg,0,0
304153_20210913_3_0_0_3_2_11_0_390,/content/drive/MyDrive/CD2_DSA/raw/val/images/304153_20210913_3_0_0_3_2_11_0_390.jpg,0,0
307814_20210914_3_0_0_5_2_11_0_11,/content/drive/MyDrive/CD2_DSA/raw/val/images/307814_20210914_3_0_0_5_2_11_0_11.jpg,0,0
16310_20210706_3_1_a9_3_2_13_2_240,/content/drive/MyDrive/CD2_DSA/raw/val/images/16310_20210706_3_1_a9_3_2_13_2_240.jpg,1,1
304327_20210913_3_0_0_3_2_11_0_564,/content/drive/MyDrive/CD2_DSA/raw/val/images/304327_20210913_3_0_0_3_2_11_0_564.jpg,0,0
984_20210624_3_0_0_1_2_13_0_39,/content/drive/MyDrive/CD2_DSA/raw/val/images/984_20210624_3_0_0_1_2_13_0_39.jpg,0,0
308056_20210914_3_0_0_5_2_11_0_253,/content/drive/MyDrive/CD2_DSA/raw/val/images/308056_20210914_3_0_0_5_2_11_0_253.jpg,0,0
1722_20210622_3_1_a9_3_2_13_2_294,/content/drive/MyDrive/CD2_DSA/raw/val/images/1722_20210622_3_1_a9_3_2_13_2_294.jpg,1,1
68526_20210624_3_0_0_2_2_13_0_36,/content/drive/MyDrive/CD2_DSA/raw/val/images/68526_20210624_3_0_0_2_2_13_0_36.jpg,0,0
66281_20210624_3_0_0_4_2_13_0_182,/content/drive/MyDrive/CD2_DSA/raw/val/images/66281_20210624_3_0_0_4_2_13_0_182.jpg,0,0
1089_20210624_3_0_0_1_2_13_0_144,/content/drive/MyDrive/CD2_DSA/raw/val/images/1089_20210624_3_0_0_1_2_13_0_144.jpg,0,0
16333_20210706_3_1_a9_3_2_13_2_263,/content/drive/MyDrive/CD2_DSA/raw/val/images/16333_20210706_3_1_a9_3_2_13_2_263.jpg,1,1
16615_20210706_3_1_a9_3_2_13_2_466,/content/drive/MyDrive/CD2_DSA/raw/val/images/16615_20210706_3_1_a9_3_2_13_2_466.jpg,1,0
71190_20210624_3_0_0_3_2_13_0_43,/content/drive/MyDrive/CD2_DSA/raw/val/images/71190_20210624_3_0_0_3_2_13_0_43.jpg,0,0
4388_20210622_3_1_a9_3_2_13_2_56,/content/drive/MyDrive/CD2_DSA/raw/val/images/4388_20210622_3_1_a9_3_2_13_2_56.jpg,1,1
5254_20210622_3_1_a9_3_2_13_2_130,/content/drive/MyDrive/CD2_DSA/raw/val/images/5254_20210622_3_1_a9_3_2_13_2_130.jpg,1,1
16021_20210706_3_1_a9_3_2_13_2_31,/content/drive/MyDrive/CD2_DSA/raw/val/images/16021_20210706_3_1_a9_3_2_13_2_31.jpg,1,1
307609_20210914_3_0_0_3_2_11_0_209,/content/drive/MyDrive/CD2_DSA/raw/val/images/307609_20210914_3_0_0_3_2_11_0_209.jpg,0,0
307639_20210914_3_0_0_3_2_11_0_239,/content/drive/MyDrive/CD2_DSA/raw/val/images/307639_20210914_3_0_0_3_2_11_0_239.jpg,0,0
16879_20210622_3_1_a9_3_2_13_1_39,/content/drive/MyDrive/CD2_DSA/raw/val/images/16879_20210622_3_1_a9_3_2_13_1_39.jpg,1,1
65903_20210624_3_0_0_4_2_13_0_34,/content/drive/MyDrive/CD2_DSA/raw/val/images/65903_20210624_3_0_0_4_2_13_0_34.jpg,0,0
311929_20210914_3_0_0_3_2_11_0_52,/content/drive/MyDrive/CD2_DSA/raw/val/images/311929_20210914_3_0_0_3_2_11_0_52.jpg,0,0
312016_20210914_3_0_0_3_2_11_0_139,/content/drive/MyDrive/CD2_DSA/raw/val/images/312016_20210914_3_0_0_3_2_11_0_139.jpg,0,0
124677_20210624_3_0_0_1_2_13_0_28,/content/drive/MyDrive/CD2_DSA/raw/val/images/124677_20210624_3_0_0_1_2_13_0_28.jpg,0,0
1059_20210624_3_0_0_1_2_13_0_114,/content/drive/MyDrive/CD2_DSA/raw/val/images/1059_20210624_3_0_0_1_2_13_0_114.jpg,0,0
14609_20210624_3_0_0_3_2_13_0_121,/content/drive/MyDrive/CD2_DSA/raw/val/images/14609_20210624_3_0_0_3_2_13_0_121.jpg,0,0
311722_20210803_3_0_0_3_2_11_0_54,/content/drive/MyDrive/CD2_DSA/raw/val/images/311722_20210803_3_0_0_3_2_11_0_54.jpg,0,0
4719_20210622_3_1_a9_3_2_13_2_87,/content/drive/MyDrive/CD2_DSA/raw/val/images/4719_20210622_3_1_a9_3_2_13_2_87.jpg,1,1
1046_20210624_3_0_0_1_2_13_0_101,/content/drive/MyDrive/CD2_DSA/raw/val/images/1046_20210624_3_0_0_1_2_13_0_101.jpg,0,0
1695_20210622_3_1_a9_3_2_13_2_267,/content/drive/MyDrive/CD2_DSA/raw/val/images/1695_20210622_3_1_a9_3_2_13_2_267.jpg,1,1
15824_20210622_3_1_a9_3_2_13_2_65,/content/drive/MyDrive/CD2_DSA/raw/val/images/15824_20210622_3_1_a9_3_2_13_2_65.jpg,1,0
15121_20210622_3_1_a9_3_2_13_3_32,/content/drive/MyDrive/CD2_DSA/raw/val/images/15121_20210622_3_1_a9_3_2_13_3_32.jpg,1,1
25353_20210624_3_0_0_5_2_13_0_78,/content/drive/MyDrive/CD2_DSA/raw/val/images/25353_20210624_3_0_0_5_2_13_0_78.jpg,0,0
311998_20210914_3_0_0_3_2_11_0_121,/content/drive/MyDrive/CD2_DSA/raw/val/images/311998_20210914_3_0_0_3_2_11_0_121.jpg,0,0
312031_20210914_3_0_0_3_2_11_0_154,/content/drive/MyDrive/CD2_DSA/raw/val/images/312031_20210914_3_0_0_3_2_11_0_154.jpg,0,0
16335_20210706_3_1_a9_3_2_13_2_265,/content/drive/MyDrive/CD2_DSA/raw/val/images/16335_20210706_3_1_a9_3_2_13_2_265.jpg,1,1
3176_20210629_3_1_a9_3_2_13_1_31,/content/drive/MyDrive/CD2_DSA/raw/val/images/3176_20210629_3_1_a9_3_2_13_1_31.jpg,1,1
16818_20210713_3_1_a9_3_2_13_3_80,/content/drive/MyDrive/CD2_DSA/raw/val/images/16818_20210713_3_1_a9_3_2_13_3_80.jpg,1,0
308032_20210914_3_0_0_5_2_11_0_229,/content/drive/MyDrive/CD2_DSA/raw/val/images/308032_20210914_3_0_0_5_2_11_0_229.jpg,0,0
308196_20210914_3_0_0_3_2_11_0_96,/content/drive/MyDrive/CD2_DSA/raw/val/images/308196_20210914_3_0_0_3_2_11_0_96.jpg,0,0
15124_20210622_3_1_a9_3_2_13_3_35,/content/drive/MyDrive/CD2_DSA/raw/val/images/15124_20210622_3_1_a9_3_2_13_3_35.jpg,1,1
307932_20210914_3_0_0_5_2_11_0_129,/content/drive/MyDrive/CD2_DSA/raw/val/images/307932_20210914_3_0_0_5_2_11_0_129.jpg,0,0
307440_20210914_3_0_0_3_2_11_0_40,/content/drive/MyDrive/CD2_DSA/raw/val/images/307440_20210914_3_0_0_3_2_11_0_40.jpg,0,0
3852_20210629_3_1_a9_3_2_13_3_61,/content/drive/MyDrive/CD2_DSA/raw/val/images/3852_20210629_3_1_a9_3_2_13_3_61.jpg,1,1
16896_20210622_3_1_a9_3_2_13_1_56,/content/drive/MyDrive/CD2_DSA/raw/val/images/16896_20210622_3_1_a9_3_2_13_1_56.jpg,1,0
6902_20210624_3_0_0_1_2_13_0_127,/content/drive/MyDrive/CD2_DSA/raw/val/images/6902_20210624_3_0_0_1_2_13_0_127.jpg,0,0
312225_20210914_3_0_0_3_2_11_0_348,/content/drive/MyDrive/CD2_DSA/raw/val/images/312225_20210914_3_0_0_3_2_11_0_348.jpg,0,0
125625_20210624_3_0_0_2_2_13_0_29,/content/drive/MyDrive/CD2_DSA/raw/val/images/125625_20210624_3_0_0_2_2_13_0_29.jpg,0,0
16433_20210706_3_1_a9_3_2_13_2_349,/content/drive/MyDrive/CD2_DSA/raw/val/images/16433_20210706_3_1_a9_3_2_13_2_349.jpg,1,1
307502_20210914_3_0_0_3_2_11_0_102,/content/drive/MyDrive/CD2_DSA/raw/val/images/307502_20210914_3_0_0_3_2_11_0_102.jpg,0,0
125694_20210624_3_0_0_2_2_13_0_98,/content/drive/MyDrive/CD2_DSA/raw/val/images/125694_20210624_3_0_0_2_2_13_0_98.jpg,0,0
304078_20210913_3_0_0_3_2_11_0_315,/content/drive/MyDrive/CD2_DSA/raw/val/images/304078_20210913_3_0_0_3_2_11_0_315.jpg,0,0
311976_20210914_3_0_0_3_2_11_0_99,/content/drive/MyDrive/CD2_DSA/raw/val/images/311976_20210914_3_0_0_3_2_11_0_99.jpg,0,0
15368_20210622_3_1_a9_3_2_13_3_72,/content/drive/MyDrive/CD2_DSA/raw/val/images/15368_20210622_3_1_a9_3_2_13_3_72.jpg,1,1
25359_20210624_3_0_0_5_2_13_0_84,/content/drive/MyDrive/CD2_DSA/raw/val/images/25359_20210624_3_0_0_5_2_13_0_84.jpg,0,0
14357_20210624_3_0_0_3_2_13_0_79,/content/drive/MyDrive/CD2_DSA/raw/val/images/14357_20210624_3_0_0_3_2_13_0_79.jpg,0,0
95449_20210624_3_0_0_1_2_13_0_115,/content/drive/MyDrive/CD2_DSA/raw/val/images/95449_20210624_3_0_0_1_2_13_0_115.jpg,0,0
9151_20210624_3_0_0_2_2_13_0_145,/content/drive/MyDrive/CD2_DSA/raw/val/images/9151_20210624_3_0_0_2_2_13_0_145.jpg,0,0
7611_20210622_3_1_a9_3_2_13_1_224,/content/drive/MyDrive/CD2_DSA/raw/val/images/7611_20210622_3_1_a9_3_2_13_1_224.jpg,1,1
49868_20210624_3_0_0_3_2_13_0_6,/content/drive/MyDrive/CD2_DSA/raw/val/images/49868_20210624_3_0_0_3_2_13_0_6.jpg,0,0
6821_20210624_3_0_0_1_2_13_0_46,/content/drive/MyDrive/CD2_DSA/raw/val/images/6821_20210624_3_0_0_1_2_13_0_46.jpg,0,0
6877_20210624_3_0_0_1_2_13_0_102,/content/drive/MyDrive/CD2_DSA/raw/val/images/6877_20210624_3_0_0_1_2_13_0_102.jpg,0,0
15477_20210622_3_1_a9_3_2_13_3_181,/content/drive/MyDrive/CD2_DSA/raw/val/images/15477_20210622_3_1_a9_3_2_13_3_181.jpg,1,1
308773_20210914_3_0_0_5_2_11_0_249,/content/drive/MyDrive/CD2_DSA/raw/val/images/308773_20210914_3_0_0_5_2_11_0_249.jpg,0,0
16504_20210706_3_1_a9_3_2_13_3_19,/content/drive/MyDrive/CD2_DSA/raw/val/images/16504_20210706_3_1_a9_3_2_13_3_19.jpg,1,0
83210_20210624_3_0_0_1_2_13_0_123,/content/drive/MyDrive/CD2_DSA/raw/val/images/83210_20210624_3_0_0_1_2_13_0_123.jpg,0,0
6457_20210622_3_1_a9_3_2_13_1_106,/content/drive/MyDrive/CD2_DSA/raw/val/images/6457_20210622_3_1_a9_3_2_13_1_106.jpg,1,1
95207_20210624_3_0_0_1_2_13_0_28,/content/drive/MyDrive/CD2_DSA/raw/val/images/95207_20210624_3_0_0_1_2_13_0_28.jpg,0,0
3241_20210629_3_1_a9_3_2_13_1_96,/content/drive/MyDrive/CD2_DSA/raw/val/images/3241_20210629_3_1_a9_3_2_13_1_96.jpg,1,1
3829_20210629_3_1_a9_3_2_13_3_38,/content/drive/MyDrive/CD2_DSA/raw/val/images/3829_20210629_3_1_a9_3_2_13_3_38.jpg,1,1
308159_20210914_3_0_0_3_2_11_0_59,/content/drive/MyDrive/CD2_DSA/raw/val/images/308159_20210914_3_0_0_3_2_11_0_59.jpg,0,0
106223_20210624_3_0_0_1_2_13_0_20,/content/drive/MyDrive/CD2_DSA/raw/val/images/106223_20210624_3_0_0_1_2_13_0_20.jpg,0,0
86488_20210624_3_0_0_5_2_13_0_67,/content/drive/MyDrive/CD2_DSA/raw/val/images/86488_20210624_3_0_0_5_2_13_0_67.jpg,0,0
311980_20210914_3_0_0_3_2_11_0_103,/content/drive/MyDrive/CD2_DSA/raw/val/images/311980_20210914_3_0_0_3_2_11_0_103.jpg,0,0
3631_20210629_3_1_a9_3_2_13_2_10,/content/drive/MyDrive/CD2_DSA/raw/val/images/3631_20210629_3_1_a9_3_2_13_2_10.jpg,1,1
1019_20210624_3_0_0_1_2_13_0_74,/content/drive/MyDrive/CD2_DSA/raw/val/images/1019_20210624_3_0_0_1_2_13_0_74.jpg,0,0
9164_20210624_3_0_0_2_2_13_0_158,/content/drive/MyDrive/CD2_DSA/raw/val/images/9164_20210624_3_0_0_2_2_13_0_158.jpg,0,0
3578_20210629_3_1_a9_3_2_13_1_227,/content/drive/MyDrive/CD2_DSA/raw/val/images/3578_20210629_3_1_a9_3_2_13_1_227.jpg,1,1
16093_20210706_3_1_a9_3_2_13_2_103,/content/drive/MyDrive/CD2_DSA/raw/val/images/16093_20210706_3_1_a9_3_2_13_2_103.jpg,1,1
308763_20210914_3_0_0_5_2_11_0_239,/content/drive/MyDrive/CD2_DSA/raw/val/images/308763_20210914_3_0_0_5_2_11_0_239.jpg,0,0
1535_20210622_3_1_a9_3_2_13_2_107,/content/drive/MyDrive/CD2_DSA/raw/val/images/1535_20210622_3_1_a9_3_2_13_2_107.jpg,1,0
16601_20210706_3_1_a9_3_2_13_2_452,/content/drive/MyDrive/CD2_DSA/raw/val/images/16601_20210706_3_1_a9_3_2_13_2_452.jpg,1,1
11451_20210624_3_0_0_1_2_13_0_107,/content/drive/MyDrive/CD2_DSA/raw/val/images/11451_20210624_3_0_0_1_2_13_0_107.jpg,0,0
308291_20210914_3_0_0_3_2_11_0_191,/content/drive/MyDrive/CD2_DSA/raw/val/images/308291_20210914_3_0_0_3_2_11_0_191.jpg,0,0
16269_20210706_3_1_a9_3_2_13_2_199,/content/drive/MyDrive/CD2_DSA/raw/val/images/16269_20210706_3_1_a9_3_2_13_2_199.jpg,1,1
170810_20210624_3_0_0_5_2_13_0_4,/content/drive/MyDrive/CD2_DSA/raw/val/images/170810_20210624_3_0_0_5_2_13_0_4.jpg,0,0
308446_20210914_3_0_0_3_2_11_0_346,/content/drive/MyDrive/CD2_DSA/raw/val/images/308446_20210914_3_0_0_3_2_11_0_346.jpg,0,0
307747_20210914_3_0_0_3_2_11_0_347,/content/drive/MyDrive/CD2_DSA/raw/val/images/307747_20210914_3_0_0_3_2_11_0_347.jpg,0,0
6029_20210622_3_1_a9_3_2_13_1_78,/content/drive/MyDrive/CD2_DSA/raw/val/images/6029_20210622_3_1_a9_3_2_13_1_78.jpg,1,1
95502_20210624_3_0_0_1_2_13_0_168,/content/drive/MyDrive/CD2_DSA/raw/val/images/95502_20210624_3_0_0_1_2_13_0_168.jpg,0,0
846_20210622_3_1_a9_3_2_13_3_44,/content/drive/MyDrive/CD2_DSA/raw/val/images/846_20210622_3_1_a9_3_2_13_3_44.jpg,1,0
32319_20210624_3_0_0_4_2_13_0_22,/content/drive/MyDrive/CD2_DSA/raw/val/images/32319_20210624_3_0_0_4_2_13_0_22.jpg,0,0
312093_20210914_3_0_0_3_2_11_0_216,/content/drive/MyDrive/CD2_DSA/raw/val/images/312093_20210914_3_0_0_3_2_11_0_216.jpg,0,0
1079_20210624_3_0_0_1_2_13_0_134,/content/drive/MyDrive/CD2_DSA/raw/val/images/1079_20210624_3_0_0_1_2_13_0_134.jpg,0,0
834_20210622_3_1_a9_3_2_13_3_32,/content/drive/MyDrive/CD2_DSA/raw/val/images/834_20210622_3_1_a9_3_2_13_3_32.jpg,1,0
308268_20210914_3_0_0_3_2_11_0_168,/content/drive/MyDrive/CD2_DSA/raw/val/images/308268_20210914_3_0_0_3_2_11_0_168.jpg,0,0
125106_20210624_3_0_0_1_2_13_0_137,/content/drive/MyDrive/CD2_DSA/raw/val/images/125106_20210624_3_0_0_1_2_13_0_137.jpg,0,0
11559_20210624_3_0_0_1_2_13_0_114,/content/drive/MyDrive/CD2_DSA/raw/val/images/11559_20210624_3_0_0_1_2_13_0_114.jpg,0,0
16565_20210706_3_1_a9_3_2_13_2_416,/content/drive/MyDrive/CD2_DSA/raw/val/images/16565_20210706_3_1_a9_3_2_13_2_416.jpg,1,1
86581_20210624_3_0_0_1_2_13_0_150,/content/drive/MyDrive/CD2_DSA/raw/val/images/86581_20210624_3_0_0_1_2_13_0_150.jpg,0,0
15430_20210622_3_1_a9_3_2_13_3_134,/content/drive/MyDrive/CD2_DSA/raw/val/images/15430_20210622_3_1_a9_3_2_13_3_134.jpg,1,0
2415_20210624_3_0_0_4_2_13_0_2,/content/drive/MyDrive/CD2_DSA/raw/val/images/2415_20210624_3_0_0_4_2_13_0_2.jpg,0,0
15118_20210622_3_1_a9_3_2_13_3_29,/content/drive/MyDrive/CD2_DSA/raw/val/images/15118_20210622_3_1_a9_3_2_13_3_29.jpg,1,1
1010_20210624_3_0_0_1_2_13_0_65,/content/drive/MyDrive/CD2_DSA/raw/val/images/1010_20210624_3_0_0_1_2_13_0_65.jpg,0,0
312159_20210914_3_0_0_3_2_11_0_282,/content/drive/MyDrive/CD2_DSA/raw/val/images/312159_20210914_3_0_0_3_2_11_0_282.jpg,0,0
125119_20210624_3_0_0_1_2_13_0_150,/content/drive/MyDrive/CD2_DSA/raw/val/images/125119_20210624_3_0_0_1_2_13_0_150.jpg,0,0
307420_20210914_3_0_0_3_2_11_0_20,/content/drive/MyDrive/CD2_DSA/raw/val/images/307420_20210914_3_0_0_3_2_11_0_20.jpg,0,0
3677_20210629_3_1_a9_3_2_13_2_56,/content/drive/MyDrive/CD2_DSA/raw/val/images/3677_20210629_3_1_a9_3_2_13_2_56.jpg,1,1
104079_20210624_3_0_0_4_2_13_0_157,/content/drive/MyDrive/CD2_DSA/raw/val/images/104079_20210624_3_0_0_4_2_13_0_157.jpg,0,0
68507_20210624_3_0_0_2_2_13_0_17,/content/drive/MyDrive/CD2_DSA/raw/val/images/68507_20210624_3_0_0_2_2_13_0_17.jpg,0,0
807_20210622_3_1_a9_3_2_13_3_5,/content/drive/MyDrive/CD2_DSA/raw/val/images/807_20210622_3_1_a9_3_2_13_3_5.jpg,1,1
1640_20210622_3_1_a9_3_2_13_2_212,/content/drive/MyDrive/CD2_DSA/raw/val/images/1640_20210622_3_1_a9_3_2_13_2_212.jpg,1,1
16040_20210706_3_1_a9_3_2_13_2_50,/content/drive/MyDrive/CD2_DSA/raw/val/images/16040_20210706_3_1_a9_3_2_13_2_50.jpg,1,1
106582_20210624_3_0_0_1_2_13_0_179,/content/drive/MyDrive/CD2_DSA/raw/val/images/106582_20210624_3_0_0_1_2_13_0_179.jpg,0,0
308175_20210914_3_0_0_3_2_11_0_75,/content/drive/MyDrive/CD2_DSA/raw/val/images/308175_20210914_3_0_0_3_2_11_0_75.jpg,0,0
307848_20210914_3_0_0_5_2_11_0_45,/content/drive/MyDrive/CD2_DSA/raw/val/images/307848_20210914_3_0_0_5_2_11_0_45.jpg,0,0
304314_20210913_3_0_0_3_2_11_0_551,/content/drive/MyDrive/CD2_DSA/raw/val/images/304314_20210913_3_0_0_3_2_11_0_551.jpg,0,0
308269_20210914_3_0_0_3_2_11_0_169,/content/drive/MyDrive/CD2_DSA/raw/val/images/308269_20210914_3_0_0_3_2_11_0_169.jpg,0,0
308168_20210914_3_0_0_3_2_11_0_68,/content/drive/MyDrive/CD2_DSA/raw/val/images/308168_20210914_3_0_0_3_2_11_0_68.jpg,0,0
307937_20210914_3_0_0_5_2_11_0_134,/content/drive/MyDrive/CD2_DSA/raw/val/images/307937_20210914_3_0_0_5_2_11_0_134.jpg,0,0
49119_20210624_3_0_0_1_2_13_0_193,/content/drive/MyDrive/CD2_DSA/raw/val/images/49119_20210624_3_0_0_1_2_13_0_193.jpg,0,0
307784_20210914_3_0_0_3_2_11_0_384,/content/drive/MyDrive/CD2_DSA/raw/val/images/307784_20210914_3_0_0_3_2_11_0_384.jpg,0,0
68520_20210624_3_0_0_2_2_13_0_30,/content/drive/MyDrive/CD2_DSA/raw/val/images/68520_20210624_3_0_0_2_2_13_0_30.jpg,0,0
17063_20210622_3_1_a9_3_2_13_1_184,/content/drive/MyDrive/CD2_DSA/raw/val/images/17063_20210622_3_1_a9_3_2_13_1_184.jpg,1,0
16685_20210706_3_1_a9_3_2_13_2_536,/content/drive/MyDrive/CD2_DSA/raw/val/images/16685_20210706_3_1_a9_3_2_13_2_536.jpg,1,1
307555_20210914_3_0_0_3_2_11_0_155,/content/drive/MyDrive/CD2_DSA/raw/val/images/307555_20210914_3_0_0_3_2_11_0_155.jpg,0,0
304094_20210913_3_0_0_3_2_11_0_331,/content/drive/MyDrive/CD2_DSA/raw/val/images/304094_20210913_3_0_0_3_2_11_0_331.jpg,0,0
125661_20210624_3_0_0_2_2_13_0_65,/content/drive/MyDrive/CD2_DSA/raw/val/images/125661_20210624_3_0_0_2_2_13_0_65.jpg,0,0
106265_20210624_3_0_0_1_2_13_0_62,/content/drive/MyDrive/CD2_DSA/raw/val/images/106265_20210624_3_0_0_1_2_13_0_62.jpg,0,0
15438_20210622_3_1_a9_3_2_13_3_142,/content/drive/MyDrive/CD2_DSA/raw/val/images/15438_20210622_3_1_a9_3_2_13_3_142.jpg,1,1
3383_20210629_3_1_a9_3_2_13_1_138,/content/drive/MyDrive/CD2_DSA/raw/val/images/3383_20210629_3_1_a9_3_2_13_1_138.jpg,1,1
16527_20210706_3_1_a9_3_2_13_3_42,/content/drive/MyDrive/CD2_DSA/raw/val/images/16527_20210706_3_1_a9_3_2_13_3_42.jpg,1,1
1452_20210622_3_1_a9_3_2_13_2_24,/content/drive/MyDrive/CD2_DSA/raw/val/images/1452_20210622_3_1_a9_3_2_13_2_24.jpg,1,1
308589_20210914_3_0_0_5_2_11_0_65,/content/drive/MyDrive/CD2_DSA/raw/val/images/308589_20210914_3_0_0_5_2_11_0_65.jpg,0,0
308641_20210914_3_0_0_5_2_11_0_118,/content/drive/MyDrive/CD2_DSA/raw/val/images/308641_20210914_3_0_0_5_2_11_0_118.jpg,0,0
65898_20210624_3_0_0_4_2_13_0_29,/content/drive/MyDrive/CD2_DSA/raw/val/images/65898_20210624_3_0_0_4_2_13_0_29.jpg,0,0
16933_20210622_3_1_a9_3_2_13_2_23,/content/drive/MyDrive/CD2_DSA/raw/val/images/16933_20210622_3_1_a9_3_2_13_2_23.jpg,1,0
16507_20210706_3_1_a9_3_2_13_3_22,/content/drive/MyDrive/CD2_DSA/raw/val/images/16507_20210706_3_1_a9_3_2_13_3_22.jpg,1,1
308260_20210914_3_0_0_3_2_11_0_160,/content/drive/MyDrive/CD2_DSA/raw/val/images/308260_20210914_3_0_0_3_2_11_0_160.jpg,0,0
4739_20210622_3_1_a9_3_2_13_2_107,/content/drive/MyDrive/CD2_DSA/raw/val/images/4739_20210622_3_1_a9_3_2_13_2_107.jpg,1,1
67430_20210624_3_0_0_1_2_13_0_31,/content/drive/MyDrive/CD2_DSA/raw/val/images/67430_20210624_3_0_0_1_2_13_0_31.jpg,0,0
6900_20210624_3_0_0_1_2_13_0_125,/content/drive/MyDrive/CD2_DSA/raw/val/images/6900_20210624_3_0_0_1_2_13_0_125.jpg,0,0
15428_20210622_3_1_a9_3_2_13_3_132,/content/drive/MyDrive/CD2_DSA/raw/val/images/15428_20210622_3_1_a9_3_2_13_3_132.jpg,1,1
71151_20210624_3_0_0_3_2_13_0_4,/content/drive/MyDrive/CD2_DSA/raw/val/images/71151_20210624_3_0_0_3_2_13_0_4.jpg,0,0
1036_20210624_3_0_0_1_2_13_0_91,/content/drive/MyDrive/CD2_DSA/raw/val/images/1036_20210624_3_0_0_1_2_13_0_91.jpg,0,0
3377_20210629_3_1_a9_3_2_13_1_132,/content/drive/MyDrive/CD2_DSA/raw/val/images/3377_20210629_3_1_a9_3_2_13_1_132.jpg,1,1
84105_20210708_3_0_0_1_2_13_0_171,/content/drive/MyDrive/CD2_DSA/raw/val/images/84105_20210708_3_0_0_1_2_13_0_171.jpg,0,0
67536_20210624_3_0_0_1_2_13_0_137,/content/drive/MyDrive/CD2_DSA/raw/val/images/67536_20210624_3_0_0_1_2_13_0_137.jpg,0,0
67438_20210624_3_0_0_1_2_13_0_39,/content/drive/MyDrive/CD2_DSA/raw/val/images/67438_20210624_3_0_0_1_2_13_0_39.jpg,0,0
86843_20210624_3_0_0_1_2_13_0_168,/content/drive/MyDrive/CD2_DSA/raw/val/images/86843_20210624_3_0_0_1_2_13_0_168.jpg,0,0
16411_20210706_3_1_a9_3_2_13_2_327,/content/drive/MyDrive/CD2_DSA/raw/val/images/16411_20210706_3_1_a9_3_2_13_2_327.jpg,1,1
308481_20210914_3_0_0_3_2_11_0_381,/content/drive/MyDrive/CD2_DSA/raw/val/images/308481_20210914_3_0_0_3_2_11_0_381.jpg,0,0
1497_20210622_3_1_a9_3_2_13_2_69,/content/drive/MyDrive/CD2_DSA/raw/val/images/1497_20210622_3_1_a9_3_2_13_2_69.jpg,1,0
6788_20210624_3_0_0_1_2_13_0_13,/content/drive/MyDrive/CD2_DSA/raw/val/images/6788_20210624_3_0_0_1_2_13_0_13.jpg,0,0
307911_20210914_3_0_0_5_2_11_0_108,/content/drive/MyDrive/CD2_DSA/raw/val/images/307911_20210914_3_0_0_5_2_11_0_108.jpg,0,0
16712_20210706_3_1_a9_3_2_13_2_563,/content/drive/MyDrive/CD2_DSA/raw/val/images/16712_20210706_3_1_a9_3_2_13_2_563.jpg,1,1
1013_20210624_3_0_0_1_2_13_0_68,/content/drive/MyDrive/CD2_DSA/raw/val/images/1013_20210624_3_0_0_1_2_13_0_68.jpg,0,0
25672_20210624_3_0_0_5_2_13_0_96,/content/drive/MyDrive/CD2_DSA/raw/val/images/25672_20210624_3_0_0_5_2_13_0_96.jpg,0,0
307539_20210914_3_0_0_3_2_11_0_139,/content/drive/MyDrive/CD2_DSA/raw/val/images/307539_20210914_3_0_0_3_2_11_0_139.jpg,0,0
83324_20210624_3_0_0_1_2_13_0_207,/content/drive/MyDrive/CD2_DSA/raw/val/images/83324_20210624_3_0_0_1_2_13_0_207.jpg,0,0
16853_20210622_3_1_a9_3_2_13_1_13,/content/drive/MyDrive/CD2_DSA/raw/val/images/16853_20210622_3_1_a9_3_2_13_1_13.jpg,1,0
16739_20210713_3_1_a9_3_2_13_3_0,/content/drive/MyDrive/CD2_DSA/raw/val/images/16739_20210713_3_1_a9_3_2_13_3_0.jpg,1,1
307434_20210914_3_0_0_3_2_11_0_34,/content/drive/MyDrive/CD2_DSA/raw/val/images/307434_20210914_3_0_0_3_2_11_0_34.jpg,0,0
308809_20210914_3_0_0_5_2_11_0_285,/content/drive/MyDrive/CD2_DSA/raw/val/images/308809_20210914_3_0_0_5_2_11_0_285.jpg,0,0
312154_20210914_3_0_0_3_2_11_0_277,/content/drive/MyDrive/CD2_DSA/raw/val/images/312154_20210914_3_0_0_3_2_11_0_277.jpg,0,0
308443_20210914_3_0_0_3_2_11_0_343,/content/drive/MyDrive/CD2_DSA/raw/val/images/308443_20210914_3_0_0_3_2_11_0_343.jpg,0,0
3187_20210629_3_1_a9_3_2_13_1_42,/content/drive/MyDrive/CD2_DSA/raw/val/images/3187_20210629_3_1_a9_3_2_13_1_42.jpg,1,1
307927_20210914_3_0_0_5_2_11_0_124,/content/drive/MyDrive/CD2_DSA/raw/val/images/307927_20210914_3_0_0_5_2_11_0_124.jpg,0,0
308530_20210914_3_0_0_5_2_11_0_6,/content/drive/MyDrive/CD2_DSA/raw/val/images/308530_20210914_3_0_0_5_2_11_0_6.jpg,0,0
1076_20210624_3_0_0_1_2_13_0_131,/content/drive/MyDrive/CD2_DSA/raw/val/images/1076_20210624_3_0_0_1_2_13_0_131.jpg,0,0
67585_20210624_3_0_0_1_2_13_0_156,/content/drive/MyDrive/CD2_DSA/raw/val/images/67585_20210624_3_0_0_1_2_13_0_156.jpg,0,0
15792_20210622_3_1_a9_3_2_13_2_33,/content/drive/MyDrive/CD2_DSA/raw/val/images/15792_20210622_3_1_a9_3_2_13_2_33.jpg,1,1
3386_20210629_3_1_a9_3_2_13_1_141,/content/drive/MyDrive/CD2_DSA/raw/val/images/3386_20210629_3_1_a9_3_2_13_1_141.jpg,1,1
16754_20210713_3_1_a9_3_2_13_3_16,/content/drive/MyDrive/CD2_DSA/raw/val/images/16754_20210713_3_1_a9_3_2_13_3_16.jpg,1,0
16454_20210706_3_1_a9_3_2_13_2_370,/content/drive/MyDrive/CD2_DSA/raw/val/images/16454_20210706_3_1_a9_3_2_13_2_370.jpg,1,0
312175_20210914_3_0_0_3_2_11_0_298,/content/drive/MyDrive/CD2_DSA/raw/val/images/312175_20210914_3_0_0_3_2_11_0_298.jpg,0,0
308720_20210914_3_0_0_5_2_11_0_197,/content/drive/MyDrive/CD2_DSA/raw/val/images/308720_20210914_3_0_0_5_2_11_0_197.jpg,0,0
307635_20210914_3_0_0_3_2_11_0_235,/content/drive/MyDrive/CD2_DSA/raw/val/images/307635_20210914_3_0_0_3_2_11_0_235.jpg,0,0
1711_20210622_3_1_a9_3_2_13_2_283,/content/drive/MyDrive/CD2_DSA/raw/val/images/1711_20210622_3_1_a9_3_2_13_2_283.jpg,1,1
1573_20210622_3_1_a9_3_2_13_2_145,/content/drive/MyDrive/CD2_DSA/raw/val/images/1573_20210622_3_1_a9_3_2_13_2_145.jpg,1,1
5731_20210622_3_1_a9_3_2_13_1_16,/content/drive/MyDrive/CD2_DSA/raw/val/images/5731_20210622_3_1_a9_3_2_13_1_16.jpg,1,1
16813_20210713_3_1_a9_3_2_13_3_75,/content/drive/MyDrive/CD2_DSA/raw/val/images/16813_20210713_3_1_a9_3_2_13_3_75.jpg,1,1
308821_20210914_3_0_0_5_2_11_0_297,/content/drive/MyDrive/CD2_DSA/raw/val/images/308821_20210914_3_0_0_5_2_11_0_297.jpg,0,0
16632_20210706_3_1_a9_3_2_13_2_483,/content/drive/MyDrive/CD2_DSA/raw/val/images/16632_20210706_3_1_a9_3_2_13_2_483.jpg,1,0
1633_20210622_3_1_a9_3_2_13_2_205,/content/drive/MyDrive/CD2_DSA/raw/val/images/1633_20210622_3_1_a9_3_2_13_2_205.jpg,1,1
6771_20210622_3_1_a9_3_2_13_1_167,/content/drive/MyDrive/CD2_DSA/raw/val/images/6771_20210622_3_1_a9_3_2_13_1_167.jpg,1,1
9159_20210624_3_0_0_2_2_13_0_153,/content/drive/MyDrive/CD2_DSA/raw/val/images/9159_20210624_3_0_0_2_2_13_0_153.jpg,0,0
109662_20210624_3_0_0_3_2_13_0_145,/content/drive/MyDrive/CD2_DSA/raw/val/images/109662_20210624_3_0_0_3_2_13_0_145.jpg,0,0
125072_20210624_3_0_0_1_2_13_0_103,/content/drive/MyDrive/CD2_DSA/raw/val/images/125072_20210624_3_0_0_1_2_13_0_103.jpg,0,0
106227_20210624_3_0_0_1_2_13_0_24,/content/drive/MyDrive/CD2_DSA/raw/val/images/106227_20210624_3_0_0_1_2_13_0_24.jpg,0,0
95216_20210624_3_0_0_1_2_13_0_37,/content/drive/MyDrive/CD2_DSA/raw/val/images/95216_20210624_3_0_0_1_2_13_0_37.jpg,0,0
16378_20210622_3_1_a9_3_2_13_3_8,/content/drive/MyDrive/CD2_DSA/raw/val/images/16378_20210622_3_1_a9_3_2_13_3_8.jpg,1,0
16435_20210706_3_1_a9_3_2_13_2_351,/content/drive/MyDrive/CD2_DSA/raw/val/images/16435_20210706_3_1_a9_3_2_13_2_351.jpg,1,1
1603_20210622_3_1_a9_3_2_13_2_175,/content/drive/MyDrive/CD2_DSA/raw/val/images/1603_20210622_3_1_a9_3_2_13_2_175.jpg,1,1
304013_20210913_3_0_0_3_2_11_0_250,/content/drive/MyDrive/CD2_DSA/raw/val/images/304013_20210913_3_0_0_3_2_11_0_250.jpg,0,0
16590_20210706_3_1_a9_3_2_13_2_441,/content/drive/MyDrive/CD2_DSA/raw/val/images/16590_20210706_3_1_a9_3_2_13_2_441.jpg,1,1
128829_20210624_3_0_0_1_2_13_0_19,/content/drive/MyDrive/CD2_DSA/raw/val/images/128829_20210624_3_0_0_1_2_13_0_19.jpg,0,0
15656_20210706_3_1_a9_3_2_13_3_87,/content/drive/MyDrive/CD2_DSA/raw/val/images/15656_20210706_3_1_a9_3_2_13_3_87.jpg,1,1
308059_20210914_3_0_0_5_2_11_0_256,/content/drive/MyDrive/CD2_DSA/raw/val/images/308059_20210914_3_0_0_5_2_11_0_256.jpg,0,0
16867_20210622_3_1_a9_3_2_13_1_27,/content/drive/MyDrive/CD2_DSA/raw/val/images/16867_20210622_3_1_a9_3_2_13_1_27.jpg,1,1
307860_20210914_3_0_0_5_2_11_0_57,/content/drive/MyDrive/CD2_DSA/raw/val/images/307860_20210914_3_0_0_5_2_11_0_57.jpg,0,0
16376_20210622_3_1_a9_3_2_13_3_5,/content/drive/MyDrive/CD2_DSA/raw/val/images/16376_20210622_3_1_a9_3_2_13_3_5.jpg,1,0
6793_20210624_3_0_0_1_2_13_0_18,/content/drive/MyDrive/CD2_DSA/raw/val/images/6793_20210624_3_0_0_1_2_13_0_18.jpg,0,0
1087_20210624_3_0_0_1_2_13_0_142,/content/drive/MyDrive/CD2_DSA/raw/val/images/1087_20210624_3_0_0_1_2_13_0_142.jpg,0,0
126116_20210624_3_0_0_5_2_13_0_51,/content/drive/MyDrive/CD2_DSA/raw/val/images/126116_20210624_3_0_0_5_2_13_0_51.jpg,0,0
16621_20210706_3_1_a9_3_2_13_2_472,/content/drive/MyDrive/CD2_DSA/raw/val/images/16621_20210706_3_1_a9_3_2_13_2_472.jpg,1,0
108304_20210624_3_0_0_2_2_13_0_177,/content/drive/MyDrive/CD2_DSA/raw/val/images/108304_20210624_3_0_0_2_2_13_0_177.jpg,0,0
125153_20210624_3_0_0_1_2_13_0_184,/content/drive/MyDrive/CD2_DSA/raw/val/images/125153_20210624_3_0_0_1_2_13_0_184.jpg,0,0
308398_20210914_3_0_0_3_2_11_0_298,/content/drive/MyDrive/CD2_DSA/raw/val/images/308398_20210914_3_0_0_3_2_11_0_298.jpg,0,0
308000_20210914_3_0_0_5_2_11_0_197,/content/drive/MyDrive/CD2_DSA/raw/val/images/308000_20210914_3_0_0_5_2_11_0_197.jpg,0,0
304238_20210913_3_0_0_3_2_11_0_475,/content/drive/MyDrive/CD2_DSA/raw/val/images/304238_20210913_3_0_0_3_2_11_0_475.jpg,0,0
125657_20210624_3_0_0_2_2_13_0_61,/content/drive/MyDrive/CD2_DSA/raw/val/images/125657_20210624_3_0_0_2_2_13_0_61.jpg,0,0
71188_20210624_3_0_0_3_2_13_0_41,/content/drive/MyDrive/CD2_DSA/raw/val/images/71188_20210624_3_0_0_3_2_13_0_41.jpg,0,0
95952_20210624_3_0_0_3_2_13_0_96,/content/drive/MyDrive/CD2_DSA/raw/val/images/95952_20210624_3_0_0_3_2_13_0_96.jpg,0,0
6506_20210622_3_1_a9_3_2_13_1_134,/content/drive/MyDrive/CD2_DSA/raw/val/images/6506_20210622_3_1_a9_3_2_13_1_134.jpg,1,1
308599_20210914_3_0_0_5_2_11_0_75,/content/drive/MyDrive/CD2_DSA/raw/val/images/308599_20210914_3_0_0_5_2_11_0_75.jpg,0,0
16012_20210706_3_1_a9_3_2_13_2_22,/content/drive/MyDrive/CD2_DSA/raw/val/images/16012_20210706_3_1_a9_3_2_13_2_22.jpg,1,1
308629_20210914_3_0_0_5_2_11_0_106,/content/drive/MyDrive/CD2_DSA/raw/val/images/308629_20210914_3_0_0_5_2_11_0_106.jpg,0,0
126100_20210624_3_0_0_5_2_13_0_35,/content/drive/MyDrive/CD2_DSA/raw/val/images/126100_20210624_3_0_0_5_2_13_0_35.jpg,0,0
308071_20210914_3_0_0_5_2_11_0_268,/content/drive/MyDrive/CD2_DSA/raw/val/images/308071_20210914_3_0_0_5_2_11_0_268.jpg,0,0
6791_20210624_3_0_0_1_2_13_0_16,/content/drive/MyDrive/CD2_DSA/raw/val/images/6791_20210624_3_0_0_1_2_13_0_16.jpg,0,0
7162_20210624_3_0_0_1_2_13_0_206,/content/drive/MyDrive/CD2_DSA/raw/val/images/7162_20210624_3_0_0_1_2_13_0_206.jpg,0,0
307579_20210914_3_0_0_3_2_11_0_179,/content/drive/MyDrive/CD2_DSA/raw/val/images/307579_20210914_3_0_0_3_2_11_0_179.jpg,0,0
307625_20210914_3_0_0_3_2_11_0_225,/content/drive/MyDrive/CD2_DSA/raw/val/images/307625_20210914_3_0_0_3_2_11_0_225.jpg,0,0
312029_20210914_3_0_0_3_2_11_0_152,/content/drive/MyDrive/CD2_DSA/raw/val/images/312029_20210914_3_0_0_3_2_11_0_152.jpg,0,0
307744_20210914_3_0_0_3_2_11_0_344,/content/drive/MyDrive/CD2_DSA/raw/val/images/307744_20210914_3_0_0_3_2_11_0_344.jpg,0,0
3362_20210629_3_1_a9_3_2_13_1_117,/content/drive/MyDrive/CD2_DSA/raw/val/images/3362_20210629_3_1_a9_3_2_13_1_117.jpg,1,0
307720_20210914_3_0_0_3_2_11_0_320,/content/drive/MyDrive/CD2_DSA/raw/val/images/307720_20210914_3_0_0_3_2_11_0_320.jpg,0,0
308151_20210914_3_0_0_3_2_11_0_51,/content/drive/MyDrive/CD2_DSA/raw/val/images/308151_20210914_3_0_0_3_2_11_0_51.jpg,0,0
49095_20210624_3_0_0_1_2_13_0_169,/content/drive/MyDrive/CD2_DSA/raw/val/images/49095_20210624_3_0_0_1_2_13_0_169.jpg,0,0
4721_20210622_3_1_a9_3_2_13_2_89,/content/drive/MyDrive/CD2_DSA/raw/val/images/4721_20210622_3_1_a9_3_2_13_2_89.jpg,1,1
67534_20210624_3_0_0_1_2_13_0_135,/content/drive/MyDrive/CD2_DSA/raw/val/images/67534_20210624_3_0_0_1_2_13_0_135.jpg,0,0
128850_20210624_3_0_0_1_2_13_0_40,/content/drive/MyDrive/CD2_DSA/raw/val/images/128850_20210624_3_0_0_1_2_13_0_40.jpg,0,0
304039_20210913_3_0_0_3_2_11_0_276,/content/drive/MyDrive/CD2_DSA/raw/val/images/304039_20210913_3_0_0_3_2_11_0_276.jpg,0,0
32323_20210624_3_0_0_4_2_13_0_26,/content/drive/MyDrive/CD2_DSA/raw/val/images/32323_20210624_3_0_0_4_2_13_0_26.jpg,0,0
311680_20210803_3_0_0_3_2_11_0_12,/content/drive/MyDrive/CD2_DSA/raw/val/images/311680_20210803_3_0_0_3_2_11_0_12.jpg,0,0
16461_20210706_3_1_a9_3_2_13_2_377,/content/drive/MyDrive/CD2_DSA/raw/val/images/16461_20210706_3_1_a9_3_2_13_2_377.jpg,1,0
3775_20210629_3_1_a9_3_2_13_2_105,/content/drive/MyDrive/CD2_DSA/raw/val/images/3775_20210629_3_1_a9_3_2_13_2_105.jpg,1,0
7179_20210624_3_0_0_1_2_13_0_223,/content/drive/MyDrive/CD2_DSA/raw/val/images/7179_20210624_3_0_0_1_2_13_0_223.jpg,0,0
125076_20210624_3_0_0_1_2_13_0_107,/content/drive/MyDrive/CD2_DSA/raw/val/images/125076_20210624_3_0_0_1_2_13_0_107.jpg,0,0
125612_20210624_3_0_0_2_2_13_0_16,/content/drive/MyDrive/CD2_DSA/raw/val/images/125612_20210624_3_0_0_2_2_13_0_16.jpg,0,0
308537_20210914_3_0_0_5_2_11_0_13,/content/drive/MyDrive/CD2_DSA/raw/val/images/308537_20210914_3_0_0_5_2_11_0_13.jpg,0,0
16963_20210622_3_1_a9_3_2_13_1_84,/content/drive/MyDrive/CD2_DSA/raw/val/images/16963_20210622_3_1_a9_3_2_13_1_84.jpg,1,0
126111_20210624_3_0_0_5_2_13_0_46,/content/drive/MyDrive/CD2_DSA/raw/val/images/126111_20210624_3_0_0_5_2_13_0_46.jpg,0,0
16560_20210706_3_1_a9_3_2_13_2_411,/content/drive/MyDrive/CD2_DSA/raw/val/images/16560_20210706_3_1_a9_3_2_13_2_411.jpg,1,1
67449_20210624_3_0_0_1_2_13_0_50,/content/drive/MyDrive/CD2_DSA/raw/val/images/67449_20210624_3_0_0_1_2_13_0_50.jpg,0,0
307918_20210914_3_0_0_5_2_11_0_115,/content/drive/MyDrive/CD2_DSA/raw/val/images/307918_20210914_3_0_0_5_2_11_0_115.jpg,0,0
307928_20210914_3_0_0_5_2_11_0_125,/content/drive/MyDrive/CD2_DSA/raw/val/images/307928_20210914_3_0_0_5_2_11_0_125.jpg,0,0
67625_20210624_3_0_0_1_2_13_0_196,/content/drive/MyDrive/CD2_DSA/raw/val/images/67625_20210624_3_0_0_1_2_13_0_196.jpg,0,0
6488_20210622_3_1_a9_3_2_13_1_116,/content/drive/MyDrive/CD2_DSA/raw/val/images/6488_20210622_3_1_a9_3_2_13_1_116.jpg,1,1
17065_20210622_3_1_a9_3_2_13_1_186,/content/drive/MyDrive/CD2_DSA/raw/val/images/17065_20210622_3_1_a9_3_2_13_1_186.jpg,1,1
66255_20210624_3_0_0_4_2_13_0_156,/content/drive/MyDrive/CD2_DSA/raw/val/images/66255_20210624_3_0_0_4_2_13_0_156.jpg,0,0
307851_20210914_3_0_0_5_2_11_0_48,/content/drive/MyDrive/CD2_DSA/raw/val/images/307851_20210914_3_0_0_5_2_11_0_48.jpg,0,0
67429_20210624_3_0_0_1_2_13_0_30,/content/drive/MyDrive/CD2_DSA/raw/val/images/67429_20210624_3_0_0_1_2_13_0_30.jpg,0,0
16766_20210713_3_1_a9_3_2_13_3_28,/content/drive/MyDrive/CD2_DSA/raw/val/images/16766_20210713_3_1_a9_3_2_13_3_28.jpg,1,0
25671_20210624_3_0_0_5_2_13_0_95,/content/drive/MyDrive/CD2_DSA/raw/val/images/25671_20210624_3_0_0_5_2_13_0_95.jpg,0,0
71217_20210624_3_0_0_3_2_13_0_70,/content/drive/MyDrive/CD2_DSA/raw/val/images/71217_20210624_3_0_0_3_2_13_0_70.jpg,0,0
88978_20210624_3_0_0_3_2_13_0_1,/content/drive/MyDrive/CD2_DSA/raw/val/images/88978_20210624_3_0_0_3_2_13_0_1.jpg,0,0
125080_20210624_3_0_0_1_2_13_0_111,/content/drive/MyDrive/CD2_DSA/raw/val/images/125080_20210624_3_0_0_1_2_13_0_111.jpg,0,0
7088_20210622_3_1_a9_3_2_13_1_183,/content/drive/MyDrive/CD2_DSA/raw/val/images/7088_20210622_3_1_a9_3_2_13_1_183.jpg,1,1
717_20210622_3_1_a9_3_2_13_1_82,/content/drive/MyDrive/CD2_DSA/raw/val/images/717_20210622_3_1_a9_3_2_13_1_82.jpg,1,1
3580_20210629_3_1_a9_3_2_13_1_229,/content/drive/MyDrive/CD2_DSA/raw/val/images/3580_20210629_3_1_a9_3_2_13_1_229.jpg,1,1
16596_20210706_3_1_a9_3_2_13_2_447,/content/drive/MyDrive/CD2_DSA/raw/val/images/16596_20210706_3_1_a9_3_2_13_2_447.jpg,1,1
86541_20210624_3_0_0_1_2_13_0_110,/content/drive/MyDrive/CD2_DSA/raw/val/images/86541_20210624_3_0_0_1_2_13_0_110.jpg,0,0
16448_20210706_3_1_a9_3_2_13_2_364,/content/drive/MyDrive/CD2_DSA/raw/val/images/16448_20210706_3_1_a9_3_2_13_2_364.jpg,1,1
16864_20210622_3_1_a9_3_2_13_1_24,/content/drive/MyDrive/CD2_DSA/raw/val/images/16864_20210622_3_1_a9_3_2_13_1_24.jpg,1,1
878_20210622_3_1_a9_3_2_13_3_76,/content/drive/MyDrive/CD2_DSA/raw/val/images/878_20210622_3_1_a9_3_2_13_3_76.jpg,1,1
126113_20210624_3_0_0_5_2_13_0_48,/content/drive/MyDrive/CD2_DSA/raw/val/images/126113_20210624_3_0_0_5_2_13_0_48.jpg,0,0
308709_20210914_3_0_0_5_2_11_0_186,/content/drive/MyDrive/CD2_DSA/raw/val/images/308709_20210914_3_0_0_5_2_11_0_186.jpg,0,0
15431_20210622_3_1_a9_3_2_13_3_135,/content/drive/MyDrive/CD2_DSA/raw/val/images/15431_20210622_3_1_a9_3_2_13_3_135.jpg,1,1
9096_20210624_3_0_0_2_2_13_0_90,/content/drive/MyDrive/CD2_DSA/raw/val/images/9096_20210624_3_0_0_2_2_13_0_90.jpg,0,0
304290_20210913_3_0_0_3_2_11_0_527,/content/drive/MyDrive/CD2_DSA/raw/val/images/304290_20210913_3_0_0_3_2_11_0_527.jpg,0,0
3430_20210629_3_1_a9_3_2_13_1_185,/content/drive/MyDrive/CD2_DSA/raw/val/images/3430_20210629_3_1_a9_3_2_13_1_185.jpg,1,1
307691_20210914_3_0_0_3_2_11_0_291,/content/drive/MyDrive/CD2_DSA/raw/val/images/307691_20210914_3_0_0_3_2_11_0_291.jpg,0,0
307674_20210914_3_0_0_3_2_11_0_274,/content/drive/MyDrive/CD2_DSA/raw/val/images/307674_20210914_3_0_0_3_2_11_0_274.jpg,0,0
14614_20210624_3_0_0_3_2_13_0_126,/content/drive/MyDrive/CD2_DSA/raw/val/images/14614_20210624_3_0_0_3_2_13_0_126.jpg,0,0
304014_20210913_3_0_0_3_2_11_0_251,/content/drive/MyDrive/CD2_DSA/raw/val/images/304014_20210913_3_0_0_3_2_11_0_251.jpg,0,0
16763_20210713_3_1_a9_3_2_13_3_25,/content/drive/MyDrive/CD2_DSA/raw/val/images/16763_20210713_3_1_a9_3_2_13_3_25.jpg,1,0
3772_20210629_3_1_a9_3_2_13_2_102,/content/drive/MyDrive/CD2_DSA/raw/val/images/3772_20210629_3_1_a9_3_2_13_2_102.jpg,1,1
654_20210622_3_1_a9_3_2_13_1_19,/content/drive/MyDrive/CD2_DSA/raw/val/images/654_20210622_3_1_a9_3_2_13_1_19.jpg,1,1
307669_20210914_3_0_0_3_2_11_0_269,/content/drive/MyDrive/CD2_DSA/raw/val/images/307669_20210914_3_0_0_3_2_11_0_269.jpg,0,0
307513_20210914_3_0_0_3_2_11_0_113,/content/drive/MyDrive/CD2_DSA/raw/val/images/307513_20210914_3_0_0_3_2_11_0_113.jpg,0,0
307436_20210914_3_0_0_3_2_11_0_36,/content/drive/MyDrive/CD2_DSA/raw/val/images/307436_20210914_3_0_0_3_2_11_0_36.jpg,0,0
170920_20210624_3_0_0_5_2_13_0_114,/content/drive/MyDrive/CD2_DSA/raw/val/images/170920_20210624_3_0_0_5_2_13_0_114.jpg,0,0
68540_20210624_3_0_0_2_2_13_0_50,/content/drive/MyDrive/CD2_DSA/raw/val/images/68540_20210624_3_0_0_2_2_13_0_50.jpg,0,0
308451_20210914_3_0_0_3_2_11_0_351,/content/drive/MyDrive/CD2_DSA/raw/val/images/308451_20210914_3_0_0_3_2_11_0_351.jpg,0,0
88985_20210624_3_0_0_3_2_13_0_8,/content/drive/MyDrive/CD2_DSA/raw/val/images/88985_20210624_3_0_0_3_2_13_0_8.jpg,0,0
311901_20210914_3_0_0_3_2_11_0_24,/content/drive/MyDrive/CD2_DSA/raw/val/images/311901_20210914_3_0_0_3_2_11_0_24.jpg,0,0
308611_20210914_3_0_0_5_2_11_0_87,/content/drive/MyDrive/CD2_DSA/raw/val/images/308611_20210914_3_0_0_5_2_11_0_87.jpg,0,0
15096_20210622_3_1_a9_3_2_13_3_7,/content/drive/MyDrive/CD2_DSA/raw/val/images/15096_20210622_3_1_a9_3_2_13_3_7.jpg,1,1
307782_20210914_3_0_0_3_2_11_0_382,/content/drive/MyDrive/CD2_DSA/raw/val/images/307782_20210914_3_0_0_3_2_11_0_382.jpg,0,0
308037_20210914_3_0_0_5_2_11_0_234,/content/drive/MyDrive/CD2_DSA/raw/val/images/308037_20210914_3_0_0_5_2_11_0_234.jpg,0,0
66302_20210624_3_0_0_4_2_13_0_203,/content/drive/MyDrive/CD2_DSA/raw/val/images/66302_20210624_3_0_0_4_2_13_0_203.jpg,0,0
307960_20210914_3_0_0_5_2_11_0_157,/content/drive/MyDrive/CD2_DSA/raw/val/images/307960_20210914_3_0_0_5_2_11_0_157.jpg,0,0
308076_20210914_3_0_0_5_2_11_0_273,/content/drive/MyDrive/CD2_DSA/raw/val/images/308076_20210914_3_0_0_5_2_11_0_273.jpg,0,0
308793_20210914_3_0_0_5_2_11_0_269,/content/drive/MyDrive/CD2_DSA/raw/val/images/308793_20210914_3_0_0_5_2_11_0_269.jpg,0,0
15370_20210622_3_1_a9_3_2_13_3_74,/content/drive/MyDrive/CD2_DSA/raw/val/images/15370_20210622_3_1_a9_3_2_13_3_74.jpg,1,1
68491_20210624_3_0_0_2_2_13_0_1,/content/drive/MyDrive/CD2_DSA/raw/val/images/68491_20210624_3_0_0_2_2_13_0_1.jpg,0,0
307984_20210914_3_0_0_5_2_11_0_181,/content/drive/MyDrive/CD2_DSA/raw/val/images/307984_20210914_3_0_0_5_2_11_0_181.jpg,0,0
108294_20210624_3_0_0_2_2_13_0_167,/content/drive/MyDrive/CD2_DSA/raw/val/images/108294_20210624_3_0_0_2_2_13_0_167.jpg,0,0
4310_20210622_3_1_a9_3_2_13_2_41,/content/drive/MyDrive/CD2_DSA/raw/val/images/4310_20210622_3_1_a9_3_2_13_2_41.jpg,1,1
1460_20210622_3_1_a9_3_2_13_2_32,/content/drive/MyDrive/CD2_DSA/raw/val/images/1460_20210622_3_1_a9_3_2_13_2_32.jpg,1,1
3584_20210629_3_1_a9_3_2_13_1_233,/content/drive/MyDrive/CD2_DSA/raw/val/images/3584_20210629_3_1_a9_3_2_13_1_233.jpg,1,1
1487_20210622_3_1_a9_3_2_13_2_59,/content/drive/MyDrive/CD2_DSA/raw/val/images/1487_20210622_3_1_a9_3_2_13_2_59.jpg,1,0
307598_20210914_3_0_0_3_2_11_0_198,/content/drive/MyDrive/CD2_DSA/raw/val/images/307598_20210914_3_0_0_3_2_11_0_198.jpg,0,0
71206_20210624_3_0_0_3_2_13_0_59,/content/drive/MyDrive/CD2_DSA/raw/val/images/71206_20210624_3_0_0_3_2_13_0_59.jpg,0,0
4745_20210622_3_1_a9_3_2_13_2_113,/content/drive/MyDrive/CD2_DSA/raw/val/images/4745_20210622_3_1_a9_3_2_13_2_113.jpg,1,1
307410_20210914_3_0_0_3_2_11_0_10,/content/drive/MyDrive/CD2_DSA/raw/val/images/307410_20210914_3_0_0_3_2_11_0_10.jpg,0,0
65900_20210624_3_0_0_4_2_13_0_31,/content/drive/MyDrive/CD2_DSA/raw/val/images/65900_20210624_3_0_0_4_2_13_0_31.jpg,0,0
676_20210622_3_1_a9_3_2_13_1_41,/content/drive/MyDrive/CD2_DSA/raw/val/images/676_20210622_3_1_a9_3_2_13_1_41.jpg,1,1
311984_20210914_3_0_0_3_2_11_0_107,/content/drive/MyDrive/CD2_DSA/raw/val/images/311984_20210914_3_0_0_3_2_11_0_107.jpg,0,0
109465_20210624_3_0_0_3_2_13_0_79,/content/drive/MyDrive/CD2_DSA/raw/val/images/109465_20210624_3_0_0_3_2_13_0_79.jpg,0,0
308305_20210914_3_0_0_3_2_11_0_205,/content/drive/MyDrive/CD2_DSA/raw/val/images/308305_20210914_3_0_0_3_2_11_0_205.jpg,0,0
311909_20210914_3_0_0_3_2_11_0_32,/content/drive/MyDrive/CD2_DSA/raw/val/images/311909_20210914_3_0_0_3_2_11_0_32.jpg,0,0
170856_20210624_3_0_0_5_2_13_0_50,/content/drive/MyDrive/CD2_DSA/raw/val/images/170856_20210624_3_0_0_5_2_13_0_50.jpg,0,0
67423_20210624_3_0_0_1_2_13_0_24,/content/drive/MyDrive/CD2_DSA/raw/val/images/67423_20210624_3_0_0_1_2_13_0_24.jpg,0,0
7150_20210624_3_0_0_1_2_13_0_194,/content/drive/MyDrive/CD2_DSA/raw/val/images/7150_20210624_3_0_0_1_2_13_0_194.jpg,0,0
125632_20210624_3_0_0_2_2_13_0_36,/content/drive/MyDrive/CD2_DSA/raw/val/images/125632_20210624_3_0_0_2_2_13_0_36.jpg,0,0
308635_20210914_3_0_0_5_2_11_0_112,/content/drive/MyDrive/CD2_DSA/raw/val/images/308635_20210914_3_0_0_5_2_11_0_112.jpg,0,0
308252_20210914_3_0_0_3_2_11_0_152,/content/drive/MyDrive/CD2_DSA/raw/val/images/308252_20210914_3_0_0_3_2_11_0_152.jpg,0,0
1463_20210622_3_1_a9_3_2_13_2_35,/content/drive/MyDrive/CD2_DSA/raw/val/images/1463_20210622_3_1_a9_3_2_13_2_35.jpg,1,0
106552_20210624_3_0_0_1_2_13_0_149,/content/drive/MyDrive/CD2_DSA/raw/val/images/106552_20210624_3_0_0_1_2_13_0_149.jpg,0,0
308559_20210914_3_0_0_5_2_11_0_35,/content/drive/MyDrive/CD2_DSA/raw/val/images/308559_20210914_3_0_0_5_2_11_0_35.jpg,0,0
15408_20210622_3_1_a9_3_2_13_3_112,/content/drive/MyDrive/CD2_DSA/raw/val/images/15408_20210622_3_1_a9_3_2_13_3_112.jpg,1,1
16893_20210622_3_1_a9_3_2_13_1_53,/content/drive/MyDrive/CD2_DSA/raw/val/images/16893_20210622_3_1_a9_3_2_13_1_53.jpg,1,1
304038_20210913_3_0_0_3_2_11_0_275,/content/drive/MyDrive/CD2_DSA/raw/val/images/304038_20210913_3_0_0_3_2_11_0_275.jpg,0,0
308231_20210914_3_0_0_3_2_11_0_131,/content/drive/MyDrive/CD2_DSA/raw/val/images/308231_20210914_3_0_0_3_2_11_0_131.jpg,0,0
311991_20210914_3_0_0_3_2_11_0_114,/content/drive/MyDrive/CD2_DSA/raw/val/images/311991_20210914_3_0_0_3_2_11_0_114.jpg,0,0
308867_20210914_3_0_0_5_2_11_0_343,/content/drive/MyDrive/CD2_DSA/raw/val/images/308867_20210914_3_0_0_5_2_11_0_343.jpg,0,0
307631_20210914_3_0_0_3_2_11_0_231,/content/drive/MyDrive/CD2_DSA/raw/val/images/307631_20210914_3_0_0_3_2_11_0_231.jpg,0,0
15610_20210706_3_1_a9_3_2_13_3_41,/content/drive/MyDrive/CD2_DSA/raw/val/images/15610_20210706_3_1_a9_3_2_13_3_41.jpg,1,1
95459_20210624_3_0_0_1_2_13_0_125,/content/drive/MyDrive/CD2_DSA/raw/val/images/95459_20210624_3_0_0_1_2_13_0_125.jpg,0,0
83189_20210624_3_0_0_1_2_13_0_102,/content/drive/MyDrive/CD2_DSA/raw/val/images/83189_20210624_3_0_0_1_2_13_0_102.jpg,0,0
7233_20210622_3_1_a9_3_2_13_1_199,/content/drive/MyDrive/CD2_DSA/raw/val/images/7233_20210622_3_1_a9_3_2_13_1_199.jpg,1,1
16762_20210713_3_1_a9_3_2_13_3_24,/content/drive/MyDrive/CD2_DSA/raw/val/images/16762_20210713_3_1_a9_3_2_13_3_24.jpg,1,0
7145_20210624_3_0_0_1_2_13_0_189,/content/drive/MyDrive/CD2_DSA/raw/val/images/7145_20210624_3_0_0_1_2_13_0_189.jpg,0,0
22129_20210624_3_0_0_2_2_13_0_0,/content/drive/MyDrive/CD2_DSA/raw/val/images/22129_20210624_3_0_0_2_2_13_0_0.jpg,0,0
86433_20210624_3_0_0_5_2_13_0_12,/content/drive/MyDrive/CD2_DSA/raw/val/images/86433_20210624_3_0_0_5_2_13_0_12.jpg,0,0
308021_20210914_3_0_0_5_2_11_0_218,/content/drive/MyDrive/CD2_DSA/raw/val/images/308021_20210914_3_0_0_5_2_11_0_218.jpg,0,0
16850_20210622_3_1_a9_3_2_13_1_10,/content/drive/MyDrive/CD2_DSA/raw/val/images/16850_20210622_3_1_a9_3_2_13_1_10.jpg,1,1
5270_20210622_3_1_a9_3_2_13_2_146,/content/drive/MyDrive/CD2_DSA/raw/val/images/5270_20210622_3_1_a9_3_2_13_2_146.jpg,1,1
1601_20210622_3_1_a9_3_2_13_2_173,/content/drive/MyDrive/CD2_DSA/raw/val/images/1601_20210622_3_1_a9_3_2_13_2_173.jpg,1,1
311943_20210914_3_0_0_3_2_11_0_66,/content/drive/MyDrive/CD2_DSA/raw/val/images/311943_20210914_3_0_0_3_2_11_0_66.jpg,0,0
16586_20210706_3_1_a9_3_2_13_2_437,/content/drive/MyDrive/CD2_DSA/raw/val/images/16586_20210706_3_1_a9_3_2_13_2_437.jpg,1,1
106315_20210624_3_0_0_1_2_13_0_112,/content/drive/MyDrive/CD2_DSA/raw/val/images/106315_20210624_3_0_0_1_2_13_0_112.jpg,0,0
67531_20210624_3_0_0_1_2_13_0_132,/content/drive/MyDrive/CD2_DSA/raw/val/images/67531_20210624_3_0_0_1_2_13_0_132.jpg,0,0
2730_20210624_3_0_0_4_2_13_0_199,/content/drive/MyDrive/CD2_DSA/raw/val/images/2730_20210624_3_0_0_4_2_13_0_199.jpg,0,0
308128_20210914_3_0_0_3_2_11_0_28,/content/drive/MyDrive/CD2_DSA/raw/val/images/308128_20210914_3_0_0_3_2_11_0_28.jpg,0,0
16750_20210713_3_1_a9_3_2_13_3_12,/content/drive/MyDrive/CD2_DSA/raw/val/images/16750_20210713_3_1_a9_3_2_13_3_12.jpg,1,0
49065_20210624_3_0_0_1_2_13_0_139,/content/drive/MyDrive/CD2_DSA/raw/val/images/49065_20210624_3_0_0_1_2_13_0_139.jpg,0,0
67421_20210624_3_0_0_1_2_13_0_22,/content/drive/MyDrive/CD2_DSA/raw/val/images/67421_20210624_3_0_0_1_2_13_0_22.jpg,0,0
84356_20210708_3_0_0_1_2_13_0_214,/content/drive/MyDrive/CD2_DSA/raw/val/images/84356_20210708_3_0_0_1_2_13_0_214.jpg,0,0
11455_20210624_3_0_0_1_2_13_0_111,/content/drive/MyDrive/CD2_DSA/raw/val/images/11455_20210624_3_0_0_1_2_13_0_111.jpg,0,0
15839_20210622_3_1_a9_3_2_13_2_80,/content/drive/MyDrive/CD2_DSA/raw/val/images/15839_20210622_3_1_a9_3_2_13_2_80.jpg,1,1
108314_20210624_3_0_0_2_2_13_0_187,/content/drive/MyDrive/CD2_DSA/raw/val/images/108314_20210624_3_0_0_2_2_13_0_187.jpg,0,0
865_20210622_3_1_a9_3_2_13_3_63,/content/drive/MyDrive/CD2_DSA/raw/val/images/865_20210622_3_1_a9_3_2_13_3_63.jpg,1,1
9137_20210624_3_0_0_2_2_13_0_131,/content/drive/MyDrive/CD2_DSA/raw/val/images/9137_20210624_3_0_0_2_2_13_0_131.jpg,0,0
106555_20210624_3_0_0_1_2_13_0_152,/content/drive/MyDrive/CD2_DSA/raw/val/images/106555_20210624_3_0_0_1_2_13_0_152.jpg,0,0
16265_20210706_3_1_a9_3_2_13_2_195,/content/drive/MyDrive/CD2_DSA/raw/val/images/16265_20210706_3_1_a9_3_2_13_2_195.jpg,1,1
308390_20210914_3_0_0_3_2_11_0_290,/content/drive/MyDrive/CD2_DSA/raw/val/images/308390_20210914_3_0_0_3_2_11_0_290.jpg,0,0
311744_20210803_3_0_0_3_2_11_0_76,/content/drive/MyDrive/CD2_DSA/raw/val/images/311744_20210803_3_0_0_3_2_11_0_76.jpg,0,0
106597_20210624_3_0_0_1_2_13_0_194,/content/drive/MyDrive/CD2_DSA/raw/val/images/106597_20210624_3_0_0_1_2_13_0_194.jpg,0,0
1075_20210624_3_0_0_1_2_13_0_130,/content/drive/MyDrive/CD2_DSA/raw/val/images/1075_20210624_3_0_0_1_2_13_0_130.jpg,0,0
307841_20210914_3_0_0_5_2_11_0_38,/content/drive/MyDrive/CD2_DSA/raw/val/images/307841_20210914_3_0_0_5_2_11_0_38.jpg,0,0
1654_20210622_3_1_a9_3_2_13_2_226,/content/drive/MyDrive/CD2_DSA/raw/val/images/1654_20210622_3_1_a9_3_2_13_2_226.jpg,1,0
106536_20210624_3_0_0_1_2_13_0_133,/content/drive/MyDrive/CD2_DSA/raw/val/images/106536_20210624_3_0_0_1_2_13_0_133.jpg,0,0
763_20210622_3_1_a9_3_2_13_1_128,/content/drive/MyDrive/CD2_DSA/raw/val/images/763_20210622_3_1_a9_3_2_13_1_128.jpg,1,1
4494_20210622_3_1_a9_3_2_13_2_62,/content/drive/MyDrive/CD2_DSA/raw/val/images/4494_20210622_3_1_a9_3_2_13_2_62.jpg,1,1
106554_20210624_3_0_0_1_2_13_0_151,/content/drive/MyDrive/CD2_DSA/raw/val/images/106554_20210624_3_0_0_1_2_13_0_151.jpg,0,0
6612_20210622_3_1_a9_3_2_13_1_140,/content/drive/MyDrive/CD2_DSA/raw/val/images/6612_20210622_3_1_a9_3_2_13_1_140.jpg,1,1
7140_20210624_3_0_0_1_2_13_0_184,/content/drive/MyDrive/CD2_DSA/raw/val/images/7140_20210624_3_0_0_1_2_13_0_184.jpg,0,0
86848_20210624_3_0_0_1_2_13_0_173,/content/drive/MyDrive/CD2_DSA/raw/val/images/86848_20210624_3_0_0_1_2_13_0_173.jpg,0,0
308824_20210914_3_0_0_5_2_11_0_300,/content/drive/MyDrive/CD2_DSA/raw/val/images/308824_20210914_3_0_0_5_2_11_0_300.jpg,0,0
71184_20210624_3_0_0_3_2_13_0_37,/content/drive/MyDrive/CD2_DSA/raw/val/images/71184_20210624_3_0_0_3_2_13_0_37.jpg,0,0
11770_20210624_3_0_0_1_2_13_0_124,/content/drive/MyDrive/CD2_DSA/raw/val/images/11770_20210624_3_0_0_1_2_13_0_124.jpg,0,0
304090_20210913_3_0_0_3_2_11_0_327,/content/drive/MyDrive/CD2_DSA/raw/val/images/304090_20210913_3_0_0_3_2_11_0_327.jpg,0,0
1737_20210622_3_1_a9_3_2_13_2_309,/content/drive/MyDrive/CD2_DSA/raw/val/images/1737_20210622_3_1_a9_3_2_13_2_309.jpg,1,1
83201_20210624_3_0_0_1_2_13_0_114,/content/drive/MyDrive/CD2_DSA/raw/val/images/83201_20210624_3_0_0_1_2_13_0_114.jpg,0,0
16696_20210706_3_1_a9_3_2_13_2_547,/content/drive/MyDrive/CD2_DSA/raw/val/images/16696_20210706_3_1_a9_3_2_13_2_547.jpg,1,1
3365_20210629_3_1_a9_3_2_13_1_120,/content/drive/MyDrive/CD2_DSA/raw/val/images/3365_20210629_3_1_a9_3_2_13_1_120.jpg,1,1
708_20210622_3_1_a9_3_2_13_1_73,/content/drive/MyDrive/CD2_DSA/raw/val/images/708_20210622_3_1_a9_3_2_13_1_73.jpg,1,1
15785_20210622_3_1_a9_3_2_13_2_26,/content/drive/MyDrive/CD2_DSA/raw/val/images/15785_20210622_3_1_a9_3_2_13_2_26.jpg,1,1
15379_20210622_3_1_a9_3_2_13_3_83,/content/drive/MyDrive/CD2_DSA/raw/val/images/15379_20210622_3_1_a9_3_2_13_3_83.jpg,1,1
307994_20210914_3_0_0_5_2_11_0_191,/content/drive/MyDrive/CD2_DSA/raw/val/images/307994_20210914_3_0_0_5_2_11_0_191.jpg,0,0
95239_20210624_3_0_0_1_2_13_0_60,/content/drive/MyDrive/CD2_DSA/raw/val/images/95239_20210624_3_0_0_1_2_13_0_60.jpg,0,0
311997_20210914_3_0_0_3_2_11_0_120,/content/drive/MyDrive/CD2_DSA/raw/val/images/311997_20210914_3_0_0_3_2_11_0_120.jpg,0,0
4497_20210622_3_1_a9_3_2_13_2_65,/content/drive/MyDrive/CD2_DSA/raw/val/images/4497_20210622_3_1_a9_3_2_13_2_65.jpg,1,1
95233_20210624_3_0_0_1_2_13_0_54,/content/drive/MyDrive/CD2_DSA/raw/val/images/95233_20210624_3_0_0_1_2_13_0_54.jpg,0,0
95277_20210624_3_0_0_1_2_13_0_98,/content/drive/MyDrive/CD2_DSA/raw/val/images/95277_20210624_3_0_0_1_2_13_0_98.jpg,0,0
15126_20210622_3_1_a9_3_2_13_3_37,/content/drive/MyDrive/CD2_DSA/raw/val/images/15126_20210622_3_1_a9_3_2_13_3_37.jpg,1,1
170901_20210624_3_0_0_5_2_13_0_95,/content/drive/MyDrive/CD2_DSA/raw/val/images/170901_20210624_3_0_0_5_2_13_0_95.jpg,0,0
308031_20210914_3_0_0_5_2_11_0_228,/content/drive/MyDrive/CD2_DSA/raw/val/images/308031_20210914_3_0_0_5_2_11_0_228.jpg,0,0
6028_20210622_3_1_a9_3_2_13_1_77,/content/drive/MyDrive/CD2_DSA/raw/val/images/6028_20210622_3_1_a9_3_2_13_1_77.jpg,1,1
49078_20210624_3_0_0_1_2_13_0_152,/content/drive/MyDrive/CD2_DSA/raw/val/images/49078_20210624_3_0_0_1_2_13_0_152.jpg,0,0
311961_20210914_3_0_0_3_2_11_0_84,/content/drive/MyDrive/CD2_DSA/raw/val/images/311961_20210914_3_0_0_3_2_11_0_84.jpg,0,0
125133_20210624_3_0_0_1_2_13_0_164,/content/drive/MyDrive/CD2_DSA/raw/val/images/125133_20210624_3_0_0_1_2_13_0_164.jpg,0,0
307754_20210914_3_0_0_3_2_11_0_354,/content/drive/MyDrive/CD2_DSA/raw/val/images/307754_20210914_3_0_0_3_2_11_0_354.jpg,0,0
307591_20210914_3_0_0_3_2_11_0_191,/content/drive/MyDrive/CD2_DSA/raw/val/images/307591_20210914_3_0_0_3_2_11_0_191.jpg,0,0
68539_20210624_3_0_0_2_2_13_0_49,/content/drive/MyDrive/CD2_DSA/raw/val/images/68539_20210624_3_0_0_2_2_13_0_49.jpg,0,0
103790_20210624_3_0_0_4_2_13_0_68,/content/drive/MyDrive/CD2_DSA/raw/val/images/103790_20210624_3_0_0_4_2_13_0_68.jpg,0,0
308767_20210914_3_0_0_5_2_11_0_243,/content/drive/MyDrive/CD2_DSA/raw/val/images/308767_20210914_3_0_0_5_2_11_0_243.jpg,0,0
65937_20210624_3_0_0_4_2_13_0_68,/content/drive/MyDrive/CD2_DSA/raw/val/images/65937_20210624_3_0_0_4_2_13_0_68.jpg,0,0
3784_20210629_3_1_a9_3_2_13_2_114,/content/drive/MyDrive/CD2_DSA/raw/val/images/3784_20210629_3_1_a9_3_2_13_2_114.jpg,1,1
705_20210622_3_1_a9_3_2_13_1_70,/content/drive/MyDrive/CD2_DSA/raw/val/images/705_20210622_3_1_a9_3_2_13_1_70.jpg,1,1
304286_20210913_3_0_0_3_2_11_0_523,/content/drive/MyDrive/CD2_DSA/raw/val/images/304286_20210913_3_0_0_3_2_11_0_523.jpg,0,0
304192_20210913_3_0_0_3_2_11_0_429,/content/drive/MyDrive/CD2_DSA/raw/val/images/304192_20210913_3_0_0_3_2_11_0_429.jpg,0,0
3690_20210629_3_1_a9_3_2_13_2_69,/content/drive/MyDrive/CD2_DSA/raw/val/images/3690_20210629_3_1_a9_3_2_13_2_69.jpg,1,1
3642_20210629_3_1_a9_3_2_13_2_21,/content/drive/MyDrive/CD2_DSA/raw/val/images/3642_20210629_3_1_a9_3_2_13_2_21.jpg,1,1
16849_20210622_3_1_a9_3_2_13_1_9,/content/drive/MyDrive/CD2_DSA/raw/val/images/16849_20210622_3_1_a9_3_2_13_1_9.jpg,1,1
67600_20210624_3_0_0_1_2_13_0_171,/content/drive/MyDrive/CD2_DSA/raw/val/images/67600_20210624_3_0_0_1_2_13_0_171.jpg,0,0
307462_20210914_3_0_0_3_2_11_0_62,/content/drive/MyDrive/CD2_DSA/raw/val/images/307462_20210914_3_0_0_3_2_11_0_62.jpg,0,0
25361_20210624_3_0_0_5_2_13_0_86,/content/drive/MyDrive/CD2_DSA/raw/val/images/25361_20210624_3_0_0_5_2_13_0_86.jpg,0,0
16749_20210713_3_1_a9_3_2_13_3_11,/content/drive/MyDrive/CD2_DSA/raw/val/images/16749_20210713_3_1_a9_3_2_13_3_11.jpg,1,1
34078_20210624_3_0_0_3_2_13_0_26,/content/drive/MyDrive/CD2_DSA/raw/val/images/34078_20210624_3_0_0_3_2_13_0_26.jpg,0,0
312111_20210914_3_0_0_3_2_11_0_234,/content/drive/MyDrive/CD2_DSA/raw/val/images/312111_20210914_3_0_0_3_2_11_0_234.jpg,0,0
16774_20210713_3_1_a9_3_2_13_3_36,/content/drive/MyDrive/CD2_DSA/raw/val/images/16774_20210713_3_1_a9_3_2_13_3_36.jpg,1,1
16645_20210706_3_1_a9_3_2_13_2_496,/content/drive/MyDrive/CD2_DSA/raw/val/images/16645_20210706_3_1_a9_3_2_13_2_496.jpg,1,1
5859_20210622_3_1_a9_3_2_13_1_48,/content/drive/MyDrive/CD2_DSA/raw/val/images/5859_20210622_3_1_a9_3_2_13_1_48.jpg,1,0
15842_20210622_3_1_a9_3_2_13_2_83,/content/drive/MyDrive/CD2_DSA/raw/val/images/15842_20210622_3_1_a9_3_2_13_2_83.jpg,1,0
123870_20210624_3_0_0_4_2_13_0_34,/content/drive/MyDrive/CD2_DSA/raw/val/images/123870_20210624_3_0_0_4_2_13_0_34.jpg,0,0
68500_20210624_3_0_0_2_2_13_0_10,/content/drive/MyDrive/CD2_DSA/raw/val/images/68500_20210624_3_0_0_2_2_13_0_10.jpg,0,0
1598_20210622_3_1_a9_3_2_13_2_170,/content/drive/MyDrive/CD2_DSA/raw/val/images/1598_20210622_3_1_a9_3_2_13_2_170.jpg,1,1
71220_20210624_3_0_0_3_2_13_0_73,/content/drive/MyDrive/CD2_DSA/raw/val/images/71220_20210624_3_0_0_3_2_13_0_73.jpg,0,0
950_20210624_3_0_0_1_2_13_0_5,/content/drive/MyDrive/CD2_DSA/raw/val/images/950_20210624_3_0_0_1_2_13_0_5.jpg,0,0
49072_20210624_3_0_0_1_2_13_0_146,/content/drive/MyDrive/CD2_DSA/raw/val/images/49072_20210624_3_0_0_1_2_13_0_146.jpg,0,0
108299_20210624_3_0_0_2_2_13_0_172,/content/drive/MyDrive/CD2_DSA/raw/val/images/108299_20210624_3_0_0_2_2_13_0_172.jpg,0,0
696_20210622_3_1_a9_3_2_13_1_61,/content/drive/MyDrive/CD2_DSA/raw/val/images/696_20210622_3_1_a9_3_2_13_1_61.jpg,1,1
308583_20210914_3_0_0_5_2_11_0_59,/content/drive/MyDrive/CD2_DSA/raw/val/images/308583_20210914_3_0_0_5_2_11_0_59.jpg,0,0
3153_20210629_3_1_a9_3_2_13_1_8,/content/drive/MyDrive/CD2_DSA/raw/val/images/3153_20210629_3_1_a9_3_2_13_1_8.jpg,1,1
304311_20210913_3_0_0_3_2_11_0_548,/content/drive/MyDrive/CD2_DSA/raw/val/images/304311_20210913_3_0_0_3_2_11_0_548.jpg,0,0
943_20210622_3_1_a9_3_2_13_3_141,/content/drive/MyDrive/CD2_DSA/raw/val/images/943_20210622_3_1_a9_3_2_13_3_141.jpg,1,1
16288_20210706_3_1_a9_3_2_13_2_218,/content/drive/MyDrive/CD2_DSA/raw/val/images/16288_20210706_3_1_a9_3_2_13_2_218.jpg,1,1
15849_20210622_3_1_a9_3_2_13_2_90,/content/drive/MyDrive/CD2_DSA/raw/val/images/15849_20210622_3_1_a9_3_2_13_2_90.jpg,1,0
16675_20210706_3_1_a9_3_2_13_2_526,/content/drive/MyDrive/CD2_DSA/raw/val/images/16675_20210706_3_1_a9_3_2_13_2_526.jpg,1,1
308621_20210914_3_0_0_5_2_11_0_97,/content/drive/MyDrive/CD2_DSA/raw/val/images/308621_20210914_3_0_0_5_2_11_0_97.jpg,0,0
95521_20210624_3_0_0_1_2_13_0_187,/content/drive/MyDrive/CD2_DSA/raw/val/images/95521_20210624_3_0_0_1_2_13_0_187.jpg,0,0
308065_20210914_3_0_0_5_2_11_0_262,/content/drive/MyDrive/CD2_DSA/raw/val/images/308065_20210914_3_0_0_5_2_11_0_262.jpg,0,0
71168_20210624_3_0_0_3_2_13_0_21,/content/drive/MyDrive/CD2_DSA/raw/val/images/71168_20210624_3_0_0_3_2_13_0_21.jpg,0,0
15143_20210622_3_1_a9_3_2_13_3_54,/content/drive/MyDrive/CD2_DSA/raw/val/images/15143_20210622_3_1_a9_3_2_13_3_54.jpg,1,1
6019_20210622_3_1_a9_3_2_13_1_68,/content/drive/MyDrive/CD2_DSA/raw/val/images/6019_20210622_3_1_a9_3_2_13_1_68.jpg,1,1
32329_20210624_3_0_0_4_2_13_0_32,/content/drive/MyDrive/CD2_DSA/raw/val/images/32329_20210624_3_0_0_4_2_13_0_32.jpg,0,0
957_20210624_3_0_0_1_2_13_0_12,/content/drive/MyDrive/CD2_DSA/raw/val/images/957_20210624_3_0_0_1_2_13_0_12.jpg,0,0
311940_20210914_3_0_0_3_2_11_0_63,/content/drive/MyDrive/CD2_DSA/raw/val/images/311940_20210914_3_0_0_3_2_11_0_63.jpg,0,0
25676_20210624_3_0_0_5_2_13_0_100,/content/drive/MyDrive/CD2_DSA/raw/val/images/25676_20210624_3_0_0_5_2_13_0_100.jpg,0,0
16738_20210706_3_1_a9_3_2_13_2_589,/content/drive/MyDrive/CD2_DSA/raw/val/images/16738_20210706_3_1_a9_3_2_13_2_589.jpg,1,1
108091_20210624_3_0_0_2_2_13_0_79,/content/drive/MyDrive/CD2_DSA/raw/val/images/108091_20210624_3_0_0_2_2_13_0_79.jpg,0,0
16270_20210706_3_1_a9_3_2_13_2_200,/content/drive/MyDrive/CD2_DSA/raw/val/images/16270_20210706_3_1_a9_3_2_13_2_200.jpg,1,1
307580_20210914_3_0_0_3_2_11_0_180,/content/drive/MyDrive/CD2_DSA/raw/val/images/307580_20210914_3_0_0_3_2_11_0_180.jpg,0,0
308217_20210914_3_0_0_3_2_11_0_117,/content/drive/MyDrive/CD2_DSA/raw/val/images/308217_20210914_3_0_0_3_2_11_0_117.jpg,0,0
307551_20210914_3_0_0_3_2_11_0_151,/content/drive/MyDrive/CD2_DSA/raw/val/images/307551_20210914_3_0_0_3_2_11_0_151.jpg,0,0
67527_20210624_3_0_0_1_2_13_0_128,/content/drive/MyDrive/CD2_DSA/raw/val/images/67527_20210624_3_0_0_1_2_13_0_128.jpg,0,0
307705_20210914_3_0_0_3_2_11_0_305,/content/drive/MyDrive/CD2_DSA/raw/val/images/307705_20210914_3_0_0_3_2_11_0_305.jpg,0,0
1529_20210622_3_1_a9_3_2_13_2_101,/content/drive/MyDrive/CD2_DSA/raw/val/images/1529_20210622_3_1_a9_3_2_13_2_101.jpg,1,1
308259_20210914_3_0_0_3_2_11_0_159,/content/drive/MyDrive/CD2_DSA/raw/val/images/308259_20210914_3_0_0_3_2_11_0_159.jpg,0,0
3594_20210629_3_1_a9_3_2_13_1_243,/content/drive/MyDrive/CD2_DSA/raw/val/images/3594_20210629_3_1_a9_3_2_13_1_243.jpg,1,1
1552_20210622_3_1_a9_3_2_13_2_124,/content/drive/MyDrive/CD2_DSA/raw/val/images/1552_20210622_3_1_a9_3_2_13_2_124.jpg,1,1
95505_20210624_3_0_0_1_2_13_0_171,/content/drive/MyDrive/CD2_DSA/raw/val/images/95505_20210624_3_0_0_1_2_13_0_171.jpg,0,0
67582_20210624_3_0_0_1_2_13_0_153,/content/drive/MyDrive/CD2_DSA/raw/val/images/67582_20210624_3_0_0_1_2_13_0_153.jpg,0,0
10598_20210624_3_0_0_1_2_13_0_47,/content/drive/MyDrive/CD2_DSA/raw/val/images/10598_20210624_3_0_0_1_2_13_0_47.jpg,0,0
308734_20210914_3_0_0_5_2_11_0_210,/content/drive/MyDrive/CD2_DSA/raw/val/images/308734_20210914_3_0_0_5_2_11_0_210.jpg,0,0
728_20210622_3_1_a9_3_2_13_1_93,/content/drive/MyDrive/CD2_DSA/raw/val/images/728_20210622_3_1_a9_3_2_13_1_93.jpg,1,1
308430_20210914_3_0_0_3_2_11_0_330,/content/drive/MyDrive/CD2_DSA/raw/val/images/308430_20210914_3_0_0_3_2_11_0_330.jpg,0,0
6466_20210622_3_1_a9_3_2_13_1_115,/content/drive/MyDrive/CD2_DSA/raw/val/images/6466_20210622_3_1_a9_3_2_13_1_115.jpg,1,1
308588_20210914_3_0_0_5_2_11_0_64,/content/drive/MyDrive/CD2_DSA/raw/val/images/308588_20210914_3_0_0_5_2_11_0_64.jpg,0,0
66249_20210624_3_0_0_4_2_13_0_150,/content/drive/MyDrive/CD2_DSA/raw/val/images/66249_20210624_3_0_0_4_2_13_0_150.jpg,0,0
83269_20210624_3_0_0_1_2_13_0_182,/content/drive/MyDrive/CD2_DSA/raw/val/images/83269_20210624_3_0_0_1_2_13_0_182.jpg,0,0
1477_20210622_3_1_a9_3_2_13_2_49,/content/drive/MyDrive/CD2_DSA/raw/val/images/1477_20210622_3_1_a9_3_2_13_2_49.jpg,1,1
12106_20210624_3_0_0_1_2_13_0_151,/content/drive/MyDrive/CD2_DSA/raw/val/images/12106_20210624_3_0_0_1_2_13_0_151.jpg,0,0
34079_20210624_3_0_0_3_2_13_0_27,/content/drive/MyDrive/CD2_DSA/raw/val/images/34079_20210624_3_0_0_3_2_13_0_27.jpg,0,0
68508_20210624_3_0_0_2_2_13_0_18,/content/drive/MyDrive/CD2_DSA/raw/val/images/68508_20210624_3_0_0_2_2_13_0_18.jpg,0,0
311879_20210914_3_0_0_3_2_11_0_2,/content/drive/MyDrive/CD2_DSA/raw/val/images/311879_20210914_3_0_0_3_2_11_0_2.jpg,0,0
308586_20210914_3_0_0_5_2_11_0_62,/content/drive/MyDrive/CD2_DSA/raw/val/images/308586_20210914_3_0_0_5_2_11_0_62.jpg,0,0
1684_20210622_3_1_a9_3_2_13_2_256,/content/drive/MyDrive/CD2_DSA/raw/val/images/1684_20210622_3_1_a9_3_2_13_2_256.jpg,1,1
16729_20210706_3_1_a9_3_2_13_2_580,/content/drive/MyDrive/CD2_DSA/raw/val/images/16729_20210706_3_1_a9_3_2_13_2_580.jpg,1,0
15497_20210622_3_1_a9_3_2_13_3_201,/content/drive/MyDrive/CD2_DSA/raw/val/images/15497_20210622_3_1_a9_3_2_13_3_201.jpg,1,1
32298_20210624_3_0_0_4_2_13_0_1,/content/drive/MyDrive/CD2_DSA/raw/val/images/32298_20210624_3_0_0_4_2_13_0_1.jpg,0,0
16684_20210706_3_1_a9_3_2_13_2_535,/content/drive/MyDrive/CD2_DSA/raw/val/images/16684_20210706_3_1_a9_3_2_13_2_535.jpg,1,1
308664_20210914_3_0_0_5_2_11_0_141,/content/drive/MyDrive/CD2_DSA/raw/val/images/308664_20210914_3_0_0_5_2_11_0_141.jpg,0,0
304095_20210913_3_0_0_3_2_11_0_332,/content/drive/MyDrive/CD2_DSA/raw/val/images/304095_20210913_3_0_0_3_2_11_0_332.jpg,0,0
103768_20210624_3_0_0_4_2_13_0_46,/content/drive/MyDrive/CD2_DSA/raw/val/images/103768_20210624_3_0_0_4_2_13_0_46.jpg,0,0
307964_20210914_3_0_0_5_2_11_0_161,/content/drive/MyDrive/CD2_DSA/raw/val/images/307964_20210914_3_0_0_5_2_11_0_161.jpg,0,0
311895_20210914_3_0_0_3_2_11_0_18,/content/drive/MyDrive/CD2_DSA/raw/val/images/311895_20210914_3_0_0_3_2_11_0_18.jpg,0,0
15807_20210622_3_1_a9_3_2_13_2_48,/content/drive/MyDrive/CD2_DSA/raw/val/images/15807_20210622_3_1_a9_3_2_13_2_48.jpg,1,1
307854_20210914_3_0_0_5_2_11_0_51,/content/drive/MyDrive/CD2_DSA/raw/val/images/307854_20210914_3_0_0_5_2_11_0_51.jpg,0,0
49027_20210624_3_0_0_1_2_13_0_101,/content/drive/MyDrive/CD2_DSA/raw/val/images/49027_20210624_3_0_0_1_2_13_0_101.jpg,0,0
66279_20210624_3_0_0_4_2_13_0_180,/content/drive/MyDrive/CD2_DSA/raw/val/images/66279_20210624_3_0_0_4_2_13_0_180.jpg,0,0
86532_20210624_3_0_0_1_2_13_0_101,/content/drive/MyDrive/CD2_DSA/raw/val/images/86532_20210624_3_0_0_1_2_13_0_101.jpg,0,0
15676_20210706_3_1_a9_3_2_13_3_107,/content/drive/MyDrive/CD2_DSA/raw/val/images/15676_20210706_3_1_a9_3_2_13_3_107.jpg,1,1
7171_20210624_3_0_0_1_2_13_0_215,/content/drive/MyDrive/CD2_DSA/raw/val/images/7171_20210624_3_0_0_1_2_13_0_215.jpg,0,0
312162_20210914_3_0_0_3_2_11_0_285,/content/drive/MyDrive/CD2_DSA/raw/val/images/312162_20210914_3_0_0_3_2_11_0_285.jpg,0,0
311750_20210803_3_0_0_3_2_11_0_82,/content/drive/MyDrive/CD2_DSA/raw/val/images/311750_20210803_3_0_0_3_2_11_0_82.jpg,0,0
14617_20210624_3_0_0_3_2_13_0_129,/content/drive/MyDrive/CD2_DSA/raw/val/images/14617_20210624_3_0_0_3_2_13_0_129.jpg,0,0
16928_20210622_3_1_a9_3_2_13_2_18,/content/drive/MyDrive/CD2_DSA/raw/val/images/16928_20210622_3_1_a9_3_2_13_2_18.jpg,1,0
17040_20210622_3_1_a9_3_2_13_1_161,/content/drive/MyDrive/CD2_DSA/raw/val/images/17040_20210622_3_1_a9_3_2_13_1_161.jpg,1,0
6459_20210622_3_1_a9_3_2_13_1_108,/content/drive/MyDrive/CD2_DSA/raw/val/images/6459_20210622_3_1_a9_3_2_13_1_108.jpg,1,1
10481_20210624_3_0_0_1_2_13_0_30,/content/drive/MyDrive/CD2_DSA/raw/val/images/10481_20210624_3_0_0_1_2_13_0_30.jpg,0,0
1083_20210624_3_0_0_1_2_13_0_138,/content/drive/MyDrive/CD2_DSA/raw/val/images/1083_20210624_3_0_0_1_2_13_0_138.jpg,0,0
308873_20210914_3_0_0_5_2_11_0_349,/content/drive/MyDrive/CD2_DSA/raw/val/images/308873_20210914_3_0_0_5_2_11_0_349.jpg,0,0
307537_20210914_3_0_0_3_2_11_0_137,/content/drive/MyDrive/CD2_DSA/raw/val/images/307537_20210914_3_0_0_3_2_11_0_137.jpg,0,0
49111_20210624_3_0_0_1_2_13_0_185,/content/drive/MyDrive/CD2_DSA/raw/val/images/49111_20210624_3_0_0_1_2_13_0_185.jpg,0,0
125626_20210624_3_0_0_2_2_13_0_30,/content/drive/MyDrive/CD2_DSA/raw/val/images/125626_20210624_3_0_0_2_2_13_0_30.jpg,0,0
16313_20210706_3_1_a9_3_2_13_2_243,/content/drive/MyDrive/CD2_DSA/raw/val/images/16313_20210706_3_1_a9_3_2_13_2_243.jpg,1,1
123875_20210624_3_0_0_4_2_13_0_39,/content/drive/MyDrive/CD2_DSA/raw/val/images/123875_20210624_3_0_0_4_2_13_0_39.jpg,0,0
307711_20210914_3_0_0_3_2_11_0_311,/content/drive/MyDrive/CD2_DSA/raw/val/images/307711_20210914_3_0_0_3_2_11_0_311.jpg,0,0
83279_20210624_3_0_0_1_2_13_0_192,/content/drive/MyDrive/CD2_DSA/raw/val/images/83279_20210624_3_0_0_1_2_13_0_192.jpg,0,0
15881_20210622_3_1_a9_3_2_13_2_122,/content/drive/MyDrive/CD2_DSA/raw/val/images/15881_20210622_3_1_a9_3_2_13_2_122.jpg,1,1
16059_20210706_3_1_a9_3_2_13_2_69,/content/drive/MyDrive/CD2_DSA/raw/val/images/16059_20210706_3_1_a9_3_2_13_2_69.jpg,1,1
65982_20210624_3_0_0_4_2_13_0_113,/content/drive/MyDrive/CD2_DSA/raw/val/images/65982_20210624_3_0_0_4_2_13_0_113.jpg,0,0
125135_20210624_3_0_0_1_2_13_0_166,/content/drive/MyDrive/CD2_DSA/raw/val/images/125135_20210624_3_0_0_1_2_13_0_166.jpg,0,0
67470_20210624_3_0_0_1_2_13_0_71,/content/drive/MyDrive/CD2_DSA/raw/val/images/67470_20210624_3_0_0_1_2_13_0_71.jpg,0,0
108315_20210624_3_0_0_2_2_13_0_188,/content/drive/MyDrive/CD2_DSA/raw/val/images/108315_20210624_3_0_0_2_2_13_0_188.jpg,0,0
16953_20210622_3_1_a9_3_2_13_1_74,/content/drive/MyDrive/CD2_DSA/raw/val/images/16953_20210622_3_1_a9_3_2_13_1_74.jpg,1,1
312076_20210914_3_0_0_3_2_11_0_199,/content/drive/MyDrive/CD2_DSA/raw/val/images/312076_20210914_3_0_0_3_2_11_0_199.jpg,0,0
68505_20210624_3_0_0_2_2_13_0_15,/content/drive/MyDrive/CD2_DSA/raw/val/images/68505_20210624_3_0_0_2_2_13_0_15.jpg,0,0
308452_20210914_3_0_0_3_2_11_0_352,/content/drive/MyDrive/CD2_DSA/raw/val/images/308452_20210914_3_0_0_3_2_11_0_352.jpg,0,0
67486_20210624_3_0_0_1_2_13_0_87,/content/drive/MyDrive/CD2_DSA/raw/val/images/67486_20210624_3_0_0_1_2_13_0_87.jpg,0,0
106538_20210624_3_0_0_1_2_13_0_135,/content/drive/MyDrive/CD2_DSA/raw/val/images/106538_20210624_3_0_0_1_2_13_0_135.jpg,0,0
307574_20210914_3_0_0_3_2_11_0_174,/content/drive/MyDrive/CD2_DSA/raw/val/images/307574_20210914_3_0_0_3_2_11_0_174.jpg,0,0
4743_20210622_3_1_a9_3_2_13_2_111,/content/drive/MyDrive/CD2_DSA/raw/val/images/4743_20210622_3_1_a9_3_2_13_2_111.jpg,1,1
16499_20210706_3_1_a9_3_2_13_3_14,/content/drive/MyDrive/CD2_DSA/raw/val/images/16499_20210706_3_1_a9_3_2_13_3_14.jpg,1,0
312050_20210914_3_0_0_3_2_11_0_173,/content/drive/MyDrive/CD2_DSA/raw/val/images/312050_20210914_3_0_0_3_2_11_0_173.jpg,0,0
308686_20210914_3_0_0_5_2_11_0_163,/content/drive/MyDrive/CD2_DSA/raw/val/images/308686_20210914_3_0_0_5_2_11_0_163.jpg,0,0
16856_20210622_3_1_a9_3_2_13_1_16,/content/drive/MyDrive/CD2_DSA/raw/val/images/16856_20210622_3_1_a9_3_2_13_1_16.jpg,1,1
16483_20210706_3_1_a9_3_2_13_2_399,/content/drive/MyDrive/CD2_DSA/raw/val/images/16483_20210706_3_1_a9_3_2_13_2_399.jpg,1,0
86170_20210624_3_0_0_1_2_13_0_29,/content/drive/MyDrive/CD2_DSA/raw/val/images/86170_20210624_3_0_0_1_2_13_0_29.jpg,0,0
308507_20210914_3_0_0_3_2_11_0_407,/content/drive/MyDrive/CD2_DSA/raw/val/images/308507_20210914_3_0_0_3_2_11_0_407.jpg,0,0
15392_20210622_3_1_a9_3_2_13_3_96,/content/drive/MyDrive/CD2_DSA/raw/val/images/15392_20210622_3_1_a9_3_2_13_3_96.jpg,1,0
308725_20210914_3_0_0_5_2_11_0_201,/content/drive/MyDrive/CD2_DSA/raw/val/images/308725_20210914_3_0_0_5_2_11_0_201.jpg,0,0
16919_20210622_3_1_a9_3_2_13_2_9,/content/drive/MyDrive/CD2_DSA/raw/val/images/16919_20210622_3_1_a9_3_2_13_2_9.jpg,1,1
16393_20210706_3_1_a9_3_2_13_2_309,/content/drive/MyDrive/CD2_DSA/raw/val/images/16393_20210706_3_1_a9_3_2_13_2_309.jpg,1,1
108330_20210624_3_0_0_2_2_13_0_203,/content/drive/MyDrive/CD2_DSA/raw/val/images/108330_20210624_3_0_0_2_2_13_0_203.jpg,0,0
170811_20210624_3_0_0_5_2_13_0_5,/content/drive/MyDrive/CD2_DSA/raw/val/images/170811_20210624_3_0_0_5_2_13_0_5.jpg,0,0
26105_20210624_3_0_0_5_2_13_0_154,/content/drive/MyDrive/CD2_DSA/raw/val/images/26105_20210624_3_0_0_5_2_13_0_154.jpg,0,0
83265_20210624_3_0_0_1_2_13_0_178,/content/drive/MyDrive/CD2_DSA/raw/val/images/83265_20210624_3_0_0_1_2_13_0_178.jpg,0,0
7610_20210622_3_1_a9_3_2_13_1_223,/content/drive/MyDrive/CD2_DSA/raw/val/images/7610_20210622_3_1_a9_3_2_13_1_223.jpg,1,1
308818_20210914_3_0_0_5_2_11_0_294,/content/drive/MyDrive/CD2_DSA/raw/val/images/308818_20210914_3_0_0_5_2_11_0_294.jpg,0,0
15134_20210622_3_1_a9_3_2_13_3_45,/content/drive/MyDrive/CD2_DSA/raw/val/images/15134_20210622_3_1_a9_3_2_13_3_45.jpg,1,0
16482_20210706_3_1_a9_3_2_13_2_398,/content/drive/MyDrive/CD2_DSA/raw/val/images/16482_20210706_3_1_a9_3_2_13_2_398.jpg,1,0
108320_20210624_3_0_0_2_2_13_0_193,/content/drive/MyDrive/CD2_DSA/raw/val/images/108320_20210624_3_0_0_2_2_13_0_193.jpg,0,0
308340_20210914_3_0_0_3_2_11_0_240,/content/drive/MyDrive/CD2_DSA/raw/val/images/308340_20210914_3_0_0_3_2_11_0_240.jpg,0,0
308620_20210914_3_0_0_5_2_11_0_96,/content/drive/MyDrive/CD2_DSA/raw/val/images/308620_20210914_3_0_0_5_2_11_0_96.jpg,0,0
311693_20210803_3_0_0_3_2_11_0_25,/content/drive/MyDrive/CD2_DSA/raw/val/images/311693_20210803_3_0_0_3_2_11_0_25.jpg,0,0
15856_20210622_3_1_a9_3_2_13_2_97,/content/drive/MyDrive/CD2_DSA/raw/val/images/15856_20210622_3_1_a9_3_2_13_2_97.jpg,1,1
5261_20210622_3_1_a9_3_2_13_2_137,/content/drive/MyDrive/CD2_DSA/raw/val/images/5261_20210622_3_1_a9_3_2_13_2_137.jpg,1,0
308296_20210914_3_0_0_3_2_11_0_196,/content/drive/MyDrive/CD2_DSA/raw/val/images/308296_20210914_3_0_0_3_2_11_0_196.jpg,0,0
308784_20210914_3_0_0_5_2_11_0_260,/content/drive/MyDrive/CD2_DSA/raw/val/images/308784_20210914_3_0_0_5_2_11_0_260.jpg,0,0
16627_20210706_3_1_a9_3_2_13_2_478,/content/drive/MyDrive/CD2_DSA/raw/val/images/16627_20210706_3_1_a9_3_2_13_2_478.jpg,1,1
126068_20210624_3_0_0_5_2_13_0_3,/content/drive/MyDrive/CD2_DSA/raw/val/images/126068_20210624_3_0_0_5_2_13_0_3.jpg,0,0
304113_20210913_3_0_0_3_2_11_0_350,/content/drive/MyDrive/CD2_DSA/raw/val/images/304113_20210913_3_0_0_3_2_11_0_350.jpg,0,0
307447_20210914_3_0_0_3_2_11_0_47,/content/drive/MyDrive/CD2_DSA/raw/val/images/307447_20210914_3_0_0_3_2_11_0_47.jpg,0,0
304317_20210913_3_0_0_3_2_11_0_554,/content/drive/MyDrive/CD2_DSA/raw/val/images/304317_20210913_3_0_0_3_2_11_0_554.jpg,0,0
16992_20210622_3_1_a9_3_2_13_1_113,/content/drive/MyDrive/CD2_DSA/raw/val/images/16992_20210622_3_1_a9_3_2_13_1_113.jpg,1,0
170831_20210624_3_0_0_5_2_13_0_25,/content/drive/MyDrive/CD2_DSA/raw/val/images/170831_20210624_3_0_0_5_2_13_0_25.jpg,0,0
304049_20210913_3_0_0_3_2_11_0_286,/content/drive/MyDrive/CD2_DSA/raw/val/images/304049_20210913_3_0_0_3_2_11_0_286.jpg,0,0
662_20210622_3_1_a9_3_2_13_1_27,/content/drive/MyDrive/CD2_DSA/raw/val/images/662_20210622_3_1_a9_3_2_13_1_27.jpg,1,1
308163_20210914_3_0_0_3_2_11_0_63,/content/drive/MyDrive/CD2_DSA/raw/val/images/308163_20210914_3_0_0_3_2_11_0_63.jpg,0,0
311977_20210914_3_0_0_3_2_11_0_100,/content/drive/MyDrive/CD2_DSA/raw/val/images/311977_20210914_3_0_0_3_2_11_0_100.jpg,0,0
312145_20210914_3_0_0_3_2_11_0_268,/content/drive/MyDrive/CD2_DSA/raw/val/images/312145_20210914_3_0_0_3_2_11_0_268.jpg,0,0
106602_20210624_3_0_0_1_2_13_0_199,/content/drive/MyDrive/CD2_DSA/raw/val/images/106602_20210624_3_0_0_1_2_13_0_199.jpg,0,0
10555_20210624_3_0_0_3_2_13_0_61,/content/drive/MyDrive/CD2_DSA/raw/val/images/10555_20210624_3_0_0_3_2_13_0_61.jpg,0,0
658_20210622_3_1_a9_3_2_13_1_23,/content/drive/MyDrive/CD2_DSA/raw/val/images/658_20210622_3_1_a9_3_2_13_1_23.jpg,1,1
6042_20210622_3_1_a9_3_2_13_1_91,/content/drive/MyDrive/CD2_DSA/raw/val/images/6042_20210622_3_1_a9_3_2_13_1_91.jpg,1,1
67528_20210624_3_0_0_1_2_13_0_129,/content/drive/MyDrive/CD2_DSA/raw/val/images/67528_20210624_3_0_0_1_2_13_0_129.jpg,0,0
125605_20210624_3_0_0_2_2_13_0_9,/content/drive/MyDrive/CD2_DSA/raw/val/images/125605_20210624_3_0_0_2_2_13_0_9.jpg,0,0
307765_20210914_3_0_0_3_2_11_0_365,/content/drive/MyDrive/CD2_DSA/raw/val/images/307765_20210914_3_0_0_3_2_11_0_365.jpg,0,0
16259_20210706_3_1_a9_3_2_13_2_189,/content/drive/MyDrive/CD2_DSA/raw/val/images/16259_20210706_3_1_a9_3_2_13_2_189.jpg,1,1
65906_20210624_3_0_0_4_2_13_0_37,/content/drive/MyDrive/CD2_DSA/raw/val/images/65906_20210624_3_0_0_4_2_13_0_37.jpg,0,0
1103_20210624_3_0_0_1_2_13_0_158,/content/drive/MyDrive/CD2_DSA/raw/val/images/1103_20210624_3_0_0_1_2_13_0_158.jpg,0,0
3579_20210629_3_1_a9_3_2_13_1_228,/content/drive/MyDrive/CD2_DSA/raw/val/images/3579_20210629_3_1_a9_3_2_13_1_228.jpg,1,1
82851_20210624_3_0_0_1_2_13_0_22,/content/drive/MyDrive/CD2_DSA/raw/val/images/82851_20210624_3_0_0_1_2_13_0_22.jpg,0,0
16505_20210706_3_1_a9_3_2_13_3_20,/content/drive/MyDrive/CD2_DSA/raw/val/images/16505_20210706_3_1_a9_3_2_13_3_20.jpg,1,1
49060_20210624_3_0_0_1_2_13_0_134,/content/drive/MyDrive/CD2_DSA/raw/val/images/49060_20210624_3_0_0_1_2_13_0_134.jpg,0,0
308610_20210914_3_0_0_5_2_11_0_86,/content/drive/MyDrive/CD2_DSA/raw/val/images/308610_20210914_3_0_0_5_2_11_0_86.jpg,0,0
857_20210622_3_1_a9_3_2_13_3_55,/content/drive/MyDrive/CD2_DSA/raw/val/images/857_20210622_3_1_a9_3_2_13_3_55.jpg,1,1
307931_20210914_3_0_0_5_2_11_0_128,/content/drive/MyDrive/CD2_DSA/raw/val/images/307931_20210914_3_0_0_5_2_11_0_128.jpg,0,0
304256_20210913_3_0_0_3_2_11_0_493,/content/drive/MyDrive/CD2_DSA/raw/val/images/304256_20210913_3_0_0_3_2_11_0_493.jpg,0,0
977_20210624_3_0_0_1_2_13_0_32,/content/drive/MyDrive/CD2_DSA/raw/val/images/977_20210624_3_0_0_1_2_13_0_32.jpg,0,0
125682_20210624_3_0_0_2_2_13_0_86,/content/drive/MyDrive/CD2_DSA/raw/val/images/125682_20210624_3_0_0_2_2_13_0_86.jpg,0,0
3868_20210629_3_1_a9_3_2_13_3_77,/content/drive/MyDrive/CD2_DSA/raw/val/images/3868_20210629_3_1_a9_3_2_13_3_77.jpg,1,1
817_20210622_3_1_a9_3_2_13_3_15,/content/drive/MyDrive/CD2_DSA/raw/val/images/817_20210622_3_1_a9_3_2_13_3_15.jpg,1,1
308646_20210914_3_0_0_5_2_11_0_123,/content/drive/MyDrive/CD2_DSA/raw/val/images/308646_20210914_3_0_0_5_2_11_0_123.jpg,0,0
16667_20210706_3_1_a9_3_2_13_2_518,/content/drive/MyDrive/CD2_DSA/raw/val/images/16667_20210706_3_1_a9_3_2_13_2_518.jpg,1,0
15992_20210706_3_1_a9_3_2_13_2_2,/content/drive/MyDrive/CD2_DSA/raw/val/images/15992_20210706_3_1_a9_3_2_13_2_2.jpg,1,1
67506_20210624_3_0_0_1_2_13_0_107,/content/drive/MyDrive/CD2_DSA/raw/val/images/67506_20210624_3_0_0_1_2_13_0_107.jpg,0,0
16887_20210622_3_1_a9_3_2_13_1_47,/content/drive/MyDrive/CD2_DSA/raw/val/images/16887_20210622_3_1_a9_3_2_13_1_47.jpg,1,0
25360_20210624_3_0_0_5_2_13_0_85,/content/drive/MyDrive/CD2_DSA/raw/val/images/25360_20210624_3_0_0_5_2_13_0_85.jpg,0,0
16484_20210706_3_1_a9_3_2_13_2_400,/content/drive/MyDrive/CD2_DSA/raw/val/images/16484_20210706_3_1_a9_3_2_13_2_400.jpg,1,0
308602_20210914_3_0_0_5_2_11_0_78,/content/drive/MyDrive/CD2_DSA/raw/val/images/308602_20210914_3_0_0_5_2_11_0_78.jpg,0,0
1741_20210622_3_1_a9_3_2_13_2_313,/content/drive/MyDrive/CD2_DSA/raw/val/images/1741_20210622_3_1_a9_3_2_13_2_313.jpg,1,0
15633_20210706_3_1_a9_3_2_13_3_64,/content/drive/MyDrive/CD2_DSA/raw/val/images/15633_20210706_3_1_a9_3_2_13_3_64.jpg,1,1
170914_20210624_3_0_0_5_2_13_0_108,/content/drive/MyDrive/CD2_DSA/raw/val/images/170914_20210624_3_0_0_5_2_13_0_108.jpg,0,0
86868_20210624_3_0_0_1_2_13_0_193,/content/drive/MyDrive/CD2_DSA/raw/val/images/86868_20210624_3_0_0_1_2_13_0_193.jpg,0,0
307505_20210914_3_0_0_3_2_11_0_105,/content/drive/MyDrive/CD2_DSA/raw/val/images/307505_20210914_3_0_0_3_2_11_0_105.jpg,0,0
307827_20210914_3_0_0_5_2_11_0_24,/content/drive/MyDrive/CD2_DSA/raw/val/images/307827_20210914_3_0_0_5_2_11_0_24.jpg,0,0
8999_20210624_3_0_0_2_2_13_0_1,/content/drive/MyDrive/CD2_DSA/raw/val/images/8999_20210624_3_0_0_2_2_13_0_1.jpg,0,0
126084_20210624_3_0_0_5_2_13_0_19,/content/drive/MyDrive/CD2_DSA/raw/val/images/126084_20210624_3_0_0_5_2_13_0_19.jpg,0,0
7527_20210622_3_1_a9_3_2_13_1_206,/content/drive/MyDrive/CD2_DSA/raw/val/images/7527_20210622_3_1_a9_3_2_13_1_206.jpg,1,0
304075_20210913_3_0_0_3_2_11_0_312,/content/drive/MyDrive/CD2_DSA/raw/val/images/304075_20210913_3_0_0_3_2_11_0_312.jpg,0,0
4723_20210622_3_1_a9_3_2_13_2_91,/content/drive/MyDrive/CD2_DSA/raw/val/images/4723_20210622_3_1_a9_3_2_13_2_91.jpg,1,1
16476_20210706_3_1_a9_3_2_13_2_392,/content/drive/MyDrive/CD2_DSA/raw/val/images/16476_20210706_3_1_a9_3_2_13_2_392.jpg,1,1
15422_20210622_3_1_a9_3_2_13_3_126,/content/drive/MyDrive/CD2_DSA/raw/val/images/15422_20210622_3_1_a9_3_2_13_3_126.jpg,1,1
311956_20210914_3_0_0_3_2_11_0_79,/content/drive/MyDrive/CD2_DSA/raw/val/images/311956_20210914_3_0_0_3_2_11_0_79.jpg,0,0
304326_20210913_3_0_0_3_2_11_0_563,/content/drive/MyDrive/CD2_DSA/raw/val/images/304326_20210913_3_0_0_3_2_11_0_563.jpg,0,0
3180_20210629_3_1_a9_3_2_13_1_35,/content/drive/MyDrive/CD2_DSA/raw/val/images/3180_20210629_3_1_a9_3_2_13_1_35.jpg,1,1
311941_20210914_3_0_0_3_2_11_0_64,/content/drive/MyDrive/CD2_DSA/raw/val/images/311941_20210914_3_0_0_3_2_11_0_64.jpg,0,0
170905_20210624_3_0_0_5_2_13_0_99,/content/drive/MyDrive/CD2_DSA/raw/val/images/170905_20210624_3_0_0_5_2_13_0_99.jpg,0,0
6903_20210624_3_0_0_1_2_13_0_128,/content/drive/MyDrive/CD2_DSA/raw/val/images/6903_20210624_3_0_0_1_2_13_0_128.jpg,0,0
311698_20210803_3_0_0_3_2_11_0_30,/content/drive/MyDrive/CD2_DSA/raw/val/images/311698_20210803_3_0_0_3_2_11_0_30.jpg,0,0
16704_20210706_3_1_a9_3_2_13_2_555,/content/drive/MyDrive/CD2_DSA/raw/val/images/16704_20210706_3_1_a9_3_2_13_2_555.jpg,1,1
3675_20210629_3_1_a9_3_2_13_2_54,/content/drive/MyDrive/CD2_DSA/raw/val/images/3675_20210629_3_1_a9_3_2_13_2_54.jpg,1,1
7532_20210622_3_1_a9_3_2_13_1_211,/content/drive/MyDrive/CD2_DSA/raw/val/images/7532_20210622_3_1_a9_3_2_13_1_211.jpg,1,1
16793_20210713_3_1_a9_3_2_13_3_55,/content/drive/MyDrive/CD2_DSA/raw/val/images/16793_20210713_3_1_a9_3_2_13_3_55.jpg,1,0
67417_20210624_3_0_0_1_2_13_0_18,/content/drive/MyDrive/CD2_DSA/raw/val/images/67417_20210624_3_0_0_1_2_13_0_18.jpg,0,0
3593_20210629_3_1_a9_3_2_13_1_242,/content/drive/MyDrive/CD2_DSA/raw/val/images/3593_20210629_3_1_a9_3_2_13_1_242.jpg,1,0
67591_20210624_3_0_0_1_2_13_0_162,/content/drive/MyDrive/CD2_DSA/raw/val/images/67591_20210624_3_0_0_1_2_13_0_162.jpg,0,0
16613_20210706_3_1_a9_3_2_13_2_464,/content/drive/MyDrive/CD2_DSA/raw/val/images/16613_20210706_3_1_a9_3_2_13_2_464.jpg,1,0
3696_20210629_3_1_a9_3_2_13_2_75,/content/drive/MyDrive/CD2_DSA/raw/val/images/3696_20210629_3_1_a9_3_2_13_2_75.jpg,1,1
15761_20210622_3_1_a9_3_2_13_2_2,/content/drive/MyDrive/CD2_DSA/raw/val/images/15761_20210622_3_1_a9_3_2_13_2_2.jpg,1,1
11995_20210624_3_0_0_1_2_13_0_136,/content/drive/MyDrive/CD2_DSA/raw/val/images/11995_20210624_3_0_0_1_2_13_0_136.jpg,0,0
308026_20210914_3_0_0_5_2_11_0_223,/content/drive/MyDrive/CD2_DSA/raw/val/images/308026_20210914_3_0_0_5_2_11_0_223.jpg,0,0
26108_20210624_3_0_0_5_2_13_0_157,/content/drive/MyDrive/CD2_DSA/raw/val/images/26108_20210624_3_0_0_5_2_13_0_157.jpg,0,0
311762_20210803_3_0_0_3_2_11_0_94,/content/drive/MyDrive/CD2_DSA/raw/val/images/311762_20210803_3_0_0_3_2_11_0_94.jpg,0,0
308569_20210914_3_0_0_5_2_11_0_45,/content/drive/MyDrive/CD2_DSA/raw/val/images/308569_20210914_3_0_0_5_2_11_0_45.jpg,0,0
83317_20210624_3_0_0_1_2_13_0_200,/content/drive/MyDrive/CD2_DSA/raw/val/images/83317_20210624_3_0_0_1_2_13_0_200.jpg,0,0
312133_20210914_3_0_0_3_2_11_0_256,/content/drive/MyDrive/CD2_DSA/raw/val/images/312133_20210914_3_0_0_3_2_11_0_256.jpg,0,0
16860_20210622_3_1_a9_3_2_13_1_20,/content/drive/MyDrive/CD2_DSA/raw/val/images/16860_20210622_3_1_a9_3_2_13_1_20.jpg,1,1
308369_20210914_3_0_0_3_2_11_0_269,/content/drive/MyDrive/CD2_DSA/raw/val/images/308369_20210914_3_0_0_3_2_11_0_269.jpg,0,0
15466_20210622_3_1_a9_3_2_13_3_170,/content/drive/MyDrive/CD2_DSA/raw/val/images/15466_20210622_3_1_a9_3_2_13_3_170.jpg,1,0
304184_20210913_3_0_0_3_2_11_0_421,/content/drive/MyDrive/CD2_DSA/raw/val/images/304184_20210913_3_0_0_3_2_11_0_421.jpg,0,0
16571_20210706_3_1_a9_3_2_13_2_422,/content/drive/MyDrive/CD2_DSA/raw/val/images/16571_20210706_3_1_a9_3_2_13_2_422.jpg,1,0
1025_20210624_3_0_0_1_2_13_0_80,/content/drive/MyDrive/CD2_DSA/raw/val/images/1025_20210624_3_0_0_1_2_13_0_80.jpg,0,0
82830_20210624_3_0_0_1_2_13_0_1,/content/drive/MyDrive/CD2_DSA/raw/val/images/82830_20210624_3_0_0_1_2_13_0_1.jpg,0,0
308683_20210914_3_0_0_5_2_11_0_160,/content/drive/MyDrive/CD2_DSA/raw/val/images/308683_20210914_3_0_0_5_2_11_0_160.jpg,0,0
106308_20210624_3_0_0_1_2_13_0_105,/content/drive/MyDrive/CD2_DSA/raw/val/images/106308_20210624_3_0_0_1_2_13_0_105.jpg,0,0
67409_20210624_3_0_0_1_2_13_0_10,/content/drive/MyDrive/CD2_DSA/raw/val/images/67409_20210624_3_0_0_1_2_13_0_10.jpg,0,0
16658_20210706_3_1_a9_3_2_13_2_509,/content/drive/MyDrive/CD2_DSA/raw/val/images/16658_20210706_3_1_a9_3_2_13_2_509.jpg,1,1
308519_20210914_3_0_0_3_2_11_0_419,/content/drive/MyDrive/CD2_DSA/raw/val/images/308519_20210914_3_0_0_3_2_11_0_419.jpg,0,0
7126_20210624_3_0_0_1_2_13_0_170,/content/drive/MyDrive/CD2_DSA/raw/val/images/7126_20210624_3_0_0_1_2_13_0_170.jpg,0,0
311675_20210803_3_0_0_3_2_11_0_7,/content/drive/MyDrive/CD2_DSA/raw/val/images/311675_20210803_3_0_0_3_2_11_0_7.jpg,0,0
978_20210624_3_0_0_1_2_13_0_33,/content/drive/MyDrive/CD2_DSA/raw/val/images/978_20210624_3_0_0_1_2_13_0_33.jpg,0,0
125139_20210624_3_0_0_1_2_13_0_170,/content/drive/MyDrive/CD2_DSA/raw/val/images/125139_20210624_3_0_0_1_2_13_0_170.jpg,0,0
307507_20210914_3_0_0_3_2_11_0_107,/content/drive/MyDrive/CD2_DSA/raw/val/images/307507_20210914_3_0_0_3_2_11_0_107.jpg,0,0
170881_20210624_3_0_0_5_2_13_0_75,/content/drive/MyDrive/CD2_DSA/raw/val/images/170881_20210624_3_0_0_5_2_13_0_75.jpg,0,0
1621_20210622_3_1_a9_3_2_13_2_193,/content/drive/MyDrive/CD2_DSA/raw/val/images/1621_20210622_3_1_a9_3_2_13_2_193.jpg,1,1
96105_20210624_3_0_0_3_2_13_0_159,/content/drive/MyDrive/CD2_DSA/raw/val/images/96105_20210624_3_0_0_3_2_13_0_159.jpg,0,0
14279_20210624_3_0_0_3_2_13_0_1,/content/drive/MyDrive/CD2_DSA/raw/val/images/14279_20210624_3_0_0_3_2_13_0_1.jpg,0,0
308317_20210914_3_0_0_3_2_11_0_217,/content/drive/MyDrive/CD2_DSA/raw/val/images/308317_20210914_3_0_0_3_2_11_0_217.jpg,0,0
67495_20210624_3_0_0_1_2_13_0_96,/content/drive/MyDrive/CD2_DSA/raw/val/images/67495_20210624_3_0_0_1_2_13_0_96.jpg,0,0
16918_20210622_3_1_a9_3_2_13_2_8,/content/drive/MyDrive/CD2_DSA/raw/val/images/16918_20210622_3_1_a9_3_2_13_2_8.jpg,1,1
16043_20210706_3_1_a9_3_2_13_2_53,/content/drive/MyDrive/CD2_DSA/raw/val/images/16043_20210706_3_1_a9_3_2_13_2_53.jpg,1,1
1696_20210622_3_1_a9_3_2_13_2_268,/content/drive/MyDrive/CD2_DSA/raw/val/images/1696_20210622_3_1_a9_3_2_13_2_268.jpg,1,1
1030_20210624_3_0_0_1_2_13_0_85,/content/drive/MyDrive/CD2_DSA/raw/val/images/1030_20210624_3_0_0_1_2_13_0_85.jpg,0,0
15767_20210622_3_1_a9_3_2_13_2_8,/content/drive/MyDrive/CD2_DSA/raw/val/images/15767_20210622_3_1_a9_3_2_13_2_8.jpg,1,0
308018_20210914_3_0_0_5_2_11_0_215,/content/drive/MyDrive/CD2_DSA/raw/val/images/308018_20210914_3_0_0_5_2_11_0_215.jpg,0,0
311701_20210803_3_0_0_3_2_11_0_33,/content/drive/MyDrive/CD2_DSA/raw/val/images/311701_20210803_3_0_0_3_2_11_0_33.jpg,0,0
307967_20210914_3_0_0_5_2_11_0_164,/content/drive/MyDrive/CD2_DSA/raw/val/images/307967_20210914_3_0_0_5_2_11_0_164.jpg,0,0
3767_20210622_3_1_a9_3_2_13_3_45,/content/drive/MyDrive/CD2_DSA/raw/val/images/3767_20210622_3_1_a9_3_2_13_3_45.jpg,1,1
15094_20210622_3_1_a9_3_2_13_3_5,/content/drive/MyDrive/CD2_DSA/raw/val/images/15094_20210622_3_1_a9_3_2_13_3_5.jpg,1,0
304300_20210913_3_0_0_3_2_11_0_537,/content/drive/MyDrive/CD2_DSA/raw/val/images/304300_20210913_3_0_0_3_2_11_0_537.jpg,0,0
15447_20210622_3_1_a9_3_2_13_3_151,/content/drive/MyDrive/CD2_DSA/raw/val/images/15447_20210622_3_1_a9_3_2_13_3_151.jpg,1,1
67403_20210624_3_0_0_1_2_13_0_4,/content/drive/MyDrive/CD2_DSA/raw/val/images/67403_20210624_3_0_0_1_2_13_0_4.jpg,0,0
308199_20210914_3_0_0_3_2_11_0_99,/content/drive/MyDrive/CD2_DSA/raw/val/images/308199_20210914_3_0_0_3_2_11_0_99.jpg,0,0
304343_20210913_3_0_0_3_2_11_0_580,/content/drive/MyDrive/CD2_DSA/raw/val/images/304343_20210913_3_0_0_3_2_11_0_580.jpg,0,0
311681_20210803_3_0_0_3_2_11_0_13,/content/drive/MyDrive/CD2_DSA/raw/val/images/311681_20210803_3_0_0_3_2_11_0_13.jpg,0,0
308423_20210914_3_0_0_3_2_11_0_323,/content/drive/MyDrive/CD2_DSA/raw/val/images/308423_20210914_3_0_0_3_2_11_0_323.jpg,0,0
9168_20210624_3_0_0_2_2_13_0_162,/content/drive/MyDrive/CD2_DSA/raw/val/images/9168_20210624_3_0_0_2_2_13_0_162.jpg,0,0
16796_20210713_3_1_a9_3_2_13_3_58,/content/drive/MyDrive/CD2_DSA/raw/val/images/16796_20210713_3_1_a9_3_2_13_3_58.jpg,1,0
14346_20210624_3_0_0_3_2_13_0_68,/content/drive/MyDrive/CD2_DSA/raw/val/images/14346_20210624_3_0_0_3_2_13_0_68.jpg,0,0
86510_20210624_3_0_0_5_2_13_0_89,/content/drive/MyDrive/CD2_DSA/raw/val/images/86510_20210624_3_0_0_5_2_13_0_89.jpg,0,0
86555_20210624_3_0_0_1_2_13_0_124,/content/drive/MyDrive/CD2_DSA/raw/val/images/86555_20210624_3_0_0_1_2_13_0_124.jpg,0,0
307672_20210914_3_0_0_3_2_11_0_272,/content/drive/MyDrive/CD2_DSA/raw/val/images/307672_20210914_3_0_0_3_2_11_0_272.jpg,0,0
16858_20210622_3_1_a9_3_2_13_1_18,/content/drive/MyDrive/CD2_DSA/raw/val/images/16858_20210622_3_1_a9_3_2_13_1_18.jpg,1,1
86824_20210624_3_0_0_5_2_13_0_193,/content/drive/MyDrive/CD2_DSA/raw/val/images/86824_20210624_3_0_0_5_2_13_0_193.jpg,0,0
312142_20210914_3_0_0_3_2_11_0_265,/content/drive/MyDrive/CD2_DSA/raw/val/images/312142_20210914_3_0_0_3_2_11_0_265.jpg,0,0
95265_20210624_3_0_0_1_2_13_0_86,/content/drive/MyDrive/CD2_DSA/raw/val/images/95265_20210624_3_0_0_1_2_13_0_86.jpg,0,0
307620_20210914_3_0_0_3_2_11_0_220,/content/drive/MyDrive/CD2_DSA/raw/val/images/307620_20210914_3_0_0_3_2_11_0_220.jpg,0,0
16792_20210713_3_1_a9_3_2_13_3_54,/content/drive/MyDrive/CD2_DSA/raw/val/images/16792_20210713_3_1_a9_3_2_13_3_54.jpg,1,0
86853_20210624_3_0_0_1_2_13_0_178,/content/drive/MyDrive/CD2_DSA/raw/val/images/86853_20210624_3_0_0_1_2_13_0_178.jpg,0,0
86540_20210624_3_0_0_1_2_13_0_109,/content/drive/MyDrive/CD2_DSA/raw/val/images/86540_20210624_3_0_0_1_2_13_0_109.jpg,0,0
95493_20210624_3_0_0_1_2_13_0_159,/content/drive/MyDrive/CD2_DSA/raw/val/images/95493_20210624_3_0_0_1_2_13_0_159.jpg,0,0
15458_20210622_3_1_a9_3_2_13_3_162,/content/drive/MyDrive/CD2_DSA/raw/val/images/15458_20210622_3_1_a9_3_2_13_3_162.jpg,1,1
125109_20210624_3_0_0_1_2_13_0_140,/content/drive/MyDrive/CD2_DSA/raw/val/images/125109_20210624_3_0_0_1_2_13_0_140.jpg,0,0
1586_20210622_3_1_a9_3_2_13_2_158,/content/drive/MyDrive/CD2_DSA/raw/val/images/1586_20210622_3_1_a9_3_2_13_2_158.jpg,1,1
71199_20210624_3_0_0_3_2_13_0_52,/content/drive/MyDrive/CD2_DSA/raw/val/images/71199_20210624_3_0_0_3_2_13_0_52.jpg,0,0
304310_20210913_3_0_0_3_2_11_0_547,/content/drive/MyDrive/CD2_DSA/raw/val/images/304310_20210913_3_0_0_3_2_11_0_547.jpg,0,0
16242_20210706_3_1_a9_3_2_13_2_172,/content/drive/MyDrive/CD2_DSA/raw/val/images/16242_20210706_3_1_a9_3_2_13_2_172.jpg,1,1
308384_20210914_3_0_0_3_2_11_0_284,/content/drive/MyDrive/CD2_DSA/raw/val/images/308384_20210914_3_0_0_3_2_11_0_284.jpg,0,0
16865_20210622_3_1_a9_3_2_13_1_25,/content/drive/MyDrive/CD2_DSA/raw/val/images/16865_20210622_3_1_a9_3_2_13_1_25.jpg,1,1
16075_20210706_3_1_a9_3_2_13_2_85,/content/drive/MyDrive/CD2_DSA/raw/val/images/16075_20210706_3_1_a9_3_2_13_2_85.jpg,1,1
82829_20210624_3_0_0_1_2_13_0_0,/content/drive/MyDrive/CD2_DSA/raw/val/images/82829_20210624_3_0_0_1_2_13_0_0.jpg,0,0
307613_20210914_3_0_0_3_2_11_0_213,/content/drive/MyDrive/CD2_DSA/raw/val/images/307613_20210914_3_0_0_3_2_11_0_213.jpg,0,0
16548_20210706_3_1_a9_3_2_13_3_63,/content/drive/MyDrive/CD2_DSA/raw/val/images/16548_20210706_3_1_a9_3_2_13_3_63.jpg,1,0
4718_20210622_3_1_a9_3_2_13_2_86,/content/drive/MyDrive/CD2_DSA/raw/val/images/4718_20210622_3_1_a9_3_2_13_2_86.jpg,1,1
903_20210622_3_1_a9_3_2_13_3_101,/content/drive/MyDrive/CD2_DSA/raw/val/images/903_20210622_3_1_a9_3_2_13_3_101.jpg,1,1
1116_20210624_3_0_0_1_2_13_0_171,/content/drive/MyDrive/CD2_DSA/raw/val/images/1116_20210624_3_0_0_1_2_13_0_171.jpg,0,0
304127_20210913_3_0_0_3_2_11_0_364,/content/drive/MyDrive/CD2_DSA/raw/val/images/304127_20210913_3_0_0_3_2_11_0_364.jpg,0,0
7787_20210622_3_1_a9_3_2_13_1_233,/content/drive/MyDrive/CD2_DSA/raw/val/images/7787_20210622_3_1_a9_3_2_13_1_233.jpg,1,1
106219_20210624_3_0_0_1_2_13_0_16,/content/drive/MyDrive/CD2_DSA/raw/val/images/106219_20210624_3_0_0_1_2_13_0_16.jpg,0,0
3636_20210629_3_1_a9_3_2_13_2_15,/content/drive/MyDrive/CD2_DSA/raw/val/images/3636_20210629_3_1_a9_3_2_13_2_15.jpg,1,1
10549_20210624_3_0_0_3_2_13_0_55,/content/drive/MyDrive/CD2_DSA/raw/val/images/10549_20210624_3_0_0_3_2_13_0_55.jpg,0,0
303999_20210913_3_0_0_3_2_11_0_236,/content/drive/MyDrive/CD2_DSA/raw/val/images/303999_20210913_3_0_0_3_2_11_0_236.jpg,0,0
1028_20210624_3_0_0_1_2_13_0_83,/content/drive/MyDrive/CD2_DSA/raw/val/images/1028_20210624_3_0_0_1_2_13_0_83.jpg,0,0
304135_20210913_3_0_0_3_2_11_0_372,/content/drive/MyDrive/CD2_DSA/raw/val/images/304135_20210913_3_0_0_3_2_11_0_372.jpg,0,0
67450_20210624_3_0_0_1_2_13_0_51,/content/drive/MyDrive/CD2_DSA/raw/val/images/67450_20210624_3_0_0_1_2_13_0_51.jpg,0,0
3605_20210629_3_1_a9_3_2_13_1_254,/content/drive/MyDrive/CD2_DSA/raw/val/images/3605_20210629_3_1_a9_3_2_13_1_254.jpg,1,0
1430_20210622_3_1_a9_3_2_13_2_2,/content/drive/MyDrive/CD2_DSA/raw/val/images/1430_20210622_3_1_a9_3_2_13_2_2.jpg,1,1
16318_20210706_3_1_a9_3_2_13_2_248,/content/drive/MyDrive/CD2_DSA/raw/val/images/16318_20210706_3_1_a9_3_2_13_2_248.jpg,1,1
10539_20210624_3_0_0_3_2_13_0_45,/content/drive/MyDrive/CD2_DSA/raw/val/images/10539_20210624_3_0_0_3_2_13_0_45.jpg,0,0
86545_20210624_3_0_0_1_2_13_0_114,/content/drive/MyDrive/CD2_DSA/raw/val/images/86545_20210624_3_0_0_1_2_13_0_114.jpg,0,0
3581_20210629_3_1_a9_3_2_13_1_230,/content/drive/MyDrive/CD2_DSA/raw/val/images/3581_20210629_3_1_a9_3_2_13_1_230.jpg,1,0
307793_20210914_3_0_0_3_2_11_0_393,/content/drive/MyDrive/CD2_DSA/raw/val/images/307793_20210914_3_0_0_3_2_11_0_393.jpg,0,0
9155_20210624_3_0_0_2_2_13_0_149,/content/drive/MyDrive/CD2_DSA/raw/val/images/9155_20210624_3_0_0_2_2_13_0_149.jpg,0,0
1716_20210622_3_1_a9_3_2_13_2_288,/content/drive/MyDrive/CD2_DSA/raw/val/images/1716_20210622_3_1_a9_3_2_13_2_288.jpg,1,1
2578_20210624_3_0_0_3_2_13_0_164,/content/drive/MyDrive/CD2_DSA/raw/val/images/2578_20210624_3_0_0_3_2_13_0_164.jpg,0,0
307415_20210914_3_0_0_3_2_11_0_15,/content/drive/MyDrive/CD2_DSA/raw/val/images/307415_20210914_3_0_0_3_2_11_0_15.jpg,0,0
67533_20210624_3_0_0_1_2_13_0_134,/content/drive/MyDrive/CD2_DSA/raw/val/images/67533_20210624_3_0_0_1_2_13_0_134.jpg,0,0
308332_20210914_3_0_0_3_2_11_0_232,/content/drive/MyDrive/CD2_DSA/raw/val/images/308332_20210914_3_0_0_3_2_11_0_232.jpg,0,0
108286_20210624_3_0_0_2_2_13_0_159,/content/drive/MyDrive/CD2_DSA/raw/val/images/108286_20210624_3_0_0_2_2_13_0_159.jpg,0,0
308113_20210914_3_0_0_3_2_11_0_13,/content/drive/MyDrive/CD2_DSA/raw/val/images/308113_20210914_3_0_0_3_2_11_0_13.jpg,0,0
1055_20210624_3_0_0_1_2_13_0_110,/content/drive/MyDrive/CD2_DSA/raw/val/images/1055_20210624_3_0_0_1_2_13_0_110.jpg,0,0
311756_20210803_3_0_0_3_2_11_0_88,/content/drive/MyDrive/CD2_DSA/raw/val/images/311756_20210803_3_0_0_3_2_11_0_88.jpg,0,0
1011_20210624_3_0_0_1_2_13_0_66,/content/drive/MyDrive/CD2_DSA/raw/val/images/1011_20210624_3_0_0_1_2_13_0_66.jpg,0,0
308222_20210914_3_0_0_3_2_11_0_122,/content/drive/MyDrive/CD2_DSA/raw/val/images/308222_20210914_3_0_0_3_2_11_0_122.jpg,0,0
307938_20210914_3_0_0_5_2_11_0_135,/content/drive/MyDrive/CD2_DSA/raw/val/images/307938_20210914_3_0_0_5_2_11_0_135.jpg,0,0
67411_20210624_3_0_0_1_2_13_0_12,/content/drive/MyDrive/CD2_DSA/raw/val/images/67411_20210624_3_0_0_1_2_13_0_12.jpg,0,0
9169_20210624_3_0_0_2_2_13_0_163,/content/drive/MyDrive/CD2_DSA/raw/val/images/9169_20210624_3_0_0_2_2_13_0_163.jpg,0,0
124660_20210624_3_0_0_1_2_13_0_11,/content/drive/MyDrive/CD2_DSA/raw/val/images/124660_20210624_3_0_0_1_2_13_0_11.jpg,0,0
65892_20210624_3_0_0_4_2_13_0_23,/content/drive/MyDrive/CD2_DSA/raw/val/images/65892_20210624_3_0_0_4_2_13_0_23.jpg,0,0
95497_20210624_3_0_0_1_2_13_0_163,/content/drive/MyDrive/CD2_DSA/raw/val/images/95497_20210624_3_0_0_1_2_13_0_163.jpg,0,0
67501_20210624_3_0_0_1_2_13_0_102,/content/drive/MyDrive/CD2_DSA/raw/val/images/67501_20210624_3_0_0_1_2_13_0_102.jpg,0,0
6766_20210622_3_1_a9_3_2_13_1_162,/content/drive/MyDrive/CD2_DSA/raw/val/images/6766_20210622_3_1_a9_3_2_13_1_162.jpg,1,1
95443_20210624_3_0_0_1_2_13_0_109,/content/drive/MyDrive/CD2_DSA/raw/val/images/95443_20210624_3_0_0_1_2_13_0_109.jpg,0,0
695_20210622_3_1_a9_3_2_13_1_60,/content/drive/MyDrive/CD2_DSA/raw/val/images/695_20210622_3_1_a9_3_2_13_1_60.jpg,1,0
308052_20210914_3_0_0_5_2_11_0_249,/content/drive/MyDrive/CD2_DSA/raw/val/images/308052_20210914_3_0_0_5_2_11_0_249.jpg,0,0
308751_20210914_3_0_0_5_2_11_0_227,/content/drive/MyDrive/CD2_DSA/raw/val/images/308751_20210914_3_0_0_5_2_11_0_227.jpg,0,0
308376_20210914_3_0_0_3_2_11_0_276,/content/drive/MyDrive/CD2_DSA/raw/val/images/308376_20210914_3_0_0_3_2_11_0_276.jpg,0,0
15787_20210622_3_1_a9_3_2_13_2_28,/content/drive/MyDrive/CD2_DSA/raw/val/images/15787_20210622_3_1_a9_3_2_13_2_28.jpg,1,0
15384_20210622_3_1_a9_3_2_13_3_88,/content/drive/MyDrive/CD2_DSA/raw/val/images/15384_20210622_3_1_a9_3_2_13_3_88.jpg,1,1
15809_20210622_3_1_a9_3_2_13_2_50,/content/drive/MyDrive/CD2_DSA/raw/val/images/15809_20210622_3_1_a9_3_2_13_2_50.jpg,1,1
16648_20210706_3_1_a9_3_2_13_2_499,/content/drive/MyDrive/CD2_DSA/raw/val/images/16648_20210706_3_1_a9_3_2_13_2_499.jpg,1,1
10618_20210624_3_0_0_3_2_13_0_112,/content/drive/MyDrive/CD2_DSA/raw/val/images/10618_20210624_3_0_0_3_2_13_0_112.jpg,0,0
16582_20210706_3_1_a9_3_2_13_2_433,/content/drive/MyDrive/CD2_DSA/raw/val/images/16582_20210706_3_1_a9_3_2_13_2_433.jpg,1,1
15113_20210622_3_1_a9_3_2_13_3_24,/content/drive/MyDrive/CD2_DSA/raw/val/images/15113_20210622_3_1_a9_3_2_13_3_24.jpg,1,1
95189_20210624_3_0_0_1_2_13_0_10,/content/drive/MyDrive/CD2_DSA/raw/val/images/95189_20210624_3_0_0_1_2_13_0_10.jpg,0,0
68498_20210624_3_0_0_2_2_13_0_8,/content/drive/MyDrive/CD2_DSA/raw/val/images/68498_20210624_3_0_0_2_2_13_0_8.jpg,0,0
15478_20210622_3_1_a9_3_2_13_3_182,/content/drive/MyDrive/CD2_DSA/raw/val/images/15478_20210622_3_1_a9_3_2_13_3_182.jpg,1,1
3691_20210629_3_1_a9_3_2_13_2_70,/content/drive/MyDrive/CD2_DSA/raw/val/images/3691_20210629_3_1_a9_3_2_13_2_70.jpg,1,1
65902_20210624_3_0_0_4_2_13_0_33,/content/drive/MyDrive/CD2_DSA/raw/val/images/65902_20210624_3_0_0_4_2_13_0_33.jpg,0,0
307939_20210914_3_0_0_5_2_11_0_136,/content/drive/MyDrive/CD2_DSA/raw/val/images/307939_20210914_3_0_0_5_2_11_0_136.jpg,0,0
86769_20210624_3_0_0_5_2_13_0_138,/content/drive/MyDrive/CD2_DSA/raw/val/images/86769_20210624_3_0_0_5_2_13_0_138.jpg,0,0
1086_20210624_3_0_0_1_2_13_0_141,/content/drive/MyDrive/CD2_DSA/raw/val/images/1086_20210624_3_0_0_1_2_13_0_141.jpg,0,0
95269_20210624_3_0_0_1_2_13_0_90,/content/drive/MyDrive/CD2_DSA/raw/val/images/95269_20210624_3_0_0_1_2_13_0_90.jpg,0,0
307957_20210914_3_0_0_5_2_11_0_154,/content/drive/MyDrive/CD2_DSA/raw/val/images/307957_20210914_3_0_0_5_2_11_0_154.jpg,0,0
95211_20210624_3_0_0_1_2_13_0_32,/content/drive/MyDrive/CD2_DSA/raw/val/images/95211_20210624_3_0_0_1_2_13_0_32.jpg,0,0
16363_20210706_3_1_a9_3_2_13_2_293,/content/drive/MyDrive/CD2_DSA/raw/val/images/16363_20210706_3_1_a9_3_2_13_2_293.jpg,1,1
5727_20210622_3_1_a9_3_2_13_1_12,/content/drive/MyDrive/CD2_DSA/raw/val/images/5727_20210622_3_1_a9_3_2_13_1_12.jpg,1,1
307821_20210914_3_0_0_5_2_11_0_18,/content/drive/MyDrive/CD2_DSA/raw/val/images/307821_20210914_3_0_0_5_2_11_0_18.jpg,0,0
3400_20210629_3_1_a9_3_2_13_1_155,/content/drive/MyDrive/CD2_DSA/raw/val/images/3400_20210629_3_1_a9_3_2_13_1_155.jpg,1,1
2692_20210624_3_0_0_4_2_13_0_161,/content/drive/MyDrive/CD2_DSA/raw/val/images/2692_20210624_3_0_0_4_2_13_0_161.jpg,0,0
308859_20210914_3_0_0_5_2_11_0_335,/content/drive/MyDrive/CD2_DSA/raw/val/images/308859_20210914_3_0_0_5_2_11_0_335.jpg,0,0
16088_20210706_3_1_a9_3_2_13_2_98,/content/drive/MyDrive/CD2_DSA/raw/val/images/16088_20210706_3_1_a9_3_2_13_2_98.jpg,1,1
312160_20210914_3_0_0_3_2_11_0_283,/content/drive/MyDrive/CD2_DSA/raw/val/images/312160_20210914_3_0_0_3_2_11_0_283.jpg,0,0
34068_20210624_3_0_0_3_2_13_0_16,/content/drive/MyDrive/CD2_DSA/raw/val/images/34068_20210624_3_0_0_3_2_13_0_16.jpg,0,0
308592_20210914_3_0_0_5_2_11_0_68,/content/drive/MyDrive/CD2_DSA/raw/val/images/308592_20210914_3_0_0_5_2_11_0_68.jpg,0,0
307677_20210914_3_0_0_3_2_11_0_277,/content/drive/MyDrive/CD2_DSA/raw/val/images/307677_20210914_3_0_0_3_2_11_0_277.jpg,0,0
106533_20210624_3_0_0_1_2_13_0_130,/content/drive/MyDrive/CD2_DSA/raw/val/images/106533_20210624_3_0_0_1_2_13_0_130.jpg,0,0
308315_20210914_3_0_0_3_2_11_0_215,/content/drive/MyDrive/CD2_DSA/raw/val/images/308315_20210914_3_0_0_3_2_11_0_215.jpg,0,0
86731_20210624_3_0_0_5_2_13_0_100,/content/drive/MyDrive/CD2_DSA/raw/val/images/86731_20210624_3_0_0_5_2_13_0_100.jpg,0,0
9011_20210624_3_0_0_2_2_13_0_13,/content/drive/MyDrive/CD2_DSA/raw/val/images/9011_20210624_3_0_0_2_2_13_0_13.jpg,0,0
16902_20210622_3_1_a9_3_2_13_1_62,/content/drive/MyDrive/CD2_DSA/raw/val/images/16902_20210622_3_1_a9_3_2_13_1_62.jpg,1,1
307437_20210914_3_0_0_3_2_11_0_37,/content/drive/MyDrive/CD2_DSA/raw/val/images/307437_20210914_3_0_0_3_2_11_0_37.jpg,0,0
1559_20210622_3_1_a9_3_2_13_2_131,/content/drive/MyDrive/CD2_DSA/raw/val/images/1559_20210622_3_1_a9_3_2_13_2_131.jpg,1,1
6830_20210624_3_0_0_1_2_13_0_55,/content/drive/MyDrive/CD2_DSA/raw/val/images/6830_20210624_3_0_0_1_2_13_0_55.jpg,0,0
307882_20210914_3_0_0_5_2_11_0_79,/content/drive/MyDrive/CD2_DSA/raw/val/images/307882_20210914_3_0_0_5_2_11_0_79.jpg,0,0
307856_20210914_3_0_0_5_2_11_0_53,/content/drive/MyDrive/CD2_DSA/raw/val/images/307856_20210914_3_0_0_5_2_11_0_53.jpg,0,0
67400_20210624_3_0_0_1_2_13_0_1,/content/drive/MyDrive/CD2_DSA/raw/val/images/67400_20210624_3_0_0_1_2_13_0_1.jpg,0,0
304082_20210913_3_0_0_3_2_11_0_319,/content/drive/MyDrive/CD2_DSA/raw/val/images/304082_20210913_3_0_0_3_2_11_0_319.jpg,0,0
16715_20210706_3_1_a9_3_2_13_2_566,/content/drive/MyDrive/CD2_DSA/raw/val/images/16715_20210706_3_1_a9_3_2_13_2_566.jpg,1,1
108297_20210624_3_0_0_2_2_13_0_170,/content/drive/MyDrive/CD2_DSA/raw/val/images/108297_20210624_3_0_0_2_2_13_0_170.jpg,0,0
16594_20210706_3_1_a9_3_2_13_2_445,/content/drive/MyDrive/CD2_DSA/raw/val/images/16594_20210706_3_1_a9_3_2_13_2_445.jpg,1,1
1445_20210622_3_1_a9_3_2_13_2_17,/content/drive/MyDrive/CD2_DSA/raw/val/images/1445_20210622_3_1_a9_3_2_13_2_17.jpg,1,1
307991_20210914_3_0_0_5_2_11_0_188,/content/drive/MyDrive/CD2_DSA/raw/val/images/307991_20210914_3_0_0_5_2_11_0_188.jpg,0,0
5726_20210622_3_1_a9_3_2_13_1_11,/content/drive/MyDrive/CD2_DSA/raw/val/images/5726_20210622_3_1_a9_3_2_13_1_11.jpg,1,1
307965_20210914_3_0_0_5_2_11_0_162,/content/drive/MyDrive/CD2_DSA/raw/val/images/307965_20210914_3_0_0_5_2_11_0_162.jpg,0,0
2752_20210624_3_0_0_4_2_13_0_221,/content/drive/MyDrive/CD2_DSA/raw/val/images/2752_20210624_3_0_0_4_2_13_0_221.jpg,0,0
3403_20210629_3_1_a9_3_2_13_1_158,/content/drive/MyDrive/CD2_DSA/raw/val/images/3403_20210629_3_1_a9_3_2_13_1_158.jpg,1,0
312074_20210914_3_0_0_3_2_11_0_197,/content/drive/MyDrive/CD2_DSA/raw/val/images/312074_20210914_3_0_0_3_2_11_0_197.jpg,0,0
24960_20210624_3_0_0_5_2_13_0_12,/content/drive/MyDrive/CD2_DSA/raw/val/images/24960_20210624_3_0_0_5_2_13_0_12.jpg,0,0
308771_20210914_3_0_0_5_2_11_0_247,/content/drive/MyDrive/CD2_DSA/raw/val/images/308771_20210914_3_0_0_5_2_11_0_247.jpg,0,0
9153_20210624_3_0_0_2_2_13_0_147,/content/drive/MyDrive/CD2_DSA/raw/val/images/9153_20210624_3_0_0_2_2_13_0_147.jpg,0,0
7107_20210624_3_0_0_1_2_13_0_151,/content/drive/MyDrive/CD2_DSA/raw/val/images/7107_20210624_3_0_0_1_2_13_0_151.jpg,0,0
3667_20210629_3_1_a9_3_2_13_2_46,/content/drive/MyDrive/CD2_DSA/raw/val/images/3667_20210629_3_1_a9_3_2_13_2_46.jpg,1,0
308729_20210914_3_0_0_5_2_11_0_205,/content/drive/MyDrive/CD2_DSA/raw/val/images/308729_20210914_3_0_0_5_2_11_0_205.jpg,0,0
83284_20210624_3_0_0_1_2_13_0_197,/content/drive/MyDrive/CD2_DSA/raw/val/images/83284_20210624_3_0_0_1_2_13_0_197.jpg,0,0
1688_20210622_3_1_a9_3_2_13_2_260,/content/drive/MyDrive/CD2_DSA/raw/val/images/1688_20210622_3_1_a9_3_2_13_2_260.jpg,1,1
106609_20210624_3_0_0_1_2_13_0_206,/content/drive/MyDrive/CD2_DSA/raw/val/images/106609_20210624_3_0_0_1_2_13_0_206.jpg,0,0
308169_20210914_3_0_0_3_2_11_0_69,/content/drive/MyDrive/CD2_DSA/raw/val/images/308169_20210914_3_0_0_3_2_11_0_69.jpg,0,0
49076_20210624_3_0_0_1_2_13_0_150,/content/drive/MyDrive/CD2_DSA/raw/val/images/49076_20210624_3_0_0_1_2_13_0_150.jpg,0,0
308068_20210914_3_0_0_5_2_11_0_265,/content/drive/MyDrive/CD2_DSA/raw/val/images/308068_20210914_3_0_0_5_2_11_0_265.jpg,0,0
5989_20210622_3_1_a9_3_2_13_1_58,/content/drive/MyDrive/CD2_DSA/raw/val/images/5989_20210622_3_1_a9_3_2_13_1_58.jpg,1,1
95472_20210624_3_0_0_1_2_13_0_138,/content/drive/MyDrive/CD2_DSA/raw/val/images/95472_20210624_3_0_0_1_2_13_0_138.jpg,0,0
16759_20210713_3_1_a9_3_2_13_3_21,/content/drive/MyDrive/CD2_DSA/raw/val/images/16759_20210713_3_1_a9_3_2_13_3_21.jpg,1,1
95450_20210624_3_0_0_1_2_13_0_116,/content/drive/MyDrive/CD2_DSA/raw/val/images/95450_20210624_3_0_0_1_2_13_0_116.jpg,0,0
67630_20210624_3_0_0_1_2_13_0_201,/content/drive/MyDrive/CD2_DSA/raw/val/images/67630_20210624_3_0_0_1_2_13_0_201.jpg,0,0
9158_20210624_3_0_0_2_2_13_0_152,/content/drive/MyDrive/CD2_DSA/raw/val/images/9158_20210624_3_0_0_2_2_13_0_152.jpg,0,0
104127_20210624_3_0_0_4_2_13_0_205,/content/drive/MyDrive/CD2_DSA/raw/val/images/104127_20210624_3_0_0_4_2_13_0_205.jpg,0,0
1653_20210622_3_1_a9_3_2_13_2_225,/content/drive/MyDrive/CD2_DSA/raw/val/images/1653_20210622_3_1_a9_3_2_13_2_225.jpg,1,1
308309_20210914_3_0_0_3_2_11_0_209,/content/drive/MyDrive/CD2_DSA/raw/val/images/308309_20210914_3_0_0_3_2_11_0_209.jpg,0,0
11449_20210624_3_0_0_1_2_13_0_105,/content/drive/MyDrive/CD2_DSA/raw/val/images/11449_20210624_3_0_0_1_2_13_0_105.jpg,0,0
15601_20210706_3_1_a9_3_2_13_3_32,/content/drive/MyDrive/CD2_DSA/raw/val/images/15601_20210706_3_1_a9_3_2_13_3_32.jpg,1,1
86844_20210624_3_0_0_1_2_13_0_169,/content/drive/MyDrive/CD2_DSA/raw/val/images/86844_20210624_3_0_0_1_2_13_0_169.jpg,0,0
15432_20210622_3_1_a9_3_2_13_3_136,/content/drive/MyDrive/CD2_DSA/raw/val/images/15432_20210622_3_1_a9_3_2_13_3_136.jpg,1,1
6498_20210622_3_1_a9_3_2_13_1_126,/content/drive/MyDrive/CD2_DSA/raw/val/images/6498_20210622_3_1_a9_3_2_13_1_126.jpg,1,1
308757_20210914_3_0_0_5_2_11_0_233,/content/drive/MyDrive/CD2_DSA/raw/val/images/308757_20210914_3_0_0_5_2_11_0_233.jpg,0,0
307865_20210914_3_0_0_5_2_11_0_62,/content/drive/MyDrive/CD2_DSA/raw/val/images/307865_20210914_3_0_0_5_2_11_0_62.jpg,0,0
32325_20210624_3_0_0_4_2_13_0_28,/content/drive/MyDrive/CD2_DSA/raw/val/images/32325_20210624_3_0_0_4_2_13_0_28.jpg,0,0
712_20210622_3_1_a9_3_2_13_1_77,/content/drive/MyDrive/CD2_DSA/raw/val/images/712_20210622_3_1_a9_3_2_13_1_77.jpg,1,1
1627_20210622_3_1_a9_3_2_13_2_199,/content/drive/MyDrive/CD2_DSA/raw/val/images/1627_20210622_3_1_a9_3_2_13_2_199.jpg,1,0
106563_20210624_3_0_0_1_2_13_0_160,/content/drive/MyDrive/CD2_DSA/raw/val/images/106563_20210624_3_0_0_1_2_13_0_160.jpg,0,0
170915_20210624_3_0_0_5_2_13_0_109,/content/drive/MyDrive/CD2_DSA/raw/val/images/170915_20210624_3_0_0_5_2_13_0_109.jpg,0,0
48927_20210624_3_0_0_1_2_13_0_1,/content/drive/MyDrive/CD2_DSA/raw/val/images/48927_20210624_3_0_0_1_2_13_0_1.jpg,0,0
16384_20210622_3_1_a9_3_2_13_3_14,/content/drive/MyDrive/CD2_DSA/raw/val/images/16384_20210622_3_1_a9_3_2_13_3_14.jpg,1,1
729_20210622_3_1_a9_3_2_13_1_94,/content/drive/MyDrive/CD2_DSA/raw/val/images/729_20210622_3_1_a9_3_2_13_1_94.jpg,1,0
66276_20210624_3_0_0_4_2_13_0_177,/content/drive/MyDrive/CD2_DSA/raw/val/images/66276_20210624_3_0_0_4_2_13_0_177.jpg,0,0
307461_20210914_3_0_0_3_2_11_0_61,/content/drive/MyDrive/CD2_DSA/raw/val/images/307461_20210914_3_0_0_3_2_11_0_61.jpg,0,0
7111_20210624_3_0_0_1_2_13_0_155,/content/drive/MyDrive/CD2_DSA/raw/val/images/7111_20210624_3_0_0_1_2_13_0_155.jpg,0,0
95500_20210624_3_0_0_1_2_13_0_166,/content/drive/MyDrive/CD2_DSA/raw/val/images/95500_20210624_3_0_0_1_2_13_0_166.jpg,0,0
32299_20210624_3_0_0_4_2_13_0_2,/content/drive/MyDrive/CD2_DSA/raw/val/images/32299_20210624_3_0_0_4_2_13_0_2.jpg,0,0
83243_20210624_3_0_0_1_2_13_0_156,/content/drive/MyDrive/CD2_DSA/raw/val/images/83243_20210624_3_0_0_1_2_13_0_156.jpg,0,0
86561_20210624_3_0_0_1_2_13_0_130,/content/drive/MyDrive/CD2_DSA/raw/val/images/86561_20210624_3_0_0_1_2_13_0_130.jpg,0,0
15621_20210706_3_1_a9_3_2_13_3_52,/content/drive/MyDrive/CD2_DSA/raw/val/images/15621_20210706_3_1_a9_3_2_13_3_52.jpg,1,1
25366_20210624_3_0_0_5_2_13_0_91,/content/drive/MyDrive/CD2_DSA/raw/val/images/25366_20210624_3_0_0_5_2_13_0_91.jpg,0,0
86499_20210624_3_0_0_5_2_13_0_78,/content/drive/MyDrive/CD2_DSA/raw/val/images/86499_20210624_3_0_0_5_2_13_0_78.jpg,0,0
308171_20210914_3_0_0_3_2_11_0_71,/content/drive/MyDrive/CD2_DSA/raw/val/images/308171_20210914_3_0_0_3_2_11_0_71.jpg,0,0
307419_20210914_3_0_0_3_2_11_0_19,/content/drive/MyDrive/CD2_DSA/raw/val/images/307419_20210914_3_0_0_3_2_11_0_19.jpg,0,0
3794_20210629_3_1_a9_3_2_13_3_3,/content/drive/MyDrive/CD2_DSA/raw/val/images/3794_20210629_3_1_a9_3_2_13_3_3.jpg,1,1
16687_20210706_3_1_a9_3_2_13_2_538,/content/drive/MyDrive/CD2_DSA/raw/val/images/16687_20210706_3_1_a9_3_2_13_2_538.jpg,1,1
66292_20210624_3_0_0_4_2_13_0_193,/content/drive/MyDrive/CD2_DSA/raw/val/images/66292_20210624_3_0_0_4_2_13_0_193.jpg,0,0
6798_20210624_3_0_0_1_2_13_0_23,/content/drive/MyDrive/CD2_DSA/raw/val/images/6798_20210624_3_0_0_1_2_13_0_23.jpg,0,0
10543_20210624_3_0_0_3_2_13_0_49,/content/drive/MyDrive/CD2_DSA/raw/val/images/10543_20210624_3_0_0_3_2_13_0_49.jpg,0,0
15503_20210622_3_1_a9_3_2_13_3_207,/content/drive/MyDrive/CD2_DSA/raw/val/images/15503_20210622_3_1_a9_3_2_13_3_207.jpg,1,0
83275_20210624_3_0_0_1_2_13_0_188,/content/drive/MyDrive/CD2_DSA/raw/val/images/83275_20210624_3_0_0_1_2_13_0_188.jpg,0,0
125113_20210624_3_0_0_1_2_13_0_144,/content/drive/MyDrive/CD2_DSA/raw/val/images/125113_20210624_3_0_0_1_2_13_0_144.jpg,0,0
311723_20210803_3_0_0_3_2_11_0_55,/content/drive/MyDrive/CD2_DSA/raw/val/images/311723_20210803_3_0_0_3_2_11_0_55.jpg,0,0
713_20210622_3_1_a9_3_2_13_1_78,/content/drive/MyDrive/CD2_DSA/raw/val/images/713_20210622_3_1_a9_3_2_13_1_78.jpg,1,1
126102_20210624_3_0_0_5_2_13_0_37,/content/drive/MyDrive/CD2_DSA/raw/val/images/126102_20210624_3_0_0_5_2_13_0_37.jpg,0,0
67627_20210624_3_0_0_1_2_13_0_198,/content/drive/MyDrive/CD2_DSA/raw/val/images/67627_20210624_3_0_0_1_2_13_0_198.jpg,0,0
1099_20210624_3_0_0_1_2_13_0_154,/content/drive/MyDrive/CD2_DSA/raw/val/images/1099_20210624_3_0_0_1_2_13_0_154.jpg,0,0
304131_20210913_3_0_0_3_2_11_0_368,/content/drive/MyDrive/CD2_DSA/raw/val/images/304131_20210913_3_0_0_3_2_11_0_368.jpg,0,0
3838_20210629_3_1_a9_3_2_13_3_47,/content/drive/MyDrive/CD2_DSA/raw/val/images/3838_20210629_3_1_a9_3_2_13_3_47.jpg,1,0
16406_20210706_3_1_a9_3_2_13_2_322,/content/drive/MyDrive/CD2_DSA/raw/val/images/16406_20210706_3_1_a9_3_2_13_2_322.jpg,1,1
307688_20210914_3_0_0_3_2_11_0_288,/content/drive/MyDrive/CD2_DSA/raw/val/images/307688_20210914_3_0_0_3_2_11_0_288.jpg,0,0
307608_20210914_3_0_0_3_2_11_0_208,/content/drive/MyDrive/CD2_DSA/raw/val/images/307608_20210914_3_0_0_3_2_11_0_208.jpg,0,0
304210_20210913_3_0_0_3_2_11_0_447,/content/drive/MyDrive/CD2_DSA/raw/val/images/304210_20210913_3_0_0_3_2_11_0_447.jpg,0,0
128812_20210624_3_0_0_1_2_13_0_2,/content/drive/MyDrive/CD2_DSA/raw/val/images/128812_20210624_3_0_0_1_2_13_0_2.jpg,0,0
16936_20210622_3_1_a9_3_2_13_2_26,/content/drive/MyDrive/CD2_DSA/raw/val/images/16936_20210622_3_1_a9_3_2_13_2_26.jpg,1,1
3367_20210629_3_1_a9_3_2_13_1_122,/content/drive/MyDrive/CD2_DSA/raw/val/images/3367_20210629_3_1_a9_3_2_13_1_122.jpg,1,1
311974_20210914_3_0_0_3_2_11_0_97,/content/drive/MyDrive/CD2_DSA/raw/val/images/311974_20210914_3_0_0_3_2_11_0_97.jpg,0,0
3712_20210629_3_1_a9_3_2_13_2_91,/content/drive/MyDrive/CD2_DSA/raw/val/images/3712_20210629_3_1_a9_3_2_13_2_91.jpg,1,0
95232_20210624_3_0_0_1_2_13_0_53,/content/drive/MyDrive/CD2_DSA/raw/val/images/95232_20210624_3_0_0_1_2_13_0_53.jpg,0,0
83316_20210624_3_0_0_1_2_13_0_199,/content/drive/MyDrive/CD2_DSA/raw/val/images/83316_20210624_3_0_0_1_2_13_0_199.jpg,0,0
86537_20210624_3_0_0_1_2_13_0_106,/content/drive/MyDrive/CD2_DSA/raw/val/images/86537_20210624_3_0_0_1_2_13_0_106.jpg,0,0
304285_20210913_3_0_0_3_2_11_0_522,/content/drive/MyDrive/CD2_DSA/raw/val/images/304285_20210913_3_0_0_3_2_11_0_522.jpg,0,0
16734_20210706_3_1_a9_3_2_13_2_585,/content/drive/MyDrive/CD2_DSA/raw/val/images/16734_20210706_3_1_a9_3_2_13_2_585.jpg,1,1
16289_20210706_3_1_a9_3_2_13_2_219,/content/drive/MyDrive/CD2_DSA/raw/val/images/16289_20210706_3_1_a9_3_2_13_2_219.jpg,1,1
3754_20210622_3_1_a9_3_2_13_3_32,/content/drive/MyDrive/CD2_DSA/raw/val/images/3754_20210622_3_1_a9_3_2_13_3_32.jpg,1,0
104076_20210624_3_0_0_4_2_13_0_154,/content/drive/MyDrive/CD2_DSA/raw/val/images/104076_20210624_3_0_0_4_2_13_0_154.jpg,0,0
307471_20210914_3_0_0_3_2_11_0_71,/content/drive/MyDrive/CD2_DSA/raw/val/images/307471_20210914_3_0_0_3_2_11_0_71.jpg,0,0
86577_20210624_3_0_0_1_2_13_0_146,/content/drive/MyDrive/CD2_DSA/raw/val/images/86577_20210624_3_0_0_1_2_13_0_146.jpg,0,0
5737_20210622_3_1_a9_3_2_13_1_22,/content/drive/MyDrive/CD2_DSA/raw/val/images/5737_20210622_3_1_a9_3_2_13_1_22.jpg,1,1
68497_20210624_3_0_0_2_2_13_0_7,/content/drive/MyDrive/CD2_DSA/raw/val/images/68497_20210624_3_0_0_2_2_13_0_7.jpg,0,0
16951_20210622_3_1_a9_3_2_13_1_72,/content/drive/MyDrive/CD2_DSA/raw/val/images/16951_20210622_3_1_a9_3_2_13_1_72.jpg,1,0
106525_20210624_3_0_0_1_2_13_0_122,/content/drive/MyDrive/CD2_DSA/raw/val/images/106525_20210624_3_0_0_1_2_13_0_122.jpg,0,0
1595_20210622_3_1_a9_3_2_13_2_167,/content/drive/MyDrive/CD2_DSA/raw/val/images/1595_20210622_3_1_a9_3_2_13_2_167.jpg,1,0
304179_20210913_3_0_0_3_2_11_0_416,/content/drive/MyDrive/CD2_DSA/raw/val/images/304179_20210913_3_0_0_3_2_11_0_416.jpg,0,0
125698_20210624_3_0_0_2_2_13_0_100,/content/drive/MyDrive/CD2_DSA/raw/val/images/125698_20210624_3_0_0_2_2_13_0_100.jpg,0,0
49075_20210624_3_0_0_1_2_13_0_149,/content/drive/MyDrive/CD2_DSA/raw/val/images/49075_20210624_3_0_0_1_2_13_0_149.jpg,0,0
83187_20210624_3_0_0_1_2_13_0_100,/content/drive/MyDrive/CD2_DSA/raw/val/images/83187_20210624_3_0_0_1_2_13_0_100.jpg,0,0
106214_20210624_3_0_0_1_2_13_0_11,/content/drive/MyDrive/CD2_DSA/raw/val/images/106214_20210624_3_0_0_1_2_13_0_11.jpg,0,0
17028_20210622_3_1_a9_3_2_13_1_149,/content/drive/MyDrive/CD2_DSA/raw/val/images/17028_20210622_3_1_a9_3_2_13_1_149.jpg,1,1
775_20210622_3_1_a9_3_2_13_1_140,/content/drive/MyDrive/CD2_DSA/raw/val/images/775_20210622_3_1_a9_3_2_13_1_140.jpg,1,1
86883_20210624_3_0_0_1_2_13_0_208,/content/drive/MyDrive/CD2_DSA/raw/val/images/86883_20210624_3_0_0_1_2_13_0_208.jpg,0,0
3154_20210629_3_1_a9_3_2_13_1_9,/content/drive/MyDrive/CD2_DSA/raw/val/images/3154_20210629_3_1_a9_3_2_13_1_9.jpg,1,1
308129_20210914_3_0_0_3_2_11_0_29,/content/drive/MyDrive/CD2_DSA/raw/val/images/308129_20210914_3_0_0_3_2_11_0_29.jpg,0,0
67459_20210624_3_0_0_1_2_13_0_60,/content/drive/MyDrive/CD2_DSA/raw/val/images/67459_20210624_3_0_0_1_2_13_0_60.jpg,0,0
307595_20210914_3_0_0_3_2_11_0_195,/content/drive/MyDrive/CD2_DSA/raw/val/images/307595_20210914_3_0_0_3_2_11_0_195.jpg,0,0
312112_20210914_3_0_0_3_2_11_0_235,/content/drive/MyDrive/CD2_DSA/raw/val/images/312112_20210914_3_0_0_3_2_11_0_235.jpg,0,0
308871_20210914_3_0_0_5_2_11_0_347,/content/drive/MyDrive/CD2_DSA/raw/val/images/308871_20210914_3_0_0_5_2_11_0_347.jpg,0,0
170836_20210624_3_0_0_5_2_13_0_30,/content/drive/MyDrive/CD2_DSA/raw/val/images/170836_20210624_3_0_0_5_2_13_0_30.jpg,0,0
307696_20210914_3_0_0_3_2_11_0_296,/content/drive/MyDrive/CD2_DSA/raw/val/images/307696_20210914_3_0_0_3_2_11_0_296.jpg,0,0
312057_20210914_3_0_0_3_2_11_0_180,/content/drive/MyDrive/CD2_DSA/raw/val/images/312057_20210914_3_0_0_3_2_11_0_180.jpg,0,0
16212_20210706_3_1_a9_3_2_13_2_142,/content/drive/MyDrive/CD2_DSA/raw/val/images/16212_20210706_3_1_a9_3_2_13_2_142.jpg,1,1
66016_20210624_3_0_0_4_2_13_0_147,/content/drive/MyDrive/CD2_DSA/raw/val/images/66016_20210624_3_0_0_4_2_13_0_147.jpg,0,0
959_20210624_3_0_0_1_2_13_0_14,/content/drive/MyDrive/CD2_DSA/raw/val/images/959_20210624_3_0_0_1_2_13_0_14.jpg,0,0
106564_20210624_3_0_0_1_2_13_0_161,/content/drive/MyDrive/CD2_DSA/raw/val/images/106564_20210624_3_0_0_1_2_13_0_161.jpg,0,0
6041_20210622_3_1_a9_3_2_13_1_90,/content/drive/MyDrive/CD2_DSA/raw/val/images/6041_20210622_3_1_a9_3_2_13_1_90.jpg,1,1
1536_20210622_3_1_a9_3_2_13_2_108,/content/drive/MyDrive/CD2_DSA/raw/val/images/1536_20210622_3_1_a9_3_2_13_2_108.jpg,1,1
16201_20210706_3_1_a9_3_2_13_2_131,/content/drive/MyDrive/CD2_DSA/raw/val/images/16201_20210706_3_1_a9_3_2_13_2_131.jpg,1,1
16336_20210706_3_1_a9_3_2_13_2_266,/content/drive/MyDrive/CD2_DSA/raw/val/images/16336_20210706_3_1_a9_3_2_13_2_266.jpg,1,1
14335_20210624_3_0_0_3_2_13_0_57,/content/drive/MyDrive/CD2_DSA/raw/val/images/14335_20210624_3_0_0_3_2_13_0_57.jpg,0,0
3734_20210622_3_1_a9_3_2_13_3_12,/content/drive/MyDrive/CD2_DSA/raw/val/images/3734_20210622_3_1_a9_3_2_13_3_12.jpg,1,0
311938_20210914_3_0_0_3_2_11_0_61,/content/drive/MyDrive/CD2_DSA/raw/val/images/311938_20210914_3_0_0_3_2_11_0_61.jpg,0,0
307833_20210914_3_0_0_5_2_11_0_30,/content/drive/MyDrive/CD2_DSA/raw/val/images/307833_20210914_3_0_0_5_2_11_0_30.jpg,0,0
304178_20210913_3_0_0_3_2_11_0_415,/content/drive/MyDrive/CD2_DSA/raw/val/images/304178_20210913_3_0_0_3_2_11_0_415.jpg,0,0
3155_20210629_3_1_a9_3_2_13_1_10,/content/drive/MyDrive/CD2_DSA/raw/val/images/3155_20210629_3_1_a9_3_2_13_1_10.jpg,1,1
16218_20210706_3_1_a9_3_2_13_2_148,/content/drive/MyDrive/CD2_DSA/raw/val/images/16218_20210706_3_1_a9_3_2_13_2_148.jpg,1,1
67545_20210624_3_0_0_1_2_13_0_146,/content/drive/MyDrive/CD2_DSA/raw/val/images/67545_20210624_3_0_0_1_2_13_0_146.jpg,0,0
15818_20210622_3_1_a9_3_2_13_2_59,/content/drive/MyDrive/CD2_DSA/raw/val/images/15818_20210622_3_1_a9_3_2_13_2_59.jpg,1,0
9177_20210624_3_0_0_2_2_13_0_171,/content/drive/MyDrive/CD2_DSA/raw/val/images/9177_20210624_3_0_0_2_2_13_0_171.jpg,0,0
16789_20210713_3_1_a9_3_2_13_3_51,/content/drive/MyDrive/CD2_DSA/raw/val/images/16789_20210713_3_1_a9_3_2_13_3_51.jpg,1,1
308758_20210914_3_0_0_5_2_11_0_234,/content/drive/MyDrive/CD2_DSA/raw/val/images/308758_20210914_3_0_0_5_2_11_0_234.jpg,0,0
16096_20210706_3_1_a9_3_2_13_2_106,/content/drive/MyDrive/CD2_DSA/raw/val/images/16096_20210706_3_1_a9_3_2_13_2_106.jpg,1,1
15125_20210622_3_1_a9_3_2_13_3_36,/content/drive/MyDrive/CD2_DSA/raw/val/images/15125_20210622_3_1_a9_3_2_13_3_36.jpg,1,1
16004_20210706_3_1_a9_3_2_13_2_14,/content/drive/MyDrive/CD2_DSA/raw/val/images/16004_20210706_3_1_a9_3_2_13_2_14.jpg,1,0
308834_20210914_3_0_0_5_2_11_0_310,/content/drive/MyDrive/CD2_DSA/raw/val/images/308834_20210914_3_0_0_5_2_11_0_310.jpg,0,0
106317_20210624_3_0_0_1_2_13_0_114,/content/drive/MyDrive/CD2_DSA/raw/val/images/106317_20210624_3_0_0_1_2_13_0_114.jpg,0,0
311716_20210803_3_0_0_3_2_11_0_48,/content/drive/MyDrive/CD2_DSA/raw/val/images/311716_20210803_3_0_0_3_2_11_0_48.jpg,0,0
3623_20210629_3_1_a9_3_2_13_2_2,/content/drive/MyDrive/CD2_DSA/raw/val/images/3623_20210629_3_1_a9_3_2_13_2_2.jpg,1,0
125685_20210624_3_0_0_2_2_13_0_89,/content/drive/MyDrive/CD2_DSA/raw/val/images/125685_20210624_3_0_0_2_2_13_0_89.jpg,0,0
16925_20210622_3_1_a9_3_2_13_2_15,/content/drive/MyDrive/CD2_DSA/raw/val/images/16925_20210622_3_1_a9_3_2_13_2_15.jpg,1,1
311877_20210914_3_0_0_3_2_11_0_0,/content/drive/MyDrive/CD2_DSA/raw/val/images/311877_20210914_3_0_0_3_2_11_0_0.jpg,0,0
125115_20210624_3_0_0_1_2_13_0_146,/content/drive/MyDrive/CD2_DSA/raw/val/images/125115_20210624_3_0_0_1_2_13_0_146.jpg,0,0
3425_20210629_3_1_a9_3_2_13_1_180,/content/drive/MyDrive/CD2_DSA/raw/val/images/3425_20210629_3_1_a9_3_2_13_1_180.jpg,1,1
308643_20210914_3_0_0_5_2_11_0_120,/content/drive/MyDrive/CD2_DSA/raw/val/images/308643_20210914_3_0_0_5_2_11_0_120.jpg,0,0
312201_20210914_3_0_0_3_2_11_0_324,/content/drive/MyDrive/CD2_DSA/raw/val/images/312201_20210914_3_0_0_3_2_11_0_324.jpg,0,0
307610_20210914_3_0_0_3_2_11_0_210,/content/drive/MyDrive/CD2_DSA/raw/val/images/307610_20210914_3_0_0_3_2_11_0_210.jpg,0,0
3181_20210629_3_1_a9_3_2_13_1_36,/content/drive/MyDrive/CD2_DSA/raw/val/images/3181_20210629_3_1_a9_3_2_13_1_36.jpg,1,1
16525_20210706_3_1_a9_3_2_13_3_40,/content/drive/MyDrive/CD2_DSA/raw/val/images/16525_20210706_3_1_a9_3_2_13_3_40.jpg,1,1
126115_20210624_3_0_0_5_2_13_0_50,/content/drive/MyDrive/CD2_DSA/raw/val/images/126115_20210624_3_0_0_5_2_13_0_50.jpg,0,0
3398_20210629_3_1_a9_3_2_13_1_153,/content/drive/MyDrive/CD2_DSA/raw/val/images/3398_20210629_3_1_a9_3_2_13_1_153.jpg,1,0
4391_20210622_3_1_a9_3_2_13_2_59,/content/drive/MyDrive/CD2_DSA/raw/val/images/4391_20210622_3_1_a9_3_2_13_2_59.jpg,1,0
304323_20210913_3_0_0_3_2_11_0_560,/content/drive/MyDrive/CD2_DSA/raw/val/images/304323_20210913_3_0_0_3_2_11_0_560.jpg,0,0
108317_20210624_3_0_0_2_2_13_0_190,/content/drive/MyDrive/CD2_DSA/raw/val/images/108317_20210624_3_0_0_2_2_13_0_190.jpg,0,0
86850_20210624_3_0_0_1_2_13_0_175,/content/drive/MyDrive/CD2_DSA/raw/val/images/86850_20210624_3_0_0_1_2_13_0_175.jpg,0,0
3719_20210629_3_1_a9_3_2_13_2_98,/content/drive/MyDrive/CD2_DSA/raw/val/images/3719_20210629_3_1_a9_3_2_13_2_98.jpg,1,1
308271_20210914_3_0_0_3_2_11_0_171,/content/drive/MyDrive/CD2_DSA/raw/val/images/308271_20210914_3_0_0_3_2_11_0_171.jpg,0,0
3705_20210629_3_1_a9_3_2_13_2_84,/content/drive/MyDrive/CD2_DSA/raw/val/images/3705_20210629_3_1_a9_3_2_13_2_84.jpg,1,0
170865_20210624_3_0_0_5_2_13_0_59,/content/drive/MyDrive/CD2_DSA/raw/val/images/170865_20210624_3_0_0_5_2_13_0_59.jpg,0,0
32333_20210624_3_0_0_4_2_13_0_36,/content/drive/MyDrive/CD2_DSA/raw/val/images/32333_20210624_3_0_0_4_2_13_0_36.jpg,0,0
7121_20210624_3_0_0_1_2_13_0_165,/content/drive/MyDrive/CD2_DSA/raw/val/images/7121_20210624_3_0_0_1_2_13_0_165.jpg,0,0
308425_20210914_3_0_0_3_2_11_0_325,/content/drive/MyDrive/CD2_DSA/raw/val/images/308425_20210914_3_0_0_3_2_11_0_325.jpg,0,0
307807_20210914_3_0_0_5_2_11_0_4,/content/drive/MyDrive/CD2_DSA/raw/val/images/307807_20210914_3_0_0_5_2_11_0_4.jpg,0,0
307550_20210914_3_0_0_3_2_11_0_150,/content/drive/MyDrive/CD2_DSA/raw/val/images/307550_20210914_3_0_0_3_2_11_0_150.jpg,0,0
2527_20210624_3_0_0_3_2_13_0_113,/content/drive/MyDrive/CD2_DSA/raw/val/images/2527_20210624_3_0_0_3_2_13_0_113.jpg,0,0
16429_20210706_3_1_a9_3_2_13_2_345,/content/drive/MyDrive/CD2_DSA/raw/val/images/16429_20210706_3_1_a9_3_2_13_2_345.jpg,1,1
15813_20210622_3_1_a9_3_2_13_2_54,/content/drive/MyDrive/CD2_DSA/raw/val/images/15813_20210622_3_1_a9_3_2_13_2_54.jpg,1,1
972_20210624_3_0_0_1_2_13_0_27,/content/drive/MyDrive/CD2_DSA/raw/val/images/972_20210624_3_0_0_1_2_13_0_27.jpg,0,0
308467_20210914_3_0_0_3_2_11_0_367,/content/drive/MyDrive/CD2_DSA/raw/val/images/308467_20210914_3_0_0_3_2_11_0_367.jpg,0,0
3785_20210629_3_1_a9_3_2_13_2_115,/content/drive/MyDrive/CD2_DSA/raw/val/images/3785_20210629_3_1_a9_3_2_13_2_115.jpg,1,1
15465_20210622_3_1_a9_3_2_13_3_169,/content/drive/MyDrive/CD2_DSA/raw/val/images/15465_20210622_3_1_a9_3_2_13_3_169.jpg,1,0
15687_20210706_3_1_a9_3_2_13_3_118,/content/drive/MyDrive/CD2_DSA/raw/val/images/15687_20210706_3_1_a9_3_2_13_3_118.jpg,1,1
308732_20210914_3_0_0_5_2_11_0_208,/content/drive/MyDrive/CD2_DSA/raw/val/images/308732_20210914_3_0_0_5_2_11_0_208.jpg,0,0
66278_20210624_3_0_0_4_2_13_0_179,/content/drive/MyDrive/CD2_DSA/raw/val/images/66278_20210624_3_0_0_4_2_13_0_179.jpg,0,0
3801_20210629_3_1_a9_3_2_13_3_10,/content/drive/MyDrive/CD2_DSA/raw/val/images/3801_20210629_3_1_a9_3_2_13_3_10.jpg,1,1
34074_20210624_3_0_0_3_2_13_0_22,/content/drive/MyDrive/CD2_DSA/raw/val/images/34074_20210624_3_0_0_3_2_13_0_22.jpg,0,0
307788_20210914_3_0_0_3_2_11_0_388,/content/drive/MyDrive/CD2_DSA/raw/val/images/307788_20210914_3_0_0_3_2_11_0_388.jpg,0,0
17014_20210622_3_1_a9_3_2_13_1_135,/content/drive/MyDrive/CD2_DSA/raw/val/images/17014_20210622_3_1_a9_3_2_13_1_135.jpg,1,1
308250_20210914_3_0_0_3_2_11_0_150,/content/drive/MyDrive/CD2_DSA/raw/val/images/308250_20210914_3_0_0_3_2_11_0_150.jpg,0,0
16013_20210706_3_1_a9_3_2_13_2_23,/content/drive/MyDrive/CD2_DSA/raw/val/images/16013_20210706_3_1_a9_3_2_13_2_23.jpg,1,1
15614_20210706_3_1_a9_3_2_13_3_45,/content/drive/MyDrive/CD2_DSA/raw/val/images/15614_20210706_3_1_a9_3_2_13_3_45.jpg,1,1
678_20210622_3_1_a9_3_2_13_1_43,/content/drive/MyDrive/CD2_DSA/raw/val/images/678_20210622_3_1_a9_3_2_13_1_43.jpg,1,0
86880_20210624_3_0_0_1_2_13_0_205,/content/drive/MyDrive/CD2_DSA/raw/val/images/86880_20210624_3_0_0_1_2_13_0_205.jpg,0,0
82867_20210624_3_0_0_1_2_13_0_38,/content/drive/MyDrive/CD2_DSA/raw/val/images/82867_20210624_3_0_0_1_2_13_0_38.jpg,0,0
1101_20210624_3_0_0_1_2_13_0_156,/content/drive/MyDrive/CD2_DSA/raw/val/images/1101_20210624_3_0_0_1_2_13_0_156.jpg,0,0
16920_20210622_3_1_a9_3_2_13_2_10,/content/drive/MyDrive/CD2_DSA/raw/val/images/16920_20210622_3_1_a9_3_2_13_2_10.jpg,1,0
128822_20210624_3_0_0_1_2_13_0_12,/content/drive/MyDrive/CD2_DSA/raw/val/images/128822_20210624_3_0_0_1_2_13_0_12.jpg,0,0
312200_20210914_3_0_0_3_2_11_0_323,/content/drive/MyDrive/CD2_DSA/raw/val/images/312200_20210914_3_0_0_3_2_11_0_323.jpg,0,0
15696_20210706_3_1_a9_3_2_13_3_127,/content/drive/MyDrive/CD2_DSA/raw/val/images/15696_20210706_3_1_a9_3_2_13_3_127.jpg,1,1
67432_20210624_3_0_0_1_2_13_0_33,/content/drive/MyDrive/CD2_DSA/raw/val/images/67432_20210624_3_0_0_1_2_13_0_33.jpg,0,0
3437_20210629_3_1_a9_3_2_13_1_192,/content/drive/MyDrive/CD2_DSA/raw/val/images/3437_20210629_3_1_a9_3_2_13_1_192.jpg,1,1
7609_20210622_3_1_a9_3_2_13_1_221,/content/drive/MyDrive/CD2_DSA/raw/val/images/7609_20210622_3_1_a9_3_2_13_1_221.jpg,1,1
108102_20210624_3_0_0_2_2_13_0_90,/content/drive/MyDrive/CD2_DSA/raw/val/images/108102_20210624_3_0_0_2_2_13_0_90.jpg,0,0
308567_20210914_3_0_0_5_2_11_0_43,/content/drive/MyDrive/CD2_DSA/raw/val/images/308567_20210914_3_0_0_5_2_11_0_43.jpg,0,0
3149_20210629_3_1_a9_3_2_13_1_4,/content/drive/MyDrive/CD2_DSA/raw/val/images/3149_20210629_3_1_a9_3_2_13_1_4.jpg,1,0
83204_20210624_3_0_0_1_2_13_0_117,/content/drive/MyDrive/CD2_DSA/raw/val/images/83204_20210624_3_0_0_1_2_13_0_117.jpg,0,0
307484_20210914_3_0_0_3_2_11_0_84,/content/drive/MyDrive/CD2_DSA/raw/val/images/307484_20210914_3_0_0_3_2_11_0_84.jpg,0,0
32317_20210624_3_0_0_4_2_13_0_20,/content/drive/MyDrive/CD2_DSA/raw/val/images/32317_20210624_3_0_0_4_2_13_0_20.jpg,0,0
66014_20210624_3_0_0_4_2_13_0_145,/content/drive/MyDrive/CD2_DSA/raw/val/images/66014_20210624_3_0_0_4_2_13_0_145.jpg,0,0
308449_20210914_3_0_0_3_2_11_0_349,/content/drive/MyDrive/CD2_DSA/raw/val/images/308449_20210914_3_0_0_3_2_11_0_349.jpg,0,0
83272_20210624_3_0_0_1_2_13_0_185,/content/drive/MyDrive/CD2_DSA/raw/val/images/83272_20210624_3_0_0_1_2_13_0_185.jpg,0,0
4738_20210622_3_1_a9_3_2_13_2_106,/content/drive/MyDrive/CD2_DSA/raw/val/images/4738_20210622_3_1_a9_3_2_13_2_106.jpg,1,1
5848_20210622_3_1_a9_3_2_13_1_33,/content/drive/MyDrive/CD2_DSA/raw/val/images/5848_20210622_3_1_a9_3_2_13_1_33.jpg,1,0
10417_20210624_3_0_0_1_2_13_0_13,/content/drive/MyDrive/CD2_DSA/raw/val/images/10417_20210624_3_0_0_1_2_13_0_13.jpg,0,0
311969_20210914_3_0_0_3_2_11_0_92,/content/drive/MyDrive/CD2_DSA/raw/val/images/311969_20210914_3_0_0_3_2_11_0_92.jpg,0,0
3659_20210629_3_1_a9_3_2_13_2_38,/content/drive/MyDrive/CD2_DSA/raw/val/images/3659_20210629_3_1_a9_3_2_13_2_38.jpg,1,1
95448_20210624_3_0_0_1_2_13_0_114,/content/drive/MyDrive/CD2_DSA/raw/val/images/95448_20210624_3_0_0_1_2_13_0_114.jpg,0,0
307955_20210914_3_0_0_5_2_11_0_152,/content/drive/MyDrive/CD2_DSA/raw/val/images/307955_20210914_3_0_0_5_2_11_0_152.jpg,0,0
896_20210622_3_1_a9_3_2_13_3_94,/content/drive/MyDrive/CD2_DSA/raw/val/images/896_20210622_3_1_a9_3_2_13_3_94.jpg,1,1
307729_20210914_3_0_0_3_2_11_0_329,/content/drive/MyDrive/CD2_DSA/raw/val/images/307729_20210914_3_0_0_3_2_11_0_329.jpg,0,0
3200_20210629_3_1_a9_3_2_13_1_55,/content/drive/MyDrive/CD2_DSA/raw/val/images/3200_20210629_3_1_a9_3_2_13_1_55.jpg,1,1
308289_20210914_3_0_0_3_2_11_0_189,/content/drive/MyDrive/CD2_DSA/raw/val/images/308289_20210914_3_0_0_3_2_11_0_189.jpg,0,0
16967_20210622_3_1_a9_3_2_13_1_88,/content/drive/MyDrive/CD2_DSA/raw/val/images/16967_20210622_3_1_a9_3_2_13_1_88.jpg,1,0
49870_20210624_3_0_0_3_2_13_0_8,/content/drive/MyDrive/CD2_DSA/raw/val/images/49870_20210624_3_0_0_3_2_13_0_8.jpg,0,0
104088_20210624_3_0_0_4_2_13_0_166,/content/drive/MyDrive/CD2_DSA/raw/val/images/104088_20210624_3_0_0_4_2_13_0_166.jpg,0,0
71148_20210624_3_0_0_3_2_13_0_1,/content/drive/MyDrive/CD2_DSA/raw/val/images/71148_20210624_3_0_0_3_2_13_0_1.jpg,0,0
125630_20210624_3_0_0_2_2_13_0_34,/content/drive/MyDrive/CD2_DSA/raw/val/images/125630_20210624_3_0_0_2_2_13_0_34.jpg,0,0
308744_20210914_3_0_0_5_2_11_0_220,/content/drive/MyDrive/CD2_DSA/raw/val/images/308744_20210914_3_0_0_5_2_11_0_220.jpg,0,0
12000_20210624_3_0_0_1_2_13_0_141,/content/drive/MyDrive/CD2_DSA/raw/val/images/12000_20210624_3_0_0_1_2_13_0_141.jpg,0,0
170815_20210624_3_0_0_5_2_13_0_9,/content/drive/MyDrive/CD2_DSA/raw/val/images/170815_20210624_3_0_0_5_2_13_0_9.jpg,0,0
67525_20210624_3_0_0_1_2_13_0_126,/content/drive/MyDrive/CD2_DSA/raw/val/images/67525_20210624_3_0_0_1_2_13_0_126.jpg,0,0
68495_20210624_3_0_0_2_2_13_0_5,/content/drive/MyDrive/CD2_DSA/raw/val/images/68495_20210624_3_0_0_2_2_13_0_5.jpg,0,0
10661_20210624_3_0_0_3_2_13_0_155,/content/drive/MyDrive/CD2_DSA/raw/val/images/10661_20210624_3_0_0_3_2_13_0_155.jpg,0,0
16309_20210706_3_1_a9_3_2_13_2_239,/content/drive/MyDrive/CD2_DSA/raw/val/images/16309_20210706_3_1_a9_3_2_13_2_239.jpg,1,1
1605_20210622_3_1_a9_3_2_13_2_177,/content/drive/MyDrive/CD2_DSA/raw/val/images/1605_20210622_3_1_a9_3_2_13_2_177.jpg,1,1
108284_20210624_3_0_0_2_2_13_0_157,/content/drive/MyDrive/CD2_DSA/raw/val/images/108284_20210624_3_0_0_2_2_13_0_157.jpg,0,0
126093_20210624_3_0_0_5_2_13_0_28,/content/drive/MyDrive/CD2_DSA/raw/val/images/126093_20210624_3_0_0_5_2_13_0_28.jpg,0,0
15760_20210622_3_1_a9_3_2_13_2_1,/content/drive/MyDrive/CD2_DSA/raw/val/images/15760_20210622_3_1_a9_3_2_13_2_1.jpg,1,1
308591_20210914_3_0_0_5_2_11_0_67,/content/drive/MyDrive/CD2_DSA/raw/val/images/308591_20210914_3_0_0_5_2_11_0_67.jpg,0,0
86875_20210624_3_0_0_1_2_13_0_200,/content/drive/MyDrive/CD2_DSA/raw/val/images/86875_20210624_3_0_0_1_2_13_0_200.jpg,0,0
16206_20210706_3_1_a9_3_2_13_2_136,/content/drive/MyDrive/CD2_DSA/raw/val/images/16206_20210706_3_1_a9_3_2_13_2_136.jpg,1,1
16375_20210622_3_1_a9_3_2_13_3_4,/content/drive/MyDrive/CD2_DSA/raw/val/images/16375_20210622_3_1_a9_3_2_13_3_4.jpg,1,1
124712_20210624_3_0_0_1_2_13_0_63,/content/drive/MyDrive/CD2_DSA/raw/val/images/124712_20210624_3_0_0_1_2_13_0_63.jpg,0,0
3638_20210629_3_1_a9_3_2_13_2_17,/content/drive/MyDrive/CD2_DSA/raw/val/images/3638_20210629_3_1_a9_3_2_13_2_17.jpg,1,1
312134_20210914_3_0_0_3_2_11_0_257,/content/drive/MyDrive/CD2_DSA/raw/val/images/312134_20210914_3_0_0_3_2_11_0_257.jpg,0,0
3152_20210629_3_1_a9_3_2_13_1_7,/content/drive/MyDrive/CD2_DSA/raw/val/images/3152_20210629_3_1_a9_3_2_13_1_7.jpg,1,1
16419_20210706_3_1_a9_3_2_13_2_335,/content/drive/MyDrive/CD2_DSA/raw/val/images/16419_20210706_3_1_a9_3_2_13_2_335.jpg,1,0
16061_20210706_3_1_a9_3_2_13_2_71,/content/drive/MyDrive/CD2_DSA/raw/val/images/16061_20210706_3_1_a9_3_2_13_2_71.jpg,1,1
3597_20210629_3_1_a9_3_2_13_1_246,/content/drive/MyDrive/CD2_DSA/raw/val/images/3597_20210629_3_1_a9_3_2_13_1_246.jpg,1,1
15898_20210622_3_1_a9_3_2_13_2_139,/content/drive/MyDrive/CD2_DSA/raw/val/images/15898_20210622_3_1_a9_3_2_13_2_139.jpg,1,1
308121_20210914_3_0_0_3_2_11_0_21,/content/drive/MyDrive/CD2_DSA/raw/val/images/308121_20210914_3_0_0_3_2_11_0_21.jpg,0,0
109504_20210624_3_0_0_3_2_13_0_118,/content/drive/MyDrive/CD2_DSA/raw/val/images/109504_20210624_3_0_0_3_2_13_0_118.jpg,0,0
106546_20210624_3_0_0_1_2_13_0_143,/content/drive/MyDrive/CD2_DSA/raw/val/images/106546_20210624_3_0_0_1_2_13_0_143.jpg,0,0
1129_20210624_3_0_0_1_2_13_0_184,/content/drive/MyDrive/CD2_DSA/raw/val/images/1129_20210624_3_0_0_1_2_13_0_184.jpg,0,0
311766_20210803_3_0_0_3_2_11_0_98,/content/drive/MyDrive/CD2_DSA/raw/val/images/311766_20210803_3_0_0_3_2_11_0_98.jpg,0,0
1085_20210624_3_0_0_1_2_13_0_140,/content/drive/MyDrive/CD2_DSA/raw/val/images/1085_20210624_3_0_0_1_2_13_0_140.jpg,0,0
16656_20210706_3_1_a9_3_2_13_2_507,/content/drive/MyDrive/CD2_DSA/raw/val/images/16656_20210706_3_1_a9_3_2_13_2_507.jpg,1,1
67614_20210624_3_0_0_1_2_13_0_185,/content/drive/MyDrive/CD2_DSA/raw/val/images/67614_20210624_3_0_0_1_2_13_0_185.jpg,0,0
3647_20210629_3_1_a9_3_2_13_2_26,/content/drive/MyDrive/CD2_DSA/raw/val/images/3647_20210629_3_1_a9_3_2_13_2_26.jpg,1,1
67410_20210624_3_0_0_1_2_13_0_11,/content/drive/MyDrive/CD2_DSA/raw/val/images/67410_20210624_3_0_0_1_2_13_0_11.jpg,0,0
67466_20210624_3_0_0_1_2_13_0_67,/content/drive/MyDrive/CD2_DSA/raw/val/images/67466_20210624_3_0_0_1_2_13_0_67.jpg,0,0
4725_20210622_3_1_a9_3_2_13_2_93,/content/drive/MyDrive/CD2_DSA/raw/val/images/4725_20210622_3_1_a9_3_2_13_2_93.jpg,1,1
16337_20210706_3_1_a9_3_2_13_2_267,/content/drive/MyDrive/CD2_DSA/raw/val/images/16337_20210706_3_1_a9_3_2_13_2_267.jpg,1,1
307514_20210914_3_0_0_3_2_11_0_114,/content/drive/MyDrive/CD2_DSA/raw/val/images/307514_20210914_3_0_0_3_2_11_0_114.jpg,0,0
3770_20210622_3_1_a9_3_2_13_3_48,/content/drive/MyDrive/CD2_DSA/raw/val/images/3770_20210622_3_1_a9_3_2_13_3_48.jpg,1,1
307636_20210914_3_0_0_3_2_11_0_236,/content/drive/MyDrive/CD2_DSA/raw/val/images/307636_20210914_3_0_0_3_2_11_0_236.jpg,0,0
83235_20210624_3_0_0_1_2_13_0_148,/content/drive/MyDrive/CD2_DSA/raw/val/images/83235_20210624_3_0_0_1_2_13_0_148.jpg,0,0
13223_20210624_3_0_0_1_2_13_0_179,/content/drive/MyDrive/CD2_DSA/raw/val/images/13223_20210624_3_0_0_1_2_13_0_179.jpg,0,0
308228_20210914_3_0_0_3_2_11_0_128,/content/drive/MyDrive/CD2_DSA/raw/val/images/308228_20210914_3_0_0_3_2_11_0_128.jpg,0,0
311978_20210914_3_0_0_3_2_11_0_101,/content/drive/MyDrive/CD2_DSA/raw/val/images/311978_20210914_3_0_0_3_2_11_0_101.jpg,0,0
15697_20210706_3_1_a9_3_2_13_3_128,/content/drive/MyDrive/CD2_DSA/raw/val/images/15697_20210706_3_1_a9_3_2_13_3_128.jpg,1,1
16950_20210622_3_1_a9_3_2_13_1_71,/content/drive/MyDrive/CD2_DSA/raw/val/images/16950_20210622_3_1_a9_3_2_13_1_71.jpg,1,0
71204_20210624_3_0_0_3_2_13_0_57,/content/drive/MyDrive/CD2_DSA/raw/val/images/71204_20210624_3_0_0_3_2_13_0_57.jpg,0,0
49081_20210624_3_0_0_1_2_13_0_155,/content/drive/MyDrive/CD2_DSA/raw/val/images/49081_20210624_3_0_0_1_2_13_0_155.jpg,0,0
308102_20210914_3_0_0_3_2_11_0_2,/content/drive/MyDrive/CD2_DSA/raw/val/images/308102_20210914_3_0_0_3_2_11_0_2.jpg,0,0
1596_20210622_3_1_a9_3_2_13_2_168,/content/drive/MyDrive/CD2_DSA/raw/val/images/1596_20210622_3_1_a9_3_2_13_2_168.jpg,1,1
106541_20210624_3_0_0_1_2_13_0_138,/content/drive/MyDrive/CD2_DSA/raw/val/images/106541_20210624_3_0_0_1_2_13_0_138.jpg,0,0
16642_20210706_3_1_a9_3_2_13_2_493,/content/drive/MyDrive/CD2_DSA/raw/val/images/16642_20210706_3_1_a9_3_2_13_2_493.jpg,1,1
15820_20210622_3_1_a9_3_2_13_2_61,/content/drive/MyDrive/CD2_DSA/raw/val/images/15820_20210622_3_1_a9_3_2_13_2_61.jpg,1,1
16647_20210706_3_1_a9_3_2_13_2_498,/content/drive/MyDrive/CD2_DSA/raw/val/images/16647_20210706_3_1_a9_3_2_13_2_498.jpg,1,1
3824_20210629_3_1_a9_3_2_13_3_33,/content/drive/MyDrive/CD2_DSA/raw/val/images/3824_20210629_3_1_a9_3_2_13_3_33.jpg,1,1
82918_20210624_3_0_0_1_2_13_0_89,/content/drive/MyDrive/CD2_DSA/raw/val/images/82918_20210624_3_0_0_1_2_13_0_89.jpg,0,0
34054_20210624_3_0_0_3_2_13_0_2,/content/drive/MyDrive/CD2_DSA/raw/val/images/34054_20210624_3_0_0_3_2_13_0_2.jpg,0,0
83198_20210624_3_0_0_1_2_13_0_111,/content/drive/MyDrive/CD2_DSA/raw/val/images/83198_20210624_3_0_0_1_2_13_0_111.jpg,0,0
308565_20210914_3_0_0_5_2_11_0_41,/content/drive/MyDrive/CD2_DSA/raw/val/images/308565_20210914_3_0_0_5_2_11_0_41.jpg,0,0
11886_20210624_3_0_0_1_2_13_0_132,/content/drive/MyDrive/CD2_DSA/raw/val/images/11886_20210624_3_0_0_1_2_13_0_132.jpg,0,0
312021_20210914_3_0_0_3_2_11_0_144,/content/drive/MyDrive/CD2_DSA/raw/val/images/312021_20210914_3_0_0_3_2_11_0_144.jpg,0,0
307661_20210914_3_0_0_3_2_11_0_261,/content/drive/MyDrive/CD2_DSA/raw/val/images/307661_20210914_3_0_0_3_2_11_0_261.jpg,0,0
308526_20210914_3_0_0_5_2_11_0_2,/content/drive/MyDrive/CD2_DSA/raw/val/images/308526_20210914_3_0_0_5_2_11_0_2.jpg,0,0
304000_20210913_3_0_0_3_2_11_0_237,/content/drive/MyDrive/CD2_DSA/raw/val/images/304000_20210913_3_0_0_3_2_11_0_237.jpg,0,0
67628_20210624_3_0_0_1_2_13_0_199,/content/drive/MyDrive/CD2_DSA/raw/val/images/67628_20210624_3_0_0_1_2_13_0_199.jpg,0,0
308213_20210914_3_0_0_3_2_11_0_113,/content/drive/MyDrive/CD2_DSA/raw/val/images/308213_20210914_3_0_0_3_2_11_0_113.jpg,0,0
1755_20210622_3_1_a9_3_2_13_2_327,/content/drive/MyDrive/CD2_DSA/raw/val/images/1755_20210622_3_1_a9_3_2_13_2_327.jpg,1,1
308552_20210914_3_0_0_5_2_11_0_28,/content/drive/MyDrive/CD2_DSA/raw/val/images/308552_20210914_3_0_0_5_2_11_0_28.jpg,0,0
311892_20210914_3_0_0_3_2_11_0_15,/content/drive/MyDrive/CD2_DSA/raw/val/images/311892_20210914_3_0_0_3_2_11_0_15.jpg,0,0
7779_20210622_3_1_a9_3_2_13_1_229,/content/drive/MyDrive/CD2_DSA/raw/val/images/7779_20210622_3_1_a9_3_2_13_1_229.jpg,1,1
95225_20210624_3_0_0_1_2_13_0_46,/content/drive/MyDrive/CD2_DSA/raw/val/images/95225_20210624_3_0_0_1_2_13_0_46.jpg,0,0
64646_20210624_3_0_0_1_2_13_0_10,/content/drive/MyDrive/CD2_DSA/raw/val/images/64646_20210624_3_0_0_1_2_13_0_10.jpg,0,0
307935_20210914_3_0_0_5_2_11_0_132,/content/drive/MyDrive/CD2_DSA/raw/val/images/307935_20210914_3_0_0_5_2_11_0_132.jpg,0,0
15841_20210622_3_1_a9_3_2_13_2_82,/content/drive/MyDrive/CD2_DSA/raw/val/images/15841_20210622_3_1_a9_3_2_13_2_82.jpg,1,0
16228_20210706_3_1_a9_3_2_13_2_158,/content/drive/MyDrive/CD2_DSA/raw/val/images/16228_20210706_3_1_a9_3_2_13_2_158.jpg,1,1
308343_20210914_3_0_0_3_2_11_0_243,/content/drive/MyDrive/CD2_DSA/raw/val/images/308343_20210914_3_0_0_3_2_11_0_243.jpg,0,0
25342_20210624_3_0_0_5_2_13_0_67,/content/drive/MyDrive/CD2_DSA/raw/val/images/25342_20210624_3_0_0_5_2_13_0_67.jpg,0,0
1607_20210622_3_1_a9_3_2_13_2_179,/content/drive/MyDrive/CD2_DSA/raw/val/images/1607_20210622_3_1_a9_3_2_13_2_179.jpg,1,1
170846_20210624_3_0_0_5_2_13_0_40,/content/drive/MyDrive/CD2_DSA/raw/val/images/170846_20210624_3_0_0_5_2_13_0_40.jpg,0,0
125671_20210624_3_0_0_2_2_13_0_75,/content/drive/MyDrive/CD2_DSA/raw/val/images/125671_20210624_3_0_0_2_2_13_0_75.jpg,0,0
86168_20210624_3_0_0_1_2_13_0_27,/content/drive/MyDrive/CD2_DSA/raw/val/images/86168_20210624_3_0_0_1_2_13_0_27.jpg,0,0
904_20210622_3_1_a9_3_2_13_3_102,/content/drive/MyDrive/CD2_DSA/raw/val/images/904_20210622_3_1_a9_3_2_13_3_102.jpg,1,1
308126_20210914_3_0_0_3_2_11_0_26,/content/drive/MyDrive/CD2_DSA/raw/val/images/308126_20210914_3_0_0_3_2_11_0_26.jpg,0,0
15592_20210706_3_1_a9_3_2_13_3_23,/content/drive/MyDrive/CD2_DSA/raw/val/images/15592_20210706_3_1_a9_3_2_13_3_23.jpg,1,1
6907_20210624_3_0_0_1_2_13_0_132,/content/drive/MyDrive/CD2_DSA/raw/val/images/6907_20210624_3_0_0_1_2_13_0_132.jpg,0,0
308464_20210914_3_0_0_3_2_11_0_364,/content/drive/MyDrive/CD2_DSA/raw/val/images/308464_20210914_3_0_0_3_2_11_0_364.jpg,0,0
860_20210622_3_1_a9_3_2_13_3_58,/content/drive/MyDrive/CD2_DSA/raw/val/images/860_20210622_3_1_a9_3_2_13_3_58.jpg,1,0
307845_20210914_3_0_0_5_2_11_0_42,/content/drive/MyDrive/CD2_DSA/raw/val/images/307845_20210914_3_0_0_5_2_11_0_42.jpg,0,0
307926_20210914_3_0_0_5_2_11_0_123,/content/drive/MyDrive/CD2_DSA/raw/val/images/307926_20210914_3_0_0_5_2_11_0_123.jpg,0,0
15838_20210622_3_1_a9_3_2_13_2_79,/content/drive/MyDrive/CD2_DSA/raw/val/images/15838_20210622_3_1_a9_3_2_13_2_79.jpg,1,0
307877_20210914_3_0_0_5_2_11_0_74,/content/drive/MyDrive/CD2_DSA/raw/val/images/307877_20210914_3_0_0_5_2_11_0_74.jpg,0,0
17007_20210622_3_1_a9_3_2_13_1_128,/content/drive/MyDrive/CD2_DSA/raw/val/images/17007_20210622_3_1_a9_3_2_13_1_128.jpg,1,1
49051_20210624_3_0_0_1_2_13_0_125,/content/drive/MyDrive/CD2_DSA/raw/val/images/49051_20210624_3_0_0_1_2_13_0_125.jpg,0,0
1003_20210624_3_0_0_1_2_13_0_58,/content/drive/MyDrive/CD2_DSA/raw/val/images/1003_20210624_3_0_0_1_2_13_0_58.jpg,0,0
15669_20210706_3_1_a9_3_2_13_3_100,/content/drive/MyDrive/CD2_DSA/raw/val/images/15669_20210706_3_1_a9_3_2_13_3_100.jpg,1,1
106220_20210624_3_0_0_1_2_13_0_17,/content/drive/MyDrive/CD2_DSA/raw/val/images/106220_20210624_3_0_0_1_2_13_0_17.jpg,0,0
307976_20210914_3_0_0_5_2_11_0_173,/content/drive/MyDrive/CD2_DSA/raw/val/images/307976_20210914_3_0_0_5_2_11_0_173.jpg,0,0
6794_20210624_3_0_0_1_2_13_0_19,/content/drive/MyDrive/CD2_DSA/raw/val/images/6794_20210624_3_0_0_1_2_13_0_19.jpg,0,0
16700_20210706_3_1_a9_3_2_13_2_551,/content/drive/MyDrive/CD2_DSA/raw/val/images/16700_20210706_3_1_a9_3_2_13_2_551.jpg,1,1
11452_20210624_3_0_0_1_2_13_0_108,/content/drive/MyDrive/CD2_DSA/raw/val/images/11452_20210624_3_0_0_1_2_13_0_108.jpg,0,0
4201_20210622_3_1_a9_3_2_13_2_32,/content/drive/MyDrive/CD2_DSA/raw/val/images/4201_20210622_3_1_a9_3_2_13_2_32.jpg,1,1
1720_20210622_3_1_a9_3_2_13_2_292,/content/drive/MyDrive/CD2_DSA/raw/val/images/1720_20210622_3_1_a9_3_2_13_2_292.jpg,1,0
312080_20210914_3_0_0_3_2_11_0_203,/content/drive/MyDrive/CD2_DSA/raw/val/images/312080_20210914_3_0_0_3_2_11_0_203.jpg,0,0
15853_20210622_3_1_a9_3_2_13_2_94,/content/drive/MyDrive/CD2_DSA/raw/val/images/15853_20210622_3_1_a9_3_2_13_2_94.jpg,1,0
95180_20210624_3_0_0_1_2_13_0_1,/content/drive/MyDrive/CD2_DSA/raw/val/images/95180_20210624_3_0_0_1_2_13_0_1.jpg,0,0
3855_20210629_3_1_a9_3_2_13_3_64,/content/drive/MyDrive/CD2_DSA/raw/val/images/3855_20210629_3_1_a9_3_2_13_3_64.jpg,1,1
123845_20210624_3_0_0_4_2_13_0_9,/content/drive/MyDrive/CD2_DSA/raw/val/images/123845_20210624_3_0_0_4_2_13_0_9.jpg,0,0
67578_20210624_3_0_0_1_2_13_0_149,/content/drive/MyDrive/CD2_DSA/raw/val/images/67578_20210624_3_0_0_1_2_13_0_149.jpg,0,0
3414_20210629_3_1_a9_3_2_13_1_169,/content/drive/MyDrive/CD2_DSA/raw/val/images/3414_20210629_3_1_a9_3_2_13_1_169.jpg,1,1
885_20210622_3_1_a9_3_2_13_3_83,/content/drive/MyDrive/CD2_DSA/raw/val/images/885_20210622_3_1_a9_3_2_13_3_83.jpg,1,1
312023_20210914_3_0_0_3_2_11_0_146,/content/drive/MyDrive/CD2_DSA/raw/val/images/312023_20210914_3_0_0_3_2_11_0_146.jpg,0,0
6888_20210624_3_0_0_1_2_13_0_113,/content/drive/MyDrive/CD2_DSA/raw/val/images/6888_20210624_3_0_0_1_2_13_0_113.jpg,0,0
312083_20210914_3_0_0_3_2_11_0_206,/content/drive/MyDrive/CD2_DSA/raw/val/images/312083_20210914_3_0_0_3_2_11_0_206.jpg,0,0
26213_20210624_3_0_0_5_2_13_0_174,/content/drive/MyDrive/CD2_DSA/raw/val/images/26213_20210624_3_0_0_5_2_13_0_174.jpg,0,0
1039_20210624_3_0_0_1_2_13_0_94,/content/drive/MyDrive/CD2_DSA/raw/val/images/1039_20210624_3_0_0_1_2_13_0_94.jpg,0,0
95257_20210624_3_0_0_1_2_13_0_78,/content/drive/MyDrive/CD2_DSA/raw/val/images/95257_20210624_3_0_0_1_2_13_0_78.jpg,0,0
6294_20210622_3_1_a9_3_2_13_1_93,/content/drive/MyDrive/CD2_DSA/raw/val/images/6294_20210622_3_1_a9_3_2_13_1_93.jpg,1,1
1062_20210624_3_0_0_1_2_13_0_117,/content/drive/MyDrive/CD2_DSA/raw/val/images/1062_20210624_3_0_0_1_2_13_0_117.jpg,0,0
4385_20210622_3_1_a9_3_2_13_2_53,/content/drive/MyDrive/CD2_DSA/raw/val/images/4385_20210622_3_1_a9_3_2_13_2_53.jpg,1,1
95275_20210624_3_0_0_1_2_13_0_96,/content/drive/MyDrive/CD2_DSA/raw/val/images/95275_20210624_3_0_0_1_2_13_0_96.jpg,0,0
969_20210624_3_0_0_1_2_13_0_24,/content/drive/MyDrive/CD2_DSA/raw/val/images/969_20210624_3_0_0_1_2_13_0_24.jpg,0,0
125629_20210624_3_0_0_2_2_13_0_33,/content/drive/MyDrive/CD2_DSA/raw/val/images/125629_20210624_3_0_0_2_2_13_0_33.jpg,0,0
67592_20210624_3_0_0_1_2_13_0_163,/content/drive/MyDrive/CD2_DSA/raw/val/images/67592_20210624_3_0_0_1_2_13_0_163.jpg,0,0
88983_20210624_3_0_0_3_2_13_0_6,/content/drive/MyDrive/CD2_DSA/raw/val/images/88983_20210624_3_0_0_3_2_13_0_6.jpg,0,0
13464_20210624_3_0_0_1_2_13_0_189,/content/drive/MyDrive/CD2_DSA/raw/val/images/13464_20210624_3_0_0_1_2_13_0_189.jpg,0,0
106586_20210624_3_0_0_1_2_13_0_183,/content/drive/MyDrive/CD2_DSA/raw/val/images/106586_20210624_3_0_0_1_2_13_0_183.jpg,0,0
15996_20210706_3_1_a9_3_2_13_2_6,/content/drive/MyDrive/CD2_DSA/raw/val/images/15996_20210706_3_1_a9_3_2_13_2_6.jpg,1,1
312040_20210914_3_0_0_3_2_11_0_163,/content/drive/MyDrive/CD2_DSA/raw/val/images/312040_20210914_3_0_0_3_2_11_0_163.jpg,0,0
304009_20210913_3_0_0_3_2_11_0_246,/content/drive/MyDrive/CD2_DSA/raw/val/images/304009_20210913_3_0_0_3_2_11_0_246.jpg,0,0
3753_20210622_3_1_a9_3_2_13_3_31,/content/drive/MyDrive/CD2_DSA/raw/val/images/3753_20210622_3_1_a9_3_2_13_3_31.jpg,1,0
3707_20210629_3_1_a9_3_2_13_2_86,/content/drive/MyDrive/CD2_DSA/raw/val/images/3707_20210629_3_1_a9_3_2_13_2_86.jpg,1,1
304146_20210913_3_0_0_3_2_11_0_383,/content/drive/MyDrive/CD2_DSA/raw/val/images/304146_20210913_3_0_0_3_2_11_0_383.jpg,0,0
304244_20210913_3_0_0_3_2_11_0_481,/content/drive/MyDrive/CD2_DSA/raw/val/images/304244_20210913_3_0_0_3_2_11_0_481.jpg,0,0
71216_20210624_3_0_0_3_2_13_0_69,/content/drive/MyDrive/CD2_DSA/raw/val/images/71216_20210624_3_0_0_3_2_13_0_69.jpg,0,0
312098_20210914_3_0_0_3_2_11_0_221,/content/drive/MyDrive/CD2_DSA/raw/val/images/312098_20210914_3_0_0_3_2_11_0_221.jpg,0,0
930_20210622_3_1_a9_3_2_13_3_128,/content/drive/MyDrive/CD2_DSA/raw/val/images/930_20210622_3_1_a9_3_2_13_3_128.jpg,1,1
1113_20210624_3_0_0_1_2_13_0_168,/content/drive/MyDrive/CD2_DSA/raw/val/images/1113_20210624_3_0_0_1_2_13_0_168.jpg,0,0
15479_20210622_3_1_a9_3_2_13_3_183,/content/drive/MyDrive/CD2_DSA/raw/val/images/15479_20210622_3_1_a9_3_2_13_3_183.jpg,1,1
16102_20210706_3_1_a9_3_2_13_2_112,/content/drive/MyDrive/CD2_DSA/raw/val/images/16102_20210706_3_1_a9_3_2_13_2_112.jpg,1,1
308135_20210914_3_0_0_3_2_11_0_35,/content/drive/MyDrive/CD2_DSA/raw/val/images/308135_20210914_3_0_0_3_2_11_0_35.jpg,0,0
10415_20210624_3_0_0_1_2_13_0_11,/content/drive/MyDrive/CD2_DSA/raw/val/images/10415_20210624_3_0_0_1_2_13_0_11.jpg,0,0
7536_20210622_3_1_a9_3_2_13_1_215,/content/drive/MyDrive/CD2_DSA/raw/val/images/7536_20210622_3_1_a9_3_2_13_1_215.jpg,1,1
1074_20210624_3_0_0_1_2_13_0_129,/content/drive/MyDrive/CD2_DSA/raw/val/images/1074_20210624_3_0_0_1_2_13_0_129.jpg,0,0
71200_20210624_3_0_0_3_2_13_0_53,/content/drive/MyDrive/CD2_DSA/raw/val/images/71200_20210624_3_0_0_3_2_13_0_53.jpg,0,0
26115_20210624_3_0_0_5_2_13_0_164,/content/drive/MyDrive/CD2_DSA/raw/val/images/26115_20210624_3_0_0_5_2_13_0_164.jpg,0,0
67442_20210624_3_0_0_1_2_13_0_43,/content/drive/MyDrive/CD2_DSA/raw/val/images/67442_20210624_3_0_0_1_2_13_0_43.jpg,0,0
16531_20210706_3_1_a9_3_2_13_3_46,/content/drive/MyDrive/CD2_DSA/raw/val/images/16531_20210706_3_1_a9_3_2_13_3_46.jpg,1,0
15805_20210622_3_1_a9_3_2_13_2_46,/content/drive/MyDrive/CD2_DSA/raw/val/images/15805_20210622_3_1_a9_3_2_13_2_46.jpg,1,1
16808_20210713_3_1_a9_3_2_13_3_70,/content/drive/MyDrive/CD2_DSA/raw/val/images/16808_20210713_3_1_a9_3_2_13_3_70.jpg,1,1
3147_20210629_3_1_a9_3_2_13_1_2,/content/drive/MyDrive/CD2_DSA/raw/val/images/3147_20210629_3_1_a9_3_2_13_1_2.jpg,1,0
307577_20210914_3_0_0_3_2_11_0_177,/content/drive/MyDrive/CD2_DSA/raw/val/images/307577_20210914_3_0_0_3_2_11_0_177.jpg,0,0
16215_20210706_3_1_a9_3_2_13_2_145,/content/drive/MyDrive/CD2_DSA/raw/val/images/16215_20210706_3_1_a9_3_2_13_2_145.jpg,1,0
5729_20210622_3_1_a9_3_2_13_1_14,/content/drive/MyDrive/CD2_DSA/raw/val/images/5729_20210622_3_1_a9_3_2_13_1_14.jpg,1,1
1532_20210622_3_1_a9_3_2_13_2_104,/content/drive/MyDrive/CD2_DSA/raw/val/images/1532_20210622_3_1_a9_3_2_13_2_104.jpg,1,1
83221_20210624_3_0_0_1_2_13_0_134,/content/drive/MyDrive/CD2_DSA/raw/val/images/83221_20210624_3_0_0_1_2_13_0_134.jpg,0,0
15374_20210622_3_1_a9_3_2_13_3_78,/content/drive/MyDrive/CD2_DSA/raw/val/images/15374_20210622_3_1_a9_3_2_13_3_78.jpg,1,0
124666_20210624_3_0_0_1_2_13_0_17,/content/drive/MyDrive/CD2_DSA/raw/val/images/124666_20210624_3_0_0_1_2_13_0_17.jpg,0,0
106608_20210624_3_0_0_1_2_13_0_205,/content/drive/MyDrive/CD2_DSA/raw/val/images/106608_20210624_3_0_0_1_2_13_0_205.jpg,0,0
307506_20210914_3_0_0_3_2_11_0_106,/content/drive/MyDrive/CD2_DSA/raw/val/images/307506_20210914_3_0_0_3_2_11_0_106.jpg,0,0
83255_20210624_3_0_0_1_2_13_0_168,/content/drive/MyDrive/CD2_DSA/raw/val/images/83255_20210624_3_0_0_1_2_13_0_168.jpg,0,0
86543_20210624_3_0_0_1_2_13_0_112,/content/drive/MyDrive/CD2_DSA/raw/val/images/86543_20210624_3_0_0_1_2_13_0_112.jpg,0,0
16800_20210713_3_1_a9_3_2_13_3_62,/content/drive/MyDrive/CD2_DSA/raw/val/images/16800_20210713_3_1_a9_3_2_13_3_62.jpg,1,1
125633_20210624_3_0_0_2_2_13_0_37,/content/drive/MyDrive/CD2_DSA/raw/val/images/125633_20210624_3_0_0_2_2_13_0_37.jpg,0,0
15624_20210706_3_1_a9_3_2_13_3_55,/content/drive/MyDrive/CD2_DSA/raw/val/images/15624_20210706_3_1_a9_3_2_13_3_55.jpg,1,1
2688_20210624_3_0_0_4_2_13_0_157,/content/drive/MyDrive/CD2_DSA/raw/val/images/2688_20210624_3_0_0_4_2_13_0_157.jpg,0,0
16260_20210706_3_1_a9_3_2_13_2_190,/content/drive/MyDrive/CD2_DSA/raw/val/images/16260_20210706_3_1_a9_3_2_13_2_190.jpg,1,1
308115_20210914_3_0_0_3_2_11_0_15,/content/drive/MyDrive/CD2_DSA/raw/val/images/308115_20210914_3_0_0_3_2_11_0_15.jpg,0,0
16653_20210706_3_1_a9_3_2_13_2_504,/content/drive/MyDrive/CD2_DSA/raw/val/images/16653_20210706_3_1_a9_3_2_13_2_504.jpg,1,1
669_20210622_3_1_a9_3_2_13_1_34,/content/drive/MyDrive/CD2_DSA/raw/val/images/669_20210622_3_1_a9_3_2_13_1_34.jpg,1,0
16203_20210706_3_1_a9_3_2_13_2_133,/content/drive/MyDrive/CD2_DSA/raw/val/images/16203_20210706_3_1_a9_3_2_13_2_133.jpg,1,1
86385_20210624_3_0_0_1_2_13_0_54,/content/drive/MyDrive/CD2_DSA/raw/val/images/86385_20210624_3_0_0_1_2_13_0_54.jpg,0,0
3869_20210622_3_1_a9_3_2_13_2_0,/content/drive/MyDrive/CD2_DSA/raw/val/images/3869_20210622_3_1_a9_3_2_13_2_0.jpg,1,1
308503_20210914_3_0_0_3_2_11_0_403,/content/drive/MyDrive/CD2_DSA/raw/val/images/308503_20210914_3_0_0_3_2_11_0_403.jpg,0,0
15589_20210706_3_1_a9_3_2_13_3_20,/content/drive/MyDrive/CD2_DSA/raw/val/images/15589_20210706_3_1_a9_3_2_13_3_20.jpg,1,1
26112_20210624_3_0_0_5_2_13_0_161,/content/drive/MyDrive/CD2_DSA/raw/val/images/26112_20210624_3_0_0_5_2_13_0_161.jpg,0,0
67436_20210624_3_0_0_1_2_13_0_37,/content/drive/MyDrive/CD2_DSA/raw/val/images/67436_20210624_3_0_0_1_2_13_0_37.jpg,0,0
17072_20210622_3_1_a9_3_2_13_1_193,/content/drive/MyDrive/CD2_DSA/raw/val/images/17072_20210622_3_1_a9_3_2_13_1_193.jpg,1,1
106530_20210624_3_0_0_1_2_13_0_127,/content/drive/MyDrive/CD2_DSA/raw/val/images/106530_20210624_3_0_0_1_2_13_0_127.jpg,0,0
308440_20210914_3_0_0_3_2_11_0_340,/content/drive/MyDrive/CD2_DSA/raw/val/images/308440_20210914_3_0_0_3_2_11_0_340.jpg,0,0
67637_20210624_3_0_0_1_2_13_0_208,/content/drive/MyDrive/CD2_DSA/raw/val/images/67637_20210624_3_0_0_1_2_13_0_208.jpg,0,0
16029_20210706_3_1_a9_3_2_13_2_39,/content/drive/MyDrive/CD2_DSA/raw/val/images/16029_20210706_3_1_a9_3_2_13_2_39.jpg,1,0
128827_20210624_3_0_0_1_2_13_0_17,/content/drive/MyDrive/CD2_DSA/raw/val/images/128827_20210624_3_0_0_1_2_13_0_17.jpg,0,0
4500_20210622_3_1_a9_3_2_13_2_68,/content/drive/MyDrive/CD2_DSA/raw/val/images/4500_20210622_3_1_a9_3_2_13_2_68.jpg,1,1
3629_20210629_3_1_a9_3_2_13_2_8,/content/drive/MyDrive/CD2_DSA/raw/val/images/3629_20210629_3_1_a9_3_2_13_2_8.jpg,1,0
307584_20210914_3_0_0_3_2_11_0_184,/content/drive/MyDrive/CD2_DSA/raw/val/images/307584_20210914_3_0_0_3_2_11_0_184.jpg,0,0
304277_20210913_3_0_0_3_2_11_0_514,/content/drive/MyDrive/CD2_DSA/raw/val/images/304277_20210913_3_0_0_3_2_11_0_514.jpg,0,0
106535_20210624_3_0_0_1_2_13_0_132,/content/drive/MyDrive/CD2_DSA/raw/val/images/106535_20210624_3_0_0_1_2_13_0_132.jpg,0,0
304269_20210913_3_0_0_3_2_11_0_506,/content/drive/MyDrive/CD2_DSA/raw/val/images/304269_20210913_3_0_0_3_2_11_0_506.jpg,0,0
707_20210622_3_1_a9_3_2_13_1_72,/content/drive/MyDrive/CD2_DSA/raw/val/images/707_20210622_3_1_a9_3_2_13_1_72.jpg,1,1
7015_20210622_3_1_a9_3_2_13_1_175,/content/drive/MyDrive/CD2_DSA/raw/val/images/7015_20210622_3_1_a9_3_2_13_1_175.jpg,1,1
307812_20210914_3_0_0_5_2_11_0_9,/content/drive/MyDrive/CD2_DSA/raw/val/images/307812_20210914_3_0_0_5_2_11_0_9.jpg,0,0
86847_20210624_3_0_0_1_2_13_0_172,/content/drive/MyDrive/CD2_DSA/raw/val/images/86847_20210624_3_0_0_1_2_13_0_172.jpg,0,0
126086_20210624_3_0_0_5_2_13_0_21,/content/drive/MyDrive/CD2_DSA/raw/val/images/126086_20210624_3_0_0_5_2_13_0_21.jpg,0,0
16593_20210706_3_1_a9_3_2_13_2_444,/content/drive/MyDrive/CD2_DSA/raw/val/images/16593_20210706_3_1_a9_3_2_13_2_444.jpg,1,1
125618_20210624_3_0_0_2_2_13_0_22,/content/drive/MyDrive/CD2_DSA/raw/val/images/125618_20210624_3_0_0_2_2_13_0_22.jpg,0,0
67636_20210624_3_0_0_1_2_13_0_207,/content/drive/MyDrive/CD2_DSA/raw/val/images/67636_20210624_3_0_0_1_2_13_0_207.jpg,0,0
304319_20210913_3_0_0_3_2_11_0_556,/content/drive/MyDrive/CD2_DSA/raw/val/images/304319_20210913_3_0_0_3_2_11_0_556.jpg,0,0
11998_20210624_3_0_0_1_2_13_0_139,/content/drive/MyDrive/CD2_DSA/raw/val/images/11998_20210624_3_0_0_1_2_13_0_139.jpg,0,0
3206_20210629_3_1_a9_3_2_13_1_61,/content/drive/MyDrive/CD2_DSA/raw/val/images/3206_20210629_3_1_a9_3_2_13_1_61.jpg,1,1
307996_20210914_3_0_0_5_2_11_0_193,/content/drive/MyDrive/CD2_DSA/raw/val/images/307996_20210914_3_0_0_5_2_11_0_193.jpg,0,0
1084_20210624_3_0_0_1_2_13_0_139,/content/drive/MyDrive/CD2_DSA/raw/val/images/1084_20210624_3_0_0_1_2_13_0_139.jpg,0,0
307448_20210914_3_0_0_3_2_11_0_48,/content/drive/MyDrive/CD2_DSA/raw/val/images/307448_20210914_3_0_0_3_2_11_0_48.jpg,0,0
7230_20210622_3_1_a9_3_2_13_1_196,/content/drive/MyDrive/CD2_DSA/raw/val/images/7230_20210622_3_1_a9_3_2_13_1_196.jpg,1,1
988_20210624_3_0_0_1_2_13_0_43,/content/drive/MyDrive/CD2_DSA/raw/val/images/988_20210624_3_0_0_1_2_13_0_43.jpg,0,0
16496_20210706_3_1_a9_3_2_13_3_11,/content/drive/MyDrive/CD2_DSA/raw/val/images/16496_20210706_3_1_a9_3_2_13_3_11.jpg,1,0
10470_20210624_3_0_0_1_2_13_0_19,/content/drive/MyDrive/CD2_DSA/raw/val/images/10470_20210624_3_0_0_1_2_13_0_19.jpg,0,0
15463_20210622_3_1_a9_3_2_13_3_167,/content/drive/MyDrive/CD2_DSA/raw/val/images/15463_20210622_3_1_a9_3_2_13_3_167.jpg,1,1
304243_20210913_3_0_0_3_2_11_0_480,/content/drive/MyDrive/CD2_DSA/raw/val/images/304243_20210913_3_0_0_3_2_11_0_480.jpg,0,0
1678_20210622_3_1_a9_3_2_13_2_250,/content/drive/MyDrive/CD2_DSA/raw/val/images/1678_20210622_3_1_a9_3_2_13_2_250.jpg,1,1
16958_20210622_3_1_a9_3_2_13_1_79,/content/drive/MyDrive/CD2_DSA/raw/val/images/16958_20210622_3_1_a9_3_2_13_1_79.jpg,1,1
16839_20210713_3_1_a9_3_2_13_3_101,/content/drive/MyDrive/CD2_DSA/raw/val/images/16839_20210713_3_1_a9_3_2_13_3_101.jpg,1,0
652_20210622_3_1_a9_3_2_13_1_17,/content/drive/MyDrive/CD2_DSA/raw/val/images/652_20210622_3_1_a9_3_2_13_1_17.jpg,1,1
307439_20210914_3_0_0_3_2_11_0_39,/content/drive/MyDrive/CD2_DSA/raw/val/images/307439_20210914_3_0_0_3_2_11_0_39.jpg,0,0
67507_20210624_3_0_0_1_2_13_0_108,/content/drive/MyDrive/CD2_DSA/raw/val/images/67507_20210624_3_0_0_1_2_13_0_108.jpg,0,0
16761_20210713_3_1_a9_3_2_13_3_23,/content/drive/MyDrive/CD2_DSA/raw/val/images/16761_20210713_3_1_a9_3_2_13_3_23.jpg,1,0
126079_20210624_3_0_0_5_2_13_0_14,/content/drive/MyDrive/CD2_DSA/raw/val/images/126079_20210624_3_0_0_5_2_13_0_14.jpg,0,0
1117_20210624_3_0_0_1_2_13_0_172,/content/drive/MyDrive/CD2_DSA/raw/val/images/1117_20210624_3_0_0_1_2_13_0_172.jpg,0,0
13136_20210624_3_0_0_1_2_13_0_174,/content/drive/MyDrive/CD2_DSA/raw/val/images/13136_20210624_3_0_0_1_2_13_0_174.jpg,0,0
125073_20210624_3_0_0_1_2_13_0_104,/content/drive/MyDrive/CD2_DSA/raw/val/images/125073_20210624_3_0_0_1_2_13_0_104.jpg,0,0
15689_20210706_3_1_a9_3_2_13_3_120,/content/drive/MyDrive/CD2_DSA/raw/val/images/15689_20210706_3_1_a9_3_2_13_3_120.jpg,1,1
95451_20210624_3_0_0_1_2_13_0_117,/content/drive/MyDrive/CD2_DSA/raw/val/images/95451_20210624_3_0_0_1_2_13_0_117.jpg,0,0
83325_20210624_3_0_0_1_2_13_0_208,/content/drive/MyDrive/CD2_DSA/raw/val/images/83325_20210624_3_0_0_1_2_13_0_208.jpg,0,0
67505_20210624_3_0_0_1_2_13_0_106,/content/drive/MyDrive/CD2_DSA/raw/val/images/67505_20210624_3_0_0_1_2_13_0_106.jpg,0,0
10528_20210624_3_0_0_3_2_13_0_34,/content/drive/MyDrive/CD2_DSA/raw/val/images/10528_20210624_3_0_0_3_2_13_0_34.jpg,0,0
307644_20210914_3_0_0_3_2_11_0_244,/content/drive/MyDrive/CD2_DSA/raw/val/images/307644_20210914_3_0_0_3_2_11_0_244.jpg,0,0
12522_20210624_3_0_0_1_2_13_0_163,/content/drive/MyDrive/CD2_DSA/raw/val/images/12522_20210624_3_0_0_1_2_13_0_163.jpg,0,0
3186_20210629_3_1_a9_3_2_13_1_41,/content/drive/MyDrive/CD2_DSA/raw/val/images/3186_20210629_3_1_a9_3_2_13_1_41.jpg,1,1
6905_20210624_3_0_0_1_2_13_0_130,/content/drive/MyDrive/CD2_DSA/raw/val/images/6905_20210624_3_0_0_1_2_13_0_130.jpg,0,0
104085_20210624_3_0_0_4_2_13_0_163,/content/drive/MyDrive/CD2_DSA/raw/val/images/104085_20210624_3_0_0_4_2_13_0_163.jpg,0,0
25703_20210624_3_0_0_5_2_13_0_127,/content/drive/MyDrive/CD2_DSA/raw/val/images/25703_20210624_3_0_0_5_2_13_0_127.jpg,0,0
83259_20210624_3_0_0_1_2_13_0_172,/content/drive/MyDrive/CD2_DSA/raw/val/images/83259_20210624_3_0_0_1_2_13_0_172.jpg,0,0
83263_20210624_3_0_0_1_2_13_0_176,/content/drive/MyDrive/CD2_DSA/raw/val/images/83263_20210624_3_0_0_1_2_13_0_176.jpg,0,0
16298_20210706_3_1_a9_3_2_13_2_228,/content/drive/MyDrive/CD2_DSA/raw/val/images/16298_20210706_3_1_a9_3_2_13_2_228.jpg,1,1
308733_20210914_3_0_0_5_2_11_0_209,/content/drive/MyDrive/CD2_DSA/raw/val/images/308733_20210914_3_0_0_5_2_11_0_209.jpg,0,0
106545_20210624_3_0_0_1_2_13_0_142,/content/drive/MyDrive/CD2_DSA/raw/val/images/106545_20210624_3_0_0_1_2_13_0_142.jpg,0,0
1017_20210624_3_0_0_1_2_13_0_72,/content/drive/MyDrive/CD2_DSA/raw/val/images/1017_20210624_3_0_0_1_2_13_0_72.jpg,0,0
12003_20210624_3_0_0_1_2_13_0_144,/content/drive/MyDrive/CD2_DSA/raw/val/images/12003_20210624_3_0_0_1_2_13_0_144.jpg,0,0
16371_20210622_3_1_a9_3_2_13_3_0,/content/drive/MyDrive/CD2_DSA/raw/val/images/16371_20210622_3_1_a9_3_2_13_3_0.jpg,1,0
304321_20210913_3_0_0_3_2_11_0_558,/content/drive/MyDrive/CD2_DSA/raw/val/images/304321_20210913_3_0_0_3_2_11_0_558.jpg,0,0
3807_20210629_3_1_a9_3_2_13_3_16,/content/drive/MyDrive/CD2_DSA/raw/val/images/3807_20210629_3_1_a9_3_2_13_3_16.jpg,1,1
307553_20210914_3_0_0_3_2_11_0_153,/content/drive/MyDrive/CD2_DSA/raw/val/images/307553_20210914_3_0_0_3_2_11_0_153.jpg,0,0
304010_20210913_3_0_0_3_2_11_0_247,/content/drive/MyDrive/CD2_DSA/raw/val/images/304010_20210913_3_0_0_3_2_11_0_247.jpg,0,0
304176_20210913_3_0_0_3_2_11_0_413,/content/drive/MyDrive/CD2_DSA/raw/val/images/304176_20210913_3_0_0_3_2_11_0_413.jpg,0,0
16030_20210706_3_1_a9_3_2_13_2_40,/content/drive/MyDrive/CD2_DSA/raw/val/images/16030_20210706_3_1_a9_3_2_13_2_40.jpg,1,1
308581_20210914_3_0_0_5_2_11_0_57,/content/drive/MyDrive/CD2_DSA/raw/val/images/308581_20210914_3_0_0_5_2_11_0_57.jpg,0,0
16564_20210706_3_1_a9_3_2_13_2_415,/content/drive/MyDrive/CD2_DSA/raw/val/images/16564_20210706_3_1_a9_3_2_13_2_415.jpg,1,1
14611_20210624_3_0_0_3_2_13_0_123,/content/drive/MyDrive/CD2_DSA/raw/val/images/14611_20210624_3_0_0_3_2_13_0_123.jpg,0,0
312177_20210914_3_0_0_3_2_11_0_300,/content/drive/MyDrive/CD2_DSA/raw/val/images/312177_20210914_3_0_0_3_2_11_0_300.jpg,0,0
308161_20210914_3_0_0_3_2_11_0_61,/content/drive/MyDrive/CD2_DSA/raw/val/images/308161_20210914_3_0_0_3_2_11_0_61.jpg,0,0
828_20210622_3_1_a9_3_2_13_3_26,/content/drive/MyDrive/CD2_DSA/raw/val/images/828_20210622_3_1_a9_3_2_13_3_26.jpg,1,1
6796_20210624_3_0_0_1_2_13_0_21,/content/drive/MyDrive/CD2_DSA/raw/val/images/6796_20210624_3_0_0_1_2_13_0_21.jpg,0,0
308416_20210914_3_0_0_3_2_11_0_316,/content/drive/MyDrive/CD2_DSA/raw/val/images/308416_20210914_3_0_0_3_2_11_0_316.jpg,0,0
304152_20210913_3_0_0_3_2_11_0_389,/content/drive/MyDrive/CD2_DSA/raw/val/images/304152_20210913_3_0_0_3_2_11_0_389.jpg,0,0
109673_20210624_3_0_0_3_2_13_0_156,/content/drive/MyDrive/CD2_DSA/raw/val/images/109673_20210624_3_0_0_3_2_13_0_156.jpg,0,0
26091_20210624_3_0_0_5_2_13_0_140,/content/drive/MyDrive/CD2_DSA/raw/val/images/26091_20210624_3_0_0_5_2_13_0_140.jpg,0,0
17068_20210622_3_1_a9_3_2_13_1_189,/content/drive/MyDrive/CD2_DSA/raw/val/images/17068_20210622_3_1_a9_3_2_13_1_189.jpg,1,0
312197_20210914_3_0_0_3_2_11_0_320,/content/drive/MyDrive/CD2_DSA/raw/val/images/312197_20210914_3_0_0_3_2_11_0_320.jpg,0,0
307498_20210914_3_0_0_3_2_11_0_98,/content/drive/MyDrive/CD2_DSA/raw/val/images/307498_20210914_3_0_0_3_2_11_0_98.jpg,0,0
7229_20210622_3_1_a9_3_2_13_1_195,/content/drive/MyDrive/CD2_DSA/raw/val/images/7229_20210622_3_1_a9_3_2_13_1_195.jpg,1,1
308474_20210914_3_0_0_3_2_11_0_374,/content/drive/MyDrive/CD2_DSA/raw/val/images/308474_20210914_3_0_0_3_2_11_0_374.jpg,0,0
83242_20210624_3_0_0_1_2_13_0_155,/content/drive/MyDrive/CD2_DSA/raw/val/images/83242_20210624_3_0_0_1_2_13_0_155.jpg,0,0
308232_20210914_3_0_0_3_2_11_0_132,/content/drive/MyDrive/CD2_DSA/raw/val/images/308232_20210914_3_0_0_3_2_11_0_132.jpg,0,0
106206_20210624_3_0_0_1_2_13_0_3,/content/drive/MyDrive/CD2_DSA/raw/val/images/106206_20210624_3_0_0_1_2_13_0_3.jpg,0,0
16997_20210622_3_1_a9_3_2_13_1_118,/content/drive/MyDrive/CD2_DSA/raw/val/images/16997_20210622_3_1_a9_3_2_13_1_118.jpg,1,1
65875_20210624_3_0_0_4_2_13_0_6,/content/drive/MyDrive/CD2_DSA/raw/val/images/65875_20210624_3_0_0_4_2_13_0_6.jpg,0,0
86874_20210624_3_0_0_1_2_13_0_199,/content/drive/MyDrive/CD2_DSA/raw/val/images/86874_20210624_3_0_0_1_2_13_0_199.jpg,0,0
66308_20210624_3_0_0_4_2_13_0_209,/content/drive/MyDrive/CD2_DSA/raw/val/images/66308_20210624_3_0_0_4_2_13_0_209.jpg,0,0
1645_20210622_3_1_a9_3_2_13_2_217,/content/drive/MyDrive/CD2_DSA/raw/val/images/1645_20210622_3_1_a9_3_2_13_2_217.jpg,1,1
694_20210622_3_1_a9_3_2_13_1_59,/content/drive/MyDrive/CD2_DSA/raw/val/images/694_20210622_3_1_a9_3_2_13_1_59.jpg,1,0
106553_20210624_3_0_0_1_2_13_0_150,/content/drive/MyDrive/CD2_DSA/raw/val/images/106553_20210624_3_0_0_1_2_13_0_150.jpg,0,0
15684_20210706_3_1_a9_3_2_13_3_115,/content/drive/MyDrive/CD2_DSA/raw/val/images/15684_20210706_3_1_a9_3_2_13_3_115.jpg,1,1
16691_20210706_3_1_a9_3_2_13_2_542,/content/drive/MyDrive/CD2_DSA/raw/val/images/16691_20210706_3_1_a9_3_2_13_2_542.jpg,1,1
307467_20210914_3_0_0_3_2_11_0_67,/content/drive/MyDrive/CD2_DSA/raw/val/images/307467_20210914_3_0_0_3_2_11_0_67.jpg,0,0
48938_20210624_3_0_0_1_2_13_0_12,/content/drive/MyDrive/CD2_DSA/raw/val/images/48938_20210624_3_0_0_1_2_13_0_12.jpg,0,0
67463_20210624_3_0_0_1_2_13_0_64,/content/drive/MyDrive/CD2_DSA/raw/val/images/67463_20210624_3_0_0_1_2_13_0_64.jpg,0,0
307824_20210914_3_0_0_5_2_11_0_21,/content/drive/MyDrive/CD2_DSA/raw/val/images/307824_20210914_3_0_0_5_2_11_0_21.jpg,0,0
871_20210622_3_1_a9_3_2_13_3_69,/content/drive/MyDrive/CD2_DSA/raw/val/images/871_20210622_3_1_a9_3_2_13_3_69.jpg,1,1
312229_20210914_3_0_0_3_2_11_0_352,/content/drive/MyDrive/CD2_DSA/raw/val/images/312229_20210914_3_0_0_3_2_11_0_352.jpg,0,0
16305_20210706_3_1_a9_3_2_13_2_235,/content/drive/MyDrive/CD2_DSA/raw/val/images/16305_20210706_3_1_a9_3_2_13_2_235.jpg,1,1
312131_20210914_3_0_0_3_2_11_0_254,/content/drive/MyDrive/CD2_DSA/raw/val/images/312131_20210914_3_0_0_3_2_11_0_254.jpg,0,0
3834_20210629_3_1_a9_3_2_13_3_43,/content/drive/MyDrive/CD2_DSA/raw/val/images/3834_20210629_3_1_a9_3_2_13_3_43.jpg,1,1
71189_20210624_3_0_0_3_2_13_0_42,/content/drive/MyDrive/CD2_DSA/raw/val/images/71189_20210624_3_0_0_3_2_13_0_42.jpg,0,0
973_20210624_3_0_0_1_2_13_0_28,/content/drive/MyDrive/CD2_DSA/raw/val/images/973_20210624_3_0_0_1_2_13_0_28.jpg,0,0
49080_20210624_3_0_0_1_2_13_0_154,/content/drive/MyDrive/CD2_DSA/raw/val/images/49080_20210624_3_0_0_1_2_13_0_154.jpg,0,0
125098_20210624_3_0_0_1_2_13_0_129,/content/drive/MyDrive/CD2_DSA/raw/val/images/125098_20210624_3_0_0_1_2_13_0_129.jpg,0,0
71164_20210624_3_0_0_3_2_13_0_17,/content/drive/MyDrive/CD2_DSA/raw/val/images/71164_20210624_3_0_0_3_2_13_0_17.jpg,0,0
311748_20210803_3_0_0_3_2_11_0_80,/content/drive/MyDrive/CD2_DSA/raw/val/images/311748_20210803_3_0_0_3_2_11_0_80.jpg,0,0
7608_20210622_3_1_a9_3_2_13_1_220,/content/drive/MyDrive/CD2_DSA/raw/val/images/7608_20210622_3_1_a9_3_2_13_1_220.jpg,1,1
835_20210622_3_1_a9_3_2_13_3_33,/content/drive/MyDrive/CD2_DSA/raw/val/images/835_20210622_3_1_a9_3_2_13_3_33.jpg,1,0
946_20210624_3_0_0_1_2_13_0_1,/content/drive/MyDrive/CD2_DSA/raw/val/images/946_20210624_3_0_0_1_2_13_0_1.jpg,0,0
1139_20210624_3_0_0_1_2_13_0_194,/content/drive/MyDrive/CD2_DSA/raw/val/images/1139_20210624_3_0_0_1_2_13_0_194.jpg,0,0
106556_20210624_3_0_0_1_2_13_0_153,/content/drive/MyDrive/CD2_DSA/raw/val/images/106556_20210624_3_0_0_1_2_13_0_153.jpg,0,0
6814_20210624_3_0_0_1_2_13_0_39,/content/drive/MyDrive/CD2_DSA/raw/val/images/6814_20210624_3_0_0_1_2_13_0_39.jpg,0,0
1583_20210622_3_1_a9_3_2_13_2_155,/content/drive/MyDrive/CD2_DSA/raw/val/images/1583_20210622_3_1_a9_3_2_13_2_155.jpg,1,1
86866_20210624_3_0_0_1_2_13_0_191,/content/drive/MyDrive/CD2_DSA/raw/val/images/86866_20210624_3_0_0_1_2_13_0_191.jpg,0,0
307963_20210914_3_0_0_5_2_11_0_160,/content/drive/MyDrive/CD2_DSA/raw/val/images/307963_20210914_3_0_0_5_2_11_0_160.jpg,0,0
83328_20210624_3_0_0_1_2_13_0_211,/content/drive/MyDrive/CD2_DSA/raw/val/images/83328_20210624_3_0_0_1_2_13_0_211.jpg,0,0
16929_20210622_3_1_a9_3_2_13_2_19,/content/drive/MyDrive/CD2_DSA/raw/val/images/16929_20210622_3_1_a9_3_2_13_2_19.jpg,1,1
16559_20210706_3_1_a9_3_2_13_2_410,/content/drive/MyDrive/CD2_DSA/raw/val/images/16559_20210706_3_1_a9_3_2_13_2_410.jpg,1,1
71181_20210624_3_0_0_3_2_13_0_34,/content/drive/MyDrive/CD2_DSA/raw/val/images/71181_20210624_3_0_0_3_2_13_0_34.jpg,0,0
952_20210624_3_0_0_1_2_13_0_7,/content/drive/MyDrive/CD2_DSA/raw/val/images/952_20210624_3_0_0_1_2_13_0_7.jpg,0,0
308573_20210914_3_0_0_5_2_11_0_49,/content/drive/MyDrive/CD2_DSA/raw/val/images/308573_20210914_3_0_0_5_2_11_0_49.jpg,0,0
304233_20210913_3_0_0_3_2_11_0_470,/content/drive/MyDrive/CD2_DSA/raw/val/images/304233_20210913_3_0_0_3_2_11_0_470.jpg,0,0
16778_20210713_3_1_a9_3_2_13_3_40,/content/drive/MyDrive/CD2_DSA/raw/val/images/16778_20210713_3_1_a9_3_2_13_3_40.jpg,1,1
25678_20210624_3_0_0_5_2_13_0_102,/content/drive/MyDrive/CD2_DSA/raw/val/images/25678_20210624_3_0_0_5_2_13_0_102.jpg,0,0
95518_20210624_3_0_0_1_2_13_0_184,/content/drive/MyDrive/CD2_DSA/raw/val/images/95518_20210624_3_0_0_1_2_13_0_184.jpg,0,0
15635_20210706_3_1_a9_3_2_13_3_66,/content/drive/MyDrive/CD2_DSA/raw/val/images/15635_20210706_3_1_a9_3_2_13_3_66.jpg,1,1
308712_20210914_3_0_0_5_2_11_0_189,/content/drive/MyDrive/CD2_DSA/raw/val/images/308712_20210914_3_0_0_5_2_11_0_189.jpg,0,0
14280_20210624_3_0_0_3_2_13_0_2,/content/drive/MyDrive/CD2_DSA/raw/val/images/14280_20210624_3_0_0_3_2_13_0_2.jpg,0,0
7202_20210624_3_0_0_1_2_13_0_246,/content/drive/MyDrive/CD2_DSA/raw/val/images/7202_20210624_3_0_0_1_2_13_0_246.jpg,0,0
6038_20210622_3_1_a9_3_2_13_1_87,/content/drive/MyDrive/CD2_DSA/raw/val/images/6038_20210622_3_1_a9_3_2_13_1_87.jpg,1,1
15575_20210706_3_1_a9_3_2_13_3_6,/content/drive/MyDrive/CD2_DSA/raw/val/images/15575_20210706_3_1_a9_3_2_13_3_6.jpg,1,1
782_20210622_3_1_a9_3_2_13_1_147,/content/drive/MyDrive/CD2_DSA/raw/val/images/782_20210622_3_1_a9_3_2_13_1_147.jpg,1,0
3207_20210629_3_1_a9_3_2_13_1_62,/content/drive/MyDrive/CD2_DSA/raw/val/images/3207_20210629_3_1_a9_3_2_13_1_62.jpg,1,1
311705_20210803_3_0_0_3_2_11_0_37,/content/drive/MyDrive/CD2_DSA/raw/val/images/311705_20210803_3_0_0_3_2_11_0_37.jpg,0,0
15828_20210622_3_1_a9_3_2_13_2_69,/content/drive/MyDrive/CD2_DSA/raw/val/images/15828_20210622_3_1_a9_3_2_13_2_69.jpg,1,0
16881_20210622_3_1_a9_3_2_13_1_41,/content/drive/MyDrive/CD2_DSA/raw/val/images/16881_20210622_3_1_a9_3_2_13_1_41.jpg,1,0
16551_20210706_3_1_a9_3_2_13_2_402,/content/drive/MyDrive/CD2_DSA/raw/val/images/16551_20210706_3_1_a9_3_2_13_2_402.jpg,1,0
307916_20210914_3_0_0_5_2_11_0_113,/content/drive/MyDrive/CD2_DSA/raw/val/images/307916_20210914_3_0_0_5_2_11_0_113.jpg,0,0
4087_20210622_3_1_a9_3_2_13_2_18,/content/drive/MyDrive/CD2_DSA/raw/val/images/4087_20210622_3_1_a9_3_2_13_2_18.jpg,1,1
25690_20210624_3_0_0_5_2_13_0_114,/content/drive/MyDrive/CD2_DSA/raw/val/images/25690_20210624_3_0_0_5_2_13_0_114.jpg,0,0
16421_20210706_3_1_a9_3_2_13_2_337,/content/drive/MyDrive/CD2_DSA/raw/val/images/16421_20210706_3_1_a9_3_2_13_2_337.jpg,1,1
308540_20210914_3_0_0_5_2_11_0_16,/content/drive/MyDrive/CD2_DSA/raw/val/images/308540_20210914_3_0_0_5_2_11_0_16.jpg,0,0
6893_20210624_3_0_0_1_2_13_0_118,/content/drive/MyDrive/CD2_DSA/raw/val/images/6893_20210624_3_0_0_1_2_13_0_118.jpg,0,0
25357_20210624_3_0_0_5_2_13_0_82,/content/drive/MyDrive/CD2_DSA/raw/val/images/25357_20210624_3_0_0_5_2_13_0_82.jpg,0,0
170855_20210624_3_0_0_5_2_13_0_49,/content/drive/MyDrive/CD2_DSA/raw/val/images/170855_20210624_3_0_0_5_2_13_0_49.jpg,0,0
108285_20210624_3_0_0_2_2_13_0_158,/content/drive/MyDrive/CD2_DSA/raw/val/images/108285_20210624_3_0_0_2_2_13_0_158.jpg,0,0
1111_20210624_3_0_0_1_2_13_0_166,/content/drive/MyDrive/CD2_DSA/raw/val/images/1111_20210624_3_0_0_1_2_13_0_166.jpg,0,0
1545_20210622_3_1_a9_3_2_13_2_117,/content/drive/MyDrive/CD2_DSA/raw/val/images/1545_20210622_3_1_a9_3_2_13_2_117.jpg,1,1
16671_20210706_3_1_a9_3_2_13_2_522,/content/drive/MyDrive/CD2_DSA/raw/val/images/16671_20210706_3_1_a9_3_2_13_2_522.jpg,1,1
15494_20210622_3_1_a9_3_2_13_3_198,/content/drive/MyDrive/CD2_DSA/raw/val/images/15494_20210622_3_1_a9_3_2_13_3_198.jpg,1,0
1002_20210624_3_0_0_1_2_13_0_57,/content/drive/MyDrive/CD2_DSA/raw/val/images/1002_20210624_3_0_0_1_2_13_0_57.jpg,0,0
67490_20210624_3_0_0_1_2_13_0_91,/content/drive/MyDrive/CD2_DSA/raw/val/images/67490_20210624_3_0_0_1_2_13_0_91.jpg,0,0
3792_20210629_3_1_a9_3_2_13_3_1,/content/drive/MyDrive/CD2_DSA/raw/val/images/3792_20210629_3_1_a9_3_2_13_3_1.jpg,1,1
307736_20210914_3_0_0_3_2_11_0_336,/content/drive/MyDrive/CD2_DSA/raw/val/images/307736_20210914_3_0_0_3_2_11_0_336.jpg,0,0
3378_20210629_3_1_a9_3_2_13_1_133,/content/drive/MyDrive/CD2_DSA/raw/val/images/3378_20210629_3_1_a9_3_2_13_1_133.jpg,1,1
312110_20210914_3_0_0_3_2_11_0_233,/content/drive/MyDrive/CD2_DSA/raw/val/images/312110_20210914_3_0_0_3_2_11_0_233.jpg,0,0
992_20210624_3_0_0_1_2_13_0_47,/content/drive/MyDrive/CD2_DSA/raw/val/images/992_20210624_3_0_0_1_2_13_0_47.jpg,0,0
71186_20210624_3_0_0_3_2_13_0_39,/content/drive/MyDrive/CD2_DSA/raw/val/images/71186_20210624_3_0_0_3_2_13_0_39.jpg,0,0
6025_20210622_3_1_a9_3_2_13_1_74,/content/drive/MyDrive/CD2_DSA/raw/val/images/6025_20210622_3_1_a9_3_2_13_1_74.jpg,1,1
95517_20210624_3_0_0_1_2_13_0_183,/content/drive/MyDrive/CD2_DSA/raw/val/images/95517_20210624_3_0_0_1_2_13_0_183.jpg,0,0
304191_20210913_3_0_0_3_2_11_0_428,/content/drive/MyDrive/CD2_DSA/raw/val/images/304191_20210913_3_0_0_3_2_11_0_428.jpg,0,0
67618_20210624_3_0_0_1_2_13_0_189,/content/drive/MyDrive/CD2_DSA/raw/val/images/67618_20210624_3_0_0_1_2_13_0_189.jpg,0,0
125085_20210624_3_0_0_1_2_13_0_116,/content/drive/MyDrive/CD2_DSA/raw/val/images/125085_20210624_3_0_0_1_2_13_0_116.jpg,0,0
1100_20210624_3_0_0_1_2_13_0_155,/content/drive/MyDrive/CD2_DSA/raw/val/images/1100_20210624_3_0_0_1_2_13_0_155.jpg,0,0
67644_20210624_3_0_0_1_2_13_0_215,/content/drive/MyDrive/CD2_DSA/raw/val/images/67644_20210624_3_0_0_1_2_13_0_215.jpg,0,0
6884_20210624_3_0_0_1_2_13_0_109,/content/drive/MyDrive/CD2_DSA/raw/val/images/6884_20210624_3_0_0_1_2_13_0_109.jpg,0,0
170854_20210624_3_0_0_5_2_13_0_48,/content/drive/MyDrive/CD2_DSA/raw/val/images/170854_20210624_3_0_0_5_2_13_0_48.jpg,0,0
308005_20210914_3_0_0_5_2_11_0_202,/content/drive/MyDrive/CD2_DSA/raw/val/images/308005_20210914_3_0_0_5_2_11_0_202.jpg,0,0
308358_20210914_3_0_0_3_2_11_0_258,/content/drive/MyDrive/CD2_DSA/raw/val/images/308358_20210914_3_0_0_3_2_11_0_258.jpg,0,0
11453_20210624_3_0_0_1_2_13_0_109,/content/drive/MyDrive/CD2_DSA/raw/val/images/11453_20210624_3_0_0_1_2_13_0_109.jpg,0,0
48944_20210624_3_0_0_1_2_13_0_18,/content/drive/MyDrive/CD2_DSA/raw/val/images/48944_20210624_3_0_0_1_2_13_0_18.jpg,0,0
17027_20210622_3_1_a9_3_2_13_1_148,/content/drive/MyDrive/CD2_DSA/raw/val/images/17027_20210622_3_1_a9_3_2_13_1_148.jpg,1,0
68496_20210624_3_0_0_2_2_13_0_6,/content/drive/MyDrive/CD2_DSA/raw/val/images/68496_20210624_3_0_0_2_2_13_0_6.jpg,0,0
308518_20210914_3_0_0_3_2_11_0_418,/content/drive/MyDrive/CD2_DSA/raw/val/images/308518_20210914_3_0_0_3_2_11_0_418.jpg,0,0
6825_20210624_3_0_0_1_2_13_0_50,/content/drive/MyDrive/CD2_DSA/raw/val/images/6825_20210624_3_0_0_1_2_13_0_50.jpg,0,0
125077_20210624_3_0_0_1_2_13_0_108,/content/drive/MyDrive/CD2_DSA/raw/val/images/125077_20210624_3_0_0_1_2_13_0_108.jpg,0,0
15133_20210622_3_1_a9_3_2_13_3_44,/content/drive/MyDrive/CD2_DSA/raw/val/images/15133_20210622_3_1_a9_3_2_13_3_44.jpg,1,1
49071_20210624_3_0_0_1_2_13_0_145,/content/drive/MyDrive/CD2_DSA/raw/val/images/49071_20210624_3_0_0_1_2_13_0_145.jpg,0,0
307713_20210914_3_0_0_3_2_11_0_313,/content/drive/MyDrive/CD2_DSA/raw/val/images/307713_20210914_3_0_0_3_2_11_0_313.jpg,0,0
308313_20210914_3_0_0_3_2_11_0_213,/content/drive/MyDrive/CD2_DSA/raw/val/images/308313_20210914_3_0_0_3_2_11_0_213.jpg,0,0
1739_20210622_3_1_a9_3_2_13_2_311,/content/drive/MyDrive/CD2_DSA/raw/val/images/1739_20210622_3_1_a9_3_2_13_2_311.jpg,1,1
803_20210622_3_1_a9_3_2_13_3_1,/content/drive/MyDrive/CD2_DSA/raw/val/images/803_20210622_3_1_a9_3_2_13_3_1.jpg,1,1
311728_20210803_3_0_0_3_2_11_0_60,/content/drive/MyDrive/CD2_DSA/raw/val/images/311728_20210803_3_0_0_3_2_11_0_60.jpg,0,0
308658_20210914_3_0_0_5_2_11_0_135,/content/drive/MyDrive/CD2_DSA/raw/val/images/308658_20210914_3_0_0_5_2_11_0_135.jpg,0,0
16330_20210706_3_1_a9_3_2_13_2_260,/content/drive/MyDrive/CD2_DSA/raw/val/images/16330_20210706_3_1_a9_3_2_13_2_260.jpg,1,1
304029_20210913_3_0_0_3_2_11_0_266,/content/drive/MyDrive/CD2_DSA/raw/val/images/304029_20210913_3_0_0_3_2_11_0_266.jpg,0,0
108287_20210624_3_0_0_2_2_13_0_160,/content/drive/MyDrive/CD2_DSA/raw/val/images/108287_20210624_3_0_0_2_2_13_0_160.jpg,0,0
170832_20210624_3_0_0_5_2_13_0_26,/content/drive/MyDrive/CD2_DSA/raw/val/images/170832_20210624_3_0_0_5_2_13_0_26.jpg,0,0
3396_20210629_3_1_a9_3_2_13_1_151,/content/drive/MyDrive/CD2_DSA/raw/val/images/3396_20210629_3_1_a9_3_2_13_1_151.jpg,1,0
15381_20210622_3_1_a9_3_2_13_3_85,/content/drive/MyDrive/CD2_DSA/raw/val/images/15381_20210622_3_1_a9_3_2_13_3_85.jpg,1,1
308382_20210914_3_0_0_3_2_11_0_282,/content/drive/MyDrive/CD2_DSA/raw/val/images/308382_20210914_3_0_0_3_2_11_0_282.jpg,0,0
15867_20210622_3_1_a9_3_2_13_2_108,/content/drive/MyDrive/CD2_DSA/raw/val/images/15867_20210622_3_1_a9_3_2_13_2_108.jpg,1,1
88977_20210624_3_0_0_3_2_13_0_0,/content/drive/MyDrive/CD2_DSA/raw/val/images/88977_20210624_3_0_0_3_2_13_0_0.jpg,0,0
9156_20210624_3_0_0_2_2_13_0_150,/content/drive/MyDrive/CD2_DSA/raw/val/images/9156_20210624_3_0_0_2_2_13_0_150.jpg,0,0
16006_20210706_3_1_a9_3_2_13_2_16,/content/drive/MyDrive/CD2_DSA/raw/val/images/16006_20210706_3_1_a9_3_2_13_2_16.jpg,1,1
3387_20210629_3_1_a9_3_2_13_1_142,/content/drive/MyDrive/CD2_DSA/raw/val/images/3387_20210629_3_1_a9_3_2_13_1_142.jpg,1,1
88989_20210624_3_0_0_3_2_13_0_12,/content/drive/MyDrive/CD2_DSA/raw/val/images/88989_20210624_3_0_0_3_2_13_0_12.jpg,0,0
304126_20210913_3_0_0_3_2_11_0_363,/content/drive/MyDrive/CD2_DSA/raw/val/images/304126_20210913_3_0_0_3_2_11_0_363.jpg,0,0
757_20210622_3_1_a9_3_2_13_1_122,/content/drive/MyDrive/CD2_DSA/raw/val/images/757_20210622_3_1_a9_3_2_13_1_122.jpg,1,1
82852_20210624_3_0_0_1_2_13_0_23,/content/drive/MyDrive/CD2_DSA/raw/val/images/82852_20210624_3_0_0_1_2_13_0_23.jpg,0,0
312019_20210914_3_0_0_3_2_11_0_142,/content/drive/MyDrive/CD2_DSA/raw/val/images/312019_20210914_3_0_0_3_2_11_0_142.jpg,0,0
125606_20210624_3_0_0_2_2_13_0_10,/content/drive/MyDrive/CD2_DSA/raw/val/images/125606_20210624_3_0_0_2_2_13_0_10.jpg,0,0
15424_20210622_3_1_a9_3_2_13_3_128,/content/drive/MyDrive/CD2_DSA/raw/val/images/15424_20210622_3_1_a9_3_2_13_3_128.jpg,1,1
16831_20210713_3_1_a9_3_2_13_3_93,/content/drive/MyDrive/CD2_DSA/raw/val/images/16831_20210713_3_1_a9_3_2_13_3_93.jpg,1,0
308515_20210914_3_0_0_3_2_11_0_415,/content/drive/MyDrive/CD2_DSA/raw/val/images/308515_20210914_3_0_0_3_2_11_0_415.jpg,0,0
312070_20210914_3_0_0_3_2_11_0_193,/content/drive/MyDrive/CD2_DSA/raw/val/images/312070_20210914_3_0_0_3_2_11_0_193.jpg,0,0
308411_20210914_3_0_0_3_2_11_0_311,/content/drive/MyDrive/CD2_DSA/raw/val/images/308411_20210914_3_0_0_3_2_11_0_311.jpg,0,0
307678_20210914_3_0_0_3_2_11_0_278,/content/drive/MyDrive/CD2_DSA/raw/val/images/307678_20210914_3_0_0_3_2_11_0_278.jpg,0,0
304305_20210913_3_0_0_3_2_11_0_542,/content/drive/MyDrive/CD2_DSA/raw/val/images/304305_20210913_3_0_0_3_2_11_0_542.jpg,0,0
106232_20210624_3_0_0_1_2_13_0_29,/content/drive/MyDrive/CD2_DSA/raw/val/images/106232_20210624_3_0_0_1_2_13_0_29.jpg,0,0
311752_20210803_3_0_0_3_2_11_0_84,/content/drive/MyDrive/CD2_DSA/raw/val/images/311752_20210803_3_0_0_3_2_11_0_84.jpg,0,0
16089_20210706_3_1_a9_3_2_13_2_99,/content/drive/MyDrive/CD2_DSA/raw/val/images/16089_20210706_3_1_a9_3_2_13_2_99.jpg,1,1
3766_20210622_3_1_a9_3_2_13_3_44,/content/drive/MyDrive/CD2_DSA/raw/val/images/3766_20210622_3_1_a9_3_2_13_3_44.jpg,1,1
308652_20210914_3_0_0_5_2_11_0_129,/content/drive/MyDrive/CD2_DSA/raw/val/images/308652_20210914_3_0_0_5_2_11_0_129.jpg,0,0
11887_20210624_3_0_0_1_2_13_0_133,/content/drive/MyDrive/CD2_DSA/raw/val/images/11887_20210624_3_0_0_1_2_13_0_133.jpg,0,0
95260_20210624_3_0_0_1_2_13_0_81,/content/drive/MyDrive/CD2_DSA/raw/val/images/95260_20210624_3_0_0_1_2_13_0_81.jpg,0,0
3872_20210622_3_1_a9_3_2_13_2_3,/content/drive/MyDrive/CD2_DSA/raw/val/images/3872_20210622_3_1_a9_3_2_13_2_3.jpg,1,1
16819_20210713_3_1_a9_3_2_13_3_81,/content/drive/MyDrive/CD2_DSA/raw/val/images/16819_20210713_3_1_a9_3_2_13_3_81.jpg,1,1
15812_20210622_3_1_a9_3_2_13_2_53,/content/drive/MyDrive/CD2_DSA/raw/val/images/15812_20210622_3_1_a9_3_2_13_2_53.jpg,1,1
308156_20210914_3_0_0_3_2_11_0_56,/content/drive/MyDrive/CD2_DSA/raw/val/images/308156_20210914_3_0_0_3_2_11_0_56.jpg,0,0
10550_20210624_3_0_0_3_2_13_0_56,/content/drive/MyDrive/CD2_DSA/raw/val/images/10550_20210624_3_0_0_3_2_13_0_56.jpg,0,0
10398_20210624_3_0_0_1_2_13_0_0,/content/drive/MyDrive/CD2_DSA/raw/val/images/10398_20210624_3_0_0_1_2_13_0_0.jpg,0,0
16028_20210706_3_1_a9_3_2_13_2_38,/content/drive/MyDrive/CD2_DSA/raw/val/images/16028_20210706_3_1_a9_3_2_13_2_38.jpg,1,0
16916_20210622_3_1_a9_3_2_13_2_6,/content/drive/MyDrive/CD2_DSA/raw/val/images/16916_20210622_3_1_a9_3_2_13_2_6.jpg,1,1
308419_20210914_3_0_0_3_2_11_0_319,/content/drive/MyDrive/CD2_DSA/raw/val/images/308419_20210914_3_0_0_3_2_11_0_319.jpg,0,0
308484_20210914_3_0_0_3_2_11_0_384,/content/drive/MyDrive/CD2_DSA/raw/val/images/308484_20210914_3_0_0_3_2_11_0_384.jpg,0,0
16898_20210622_3_1_a9_3_2_13_1_58,/content/drive/MyDrive/CD2_DSA/raw/val/images/16898_20210622_3_1_a9_3_2_13_1_58.jpg,1,1
929_20210622_3_1_a9_3_2_13_3_127,/content/drive/MyDrive/CD2_DSA/raw/val/images/929_20210622_3_1_a9_3_2_13_3_127.jpg,1,0
83232_20210624_3_0_0_1_2_13_0_145,/content/drive/MyDrive/CD2_DSA/raw/val/images/83232_20210624_3_0_0_1_2_13_0_145.jpg,0,0
917_20210622_3_1_a9_3_2_13_3_115,/content/drive/MyDrive/CD2_DSA/raw/val/images/917_20210622_3_1_a9_3_2_13_3_115.jpg,1,1
16422_20210706_3_1_a9_3_2_13_2_338,/content/drive/MyDrive/CD2_DSA/raw/val/images/16422_20210706_3_1_a9_3_2_13_2_338.jpg,1,1
6807_20210624_3_0_0_1_2_13_0_32,/content/drive/MyDrive/CD2_DSA/raw/val/images/6807_20210624_3_0_0_1_2_13_0_32.jpg,0,0
5260_20210622_3_1_a9_3_2_13_2_136,/content/drive/MyDrive/CD2_DSA/raw/val/images/5260_20210622_3_1_a9_3_2_13_2_136.jpg,1,1
307679_20210914_3_0_0_3_2_11_0_279,/content/drive/MyDrive/CD2_DSA/raw/val/images/307679_20210914_3_0_0_3_2_11_0_279.jpg,0,0
311755_20210803_3_0_0_3_2_11_0_87,/content/drive/MyDrive/CD2_DSA/raw/val/images/311755_20210803_3_0_0_3_2_11_0_87.jpg,0,0
16954_20210622_3_1_a9_3_2_13_1_75,/content/drive/MyDrive/CD2_DSA/raw/val/images/16954_20210622_3_1_a9_3_2_13_1_75.jpg,1,1
7131_20210624_3_0_0_1_2_13_0_175,/content/drive/MyDrive/CD2_DSA/raw/val/images/7131_20210624_3_0_0_1_2_13_0_175.jpg,0,0
68527_20210624_3_0_0_2_2_13_0_37,/content/drive/MyDrive/CD2_DSA/raw/val/images/68527_20210624_3_0_0_2_2_13_0_37.jpg,0,0
16535_20210706_3_1_a9_3_2_13_3_50,/content/drive/MyDrive/CD2_DSA/raw/val/images/16535_20210706_3_1_a9_3_2_13_3_50.jpg,1,0
6492_20210622_3_1_a9_3_2_13_1_120,/content/drive/MyDrive/CD2_DSA/raw/val/images/6492_20210622_3_1_a9_3_2_13_1_120.jpg,1,0
16063_20210706_3_1_a9_3_2_13_2_73,/content/drive/MyDrive/CD2_DSA/raw/val/images/16063_20210706_3_1_a9_3_2_13_2_73.jpg,1,1
